skill,from_level,to_level,note,option_rank,recipe_key,recipe_name,crafter,crafts,xp_per_craft,total_xp,material_burden,materials,materials_tree,synergy_support
skill_blacksmithing,25,26,,1,recipe_item_material_steel_axe_blade,Steel Axe Head,,25,87.0,2175.0,93.33,Pure Iron Ore-4280; Sapwood-85600,"Steel Axe Head x25 (final)
      - Gather Pure Iron Ore x4180
        - Gather Sapwood x83600
      - External craft (skill_building) via Basic Charcoal Kiln Charcoal x1672 -> Charcoal x41800 (1672 crafts)
    - Craft via Furnace Steel Ingot x209 -> Steel Ingot x2084 (209 crafts)
  - Craft via Forge Steel Sheet x1042 -> Steel Sheet x125 (~1042 attempts @ 12.0%)
    - Gather Pure Iron Ore x100
      - Gather Sapwood x2000
    - External craft (skill_building) via Basic Charcoal Kiln Charcoal x40 -> Charcoal x1000 (40 crafts)
  - Craft via Furnace Steel Ingot x5 -> Steel Ingot x50 (5 crafts)
- Craft Steel Axe Head x25 (final)",
skill_blacksmithing,25,26,,2,recipe_item_material_steel_bar,Steel Bar,,486,292.0,141912.0,1275.75,Pure Iron Ore-4860; Sapwood-97200,"Steel Bar x486 (final)
    - Gather Pure Iron Ore x4860
      - Gather Sapwood x97200
    - External craft (skill_building) via Basic Charcoal Kiln Charcoal x1944 -> Charcoal x48600 (1944 crafts)
  - Craft via Furnace Steel Ingot x243 -> Steel Ingot x2430 (243 crafts)
- Craft Steel Bar x486 (final)",
skill_blacksmithing,25,26,,3,recipe_item_material_wrought_iron_studs,Wrought Iron Studs,,360,366.0,131760.0,144.00,Impure Iron Ore-2720; Sapwood-14500,"Wrought Iron Studs x360 (final)
        - Gather Impure Iron Ore x2720
          - Gather Sapwood x10900
        - External craft (skill_building) via Basic Charcoal Kiln Charcoal x218 -> Charcoal x5440 (218 crafts)
      - Craft via Basic Furnace Iron Ingot x68 -> Iron Ingot x1350 (68 crafts)
        - Gather Sapwood x3600
      - External craft (skill_building) via Basic Charcoal Kiln Charcoal x72 -> Charcoal x1800 (72 crafts)
    - Craft via Basic Furnace Wrought Iron Ingot x45 -> Wrought Iron Ingot x900 (45 crafts)
  - Craft via Basic Forge Wrought Iron Bar x180 -> Wrought Iron Bar x360 (180 crafts)
- Craft Wrought Iron Studs x360 (final)",
skill_blacksmithing,26,27,,1,recipe_item_material_steel_axe_blade,Steel Axe Head,,35,87.0,3045.0,130.67,Pure Iron Ore-3840; Sapwood-76800,"Steel Axe Head x35 (final)
      - Gather Pure Iron Ore x3700
        - Gather Sapwood x74000
      - External craft (skill_building) via Basic Charcoal Kiln Charcoal x1480 -> Charcoal x37000 (1480 crafts)
    - Craft via Furnace Steel Ingot x185 -> Steel Ingot x1844 (185 crafts)
  - Craft via Forge Steel Sheet x922 -> Steel Sheet x175 (~922 attempts @ 19.0%)
    - Gather Pure Iron Ore x140
      - Gather Sapwood x2800
    - External craft (skill_building) via Basic Charcoal Kiln Charcoal x56 -> Charcoal x1400 (56 crafts)
  - Craft via Furnace Steel Ingot x7 -> Steel Ingot x70 (7 crafts)
- Craft Steel Axe Head x35 (final)",
skill_blacksmithing,26,27,,2,recipe_item_material_wrought_iron_arrowhead,Wrought Iron Arrowhead,,430,408.0,175440.0,860.00,Impure Iron Ore-6480; Sapwood-34600,"Wrought Iron Arrowhead x430 (final)
      - Gather Impure Iron Ore x6480
        - Gather Sapwood x25950
      - External craft (skill_building) via Basic Charcoal Kiln Charcoal x519 -> Charcoal x12960 (519 crafts)
    - Craft via Basic Furnace Iron Ingot x162 -> Iron Ingot x3240 (162 crafts)
      - Gather Sapwood x8650
    - External craft (skill_building) via Basic Charcoal Kiln Charcoal x173 -> Charcoal x4320 (173 crafts)
  - Craft via Basic Furnace Wrought Iron Ingot x108 -> Wrought Iron Ingot x2150 (108 crafts)
- Craft Wrought Iron Arrowhead x430 (final)",
skill_blacksmithing,26,27,,3,recipe_item_material_wrought_iron_studs,Wrought Iron Studs,,466,351.0,163566.0,186.40,Impure Iron Ore-3560; Sapwood-19000,"Wrought Iron Studs x466 (final)
        - Gather Impure Iron Ore x3560
          - Gather Sapwood x14250
        - External craft (skill_building) via Basic Charcoal Kiln Charcoal x285 -> Charcoal x7120 (285 crafts)
      - Craft via Basic Furnace Iron Ingot x89 -> Iron Ingot x1770 (89 crafts)
        - Gather Sapwood x4750
      - External craft (skill_building) via Basic Charcoal Kiln Charcoal x95 -> Charcoal x2360 (95 crafts)
    - Craft via Basic Furnace Wrought Iron Ingot x59 -> Wrought Iron Ingot x1165 (59 crafts)
  - Craft via Basic Forge Wrought Iron Bar x233 -> Wrought Iron Bar x466 (233 crafts)
- Craft Wrought Iron Studs x466 (final)",
skill_cooking,19,20,,1,recipe_activatable_drink_herbal_tea_hpregen_1,Dandelion Herb Infusion,,166,304.0,50464.0,259.73,Water-830; Dandelion-830; Rosemary-332,"Dandelion Herb Infusion x166 (final)
  - Gather Water x830
  - Gather Dandelion x830
  - Gather Rosemary x332
- Craft Dandelion Herb Infusion x166 (final)",
skill_cooking,19,20,,2,recipe_activatable_foodcooked_stew_resistancebuff_17,Homely Stew,,172,293.0,50396.0,190.36,Enoki-172; Deer Carcass-172; Yellow Onion-172,"Homely Stew x172 (final)
  - Gather Yellow Onion x172
    - Gather Deer Carcass x172
  - External craft (skill_charcuterie) via Basic Butcher's Workbench Parted Deer x172 -> Deer Neck Meat x172 (172 crafts)
  - Gather Enoki x172
- Craft Homely Stew x172 (final)",Butchering -> Deer Neck Meat x172; Butchering -> Meat Chunks x688; Butchering -> Suet x688; Butchering -> Bone Fragments x1720
skill_cooking,19,20,,3,recipe_activatable_foodcooked_stew_resistancebuff_29,Shank Stew,,162,310.0,50220.0,452.20,Black Trumpet-162; Boar Carcass-81; Deer Carcass-324; Yellow Onion-162,"Shank Stew x162 (final)
    - Gather Deer Carcass x324
  - External craft (skill_charcuterie) via Butcher's Workbench Well Parted Deer x324 -> Deer Flank Meat x324 (324 crafts)
  - Gather Yellow Onion x162
    - Gather Boar Carcass x81
  - External craft (skill_charcuterie) via Campfire Poorly Parted Boar x81 -> Boar Shank Meat x162 (81 crafts)
  - Gather Black Trumpet x162
- Craft Shank Stew x162 (final)",Butchering -> Deer Flank Meat x324; Butchering -> Suet x1296; Butchering -> Bone Fragments x3240
skill_tailoring,17,18,,1,recipe_wearable_cloth_legs_rp_pants_01_bright,Ivorylace Hose,,2,289.0,578.0,9.91,Wool Fiber-20; Bone Fragments-2; Aurum Ore-80; Cotton Fiber-3960; Flax Fiber-120; Sapwood-350,"Ivorylace Hose x2 (final)
      - Gather Flax Fiber x120
    - Craft via Spinning Wheel Linen String x4 -> Linen String x40 (4 crafts)
  - Craft via Simple Loom Linen Cloth x1 -> Linen Cloth x4 (1 craft)
    - Gather Wool Fiber x20
  - Craft via Spinning Wheel Wool Yarn x1 -> Wool Yarn x4 (1 craft)
    - Gather Bone Fragments x2
  - Craft via Simple Tailoring Table Sewing Needles x1 -> Sewing Needles x2 (1 craft)
      - Gather Aurum Ore x80
        - Gather Sapwood x350
      - External craft (skill_building) via Basic Charcoal Kiln Charcoal x7 -> Charcoal x160 (7 crafts)
    - External craft (skill_blacksmithing) via Furnace Aurum Ingot x8 -> Aurum Ingot x40 (8 crafts)
      - Gather Cotton Fiber x3960
    - Craft via Spinning Wheel Cotton Cord x99 -> Cotton Cord x800 (~99 attempts @ 81.0%)
  - Craft via Tailoring Table Aurum Thread x40 -> Aurum Thread x16 (~40 attempts @ 4.0%)
- Craft Ivorylace Hose x2 (final)",
skill_tailoring,17,18,,2,recipe_item_material_hardened_corded_padding_linen,Corded Linen Padding,,75,228.0,17100.0,1070.88,Water-300; Animal Hoof-1500; Flax Fiber-15750,"Corded Linen Padding x75 (final)
      - Gather Flax Fiber x4500
    - Craft via Spinning Wheel Linen String x150 -> Linen String x1500 (150 crafts)
  - Craft via Loom Fine Linen Cloth x30 -> Fine Linen Cloth x150 (30 crafts)
    - Gather Flax Fiber x11250
  - Craft via Spinning Wheel Linen String x375 -> Linen String x3750 (375 crafts)
    - Gather Animal Hoof x1500
    - Gather Water x300
  - External craft (skill_leatherworking) via Simple Leatherworking Table Glue x150 -> Glue x750 (150 crafts)
- Craft Corded Linen Padding x75 (final)",Leatherworking -> Glue x750
skill_tailoring,17,18,,3,recipe_item_material_horn_pins_and_needles,Horn Needles,,604,28.0,16912.0,36.84,Antler-604,"Horn Needles x604 (final)
  - Gather Antler x604
- Craft Horn Needles x604 (final)",
skill_leatherworking,19,20,,1,recipe_wearable_leather_chest_templar_as_t4_common,Vanguard's Surcoat of Divine Fervor IV (Common),,1,81.0,81.0,25.70,Water-991; Antler-2; Animal Hoof-30; Suet-20; Rough Animal Hide-1060; Copper Ore-40; Tin Ore-40; Cotton Fiber-240; Flax Seeds-50; Limestone-500; Sapwood-700,"Vanguard's Surcoat of Divine Fervor IV (Common) x1 (final)
          - Gather Rough Animal Hide x1040
            - Gather Limestone x260
            - Gather Sapwood x260
          - External craft (skill_blacksmithing) via Basic Charcoal Kiln Lime x52 -> Lime x520 (52 crafts)
          - Gather Water x520
        - Craft via Simple Tanning Rack Inferior Leather x104 -> Inferior Leather x1035 (104 crafts)
          - Gather Limestone x175
          - Gather Sapwood x175
        - External craft (skill_blacksmithing) via Basic Charcoal Kiln Lime x35 -> Lime x345 (35 crafts)
        - Gather Water x345
      - Craft via Tanning Rack Boiled Leather x69 -> Boiled Leather x345 (69 crafts)
        - Gather Limestone x60
        - Gather Sapwood x60
      - External craft (skill_blacksmithing) via Basic Charcoal Kiln Lime x12 -> Lime x115 (12 crafts)
      - Gather Water x115
    - Craft via Tanning Rack Fine Leather x23 -> Fine Leather x229 (23 crafts)
  - Craft via Leatherworking Table Medium Top Grain Leather x229 -> Medium Top Grain Leather x16 (~229 attempts @ 7.0%)
        - Gather Cotton Fiber x120
      - External craft (skill_tailoring) via Spinning Wheel Cotton Cord x3 -> Cotton Cord x25 (~3 attempts @ 88.0%)
    - External craft (skill_tailoring) via Simple Loom Coarse Cotton Cloth x1 -> Coarse Cotton Cloth x4 (1 craft)
      - Gather Cotton Fiber x120
    - External craft (skill_tailoring) via Spinning Wheel Cotton Cord x3 -> Cotton Cord x20 (~3 attempts @ 88.0%)
      - Gather Antler x2
    - External craft (skill_tailoring) via Tailoring Table Horn Needles x2 -> Horn Needles x10 (2 crafts)
  - External craft (skill_tailoring) via Tailoring Table Cotton Wadding x2 -> Cotton Wadding x1 (~2 attempts @ 88.0%)
        - Gather Tin Ore x20
        - Gather Copper Ore x20
        - Gather Sapwood x100
      - External craft (skill_blacksmithing) via Basic Furnace Bronze Ingot x1 -> Bronze Ingot x5 (1 craft)
    - External craft (skill_blacksmithing) via Basic Forge Bronze Bar x1 -> Bronze Bar x1 (1 craft)
  - External craft (skill_blacksmithing) via Basic Forge Bronze Studs x1 -> Bronze Studs x60 (1 craft)
        - Gather Rough Animal Hide x10
          - Gather Limestone x5
          - Gather Sapwood x5
        - External craft (skill_blacksmithing) via Basic Charcoal Kiln Lime x1 -> Lime x5 (1 craft)
        - Gather Water x5
      - Craft via Simple Tanning Rack Inferior Leather x1 -> Inferior Leather x2 (1 craft)
    - Craft via Leatherworking Table Heavy Top Grain Leather x2 -> Heavy Top Grain Leather x2 (2 crafts)
      - Gather Animal Hoof x20
      - Gather Water x4
    - Craft via Simple Leatherworking Table Glue x2 -> Glue x10 (2 crafts)
  - Craft via Leatherworking Table Leather Pads x2 -> Leather Pads x3 (~2 attempts @ 88.0%)
            - Gather Rough Animal Hide x10
          - Craft via Simple Tanning Rack Rawhide x1 -> Rawhide x1 (1 craft)
        - Craft via Simple Leatherworking Table Nubuck Leather x1 -> Nubuck Leather x1 (1 craft)
      - Craft via Simple Leatherworking Table Coarse Leather Band x1 -> Coarse Leather Band x2 (1 craft)
            - Gather Tin Ore x20
            - Gather Copper Ore x20
            - Gather Sapwood x100
          - External craft (skill_blacksmithing) via Basic Furnace Bronze Ingot x1 -> Bronze Ingot x10 (1 craft)
        - External craft (skill_blacksmithing) via Basic Forge Bronze Sheet x5 -> Bronze Sheet x5 (5 crafts)
      - External craft (skill_blacksmithing) via Basic Forge Bronze Buckle x1 -> Bronze Buckle x1 (1 craft)
    - Craft via Simple Leatherworking Table Rough Leather Straps x1 -> Rough Leather Straps x1 (1 craft)
      - Gather Animal Hoof x10
      - Gather Water x2
    - Craft via Simple Leatherworking Table Glue x1 -> Glue x1 (1 craft)
  - Craft via Simple Leatherworking Table Weapons Belt x1 -> Weapons Belt x1 (1 craft)
    - Gather Flax Seeds x50
      - Gather Suet x20
    - External craft (skill_cooking) via Basic Cooking Hearth Tallow x10 -> Tallow x50 (10 crafts)
  - Craft via Leatherworking Table Linseed Oil x5 -> Linseed Oil x5 (5 crafts)
- Craft Vanguard's Surcoat of Divine Fervor IV (Common) x1 (final)",Blacksmithing -> Bronze Bar x1; Blacksmithing -> Bronze Buckle x25; Blacksmithing -> Bronze Sheet x5; Blacksmithing -> Bronze Studs x200; Cooking -> Tallow x50; Tailoring -> Cotton Cord x60; Tailoring -> Cotton Wadding x2; Tailoring -> Horn Needles x10
skill_leatherworking,19,20,,2,recipe_item_material_leather_generic_fur_fine,Fine Fur,,56,234.0,13104.0,13.44,Animal Hide-56,"Fine Fur x56 (final)
  - Gather Animal Hide x56
- Craft Fine Fur x56 (final)",
skill_leatherworking,19,20,,3,recipe_item_raw_material_medium_animal_hide_from_large,Animal Hide,,57,227.0,12939.0,11.40,Large Animal Hide-57,"Animal Hide x57 (final)
  - Gather Large Animal Hide x57
- Craft Animal Hide x57 (final)",
skill_armor_smithing,10,11,,1,recipe_wearable_metal_head_warrior_qr_t2_common,Warrior's Helm of Second Breath II (Common),,47,208.0,9776.0,488.33,Rough Animal Hide-10; Copper Ore-40; Impure Iron Ore-1920; Tin Ore-40; Sapwood-7950,"Warrior's Helm of Second Breath II (Common) x47 (final)
      - Gather Impure Iron Ore x1880
        - Gather Sapwood x7550
      - External craft (skill_building) via Basic Charcoal Kiln Charcoal x151 -> Charcoal x3760 (151 crafts)
    - External craft (skill_blacksmithing) via Basic Furnace Iron Ingot x47 -> Iron Ingot x940 (47 crafts)
  - External craft (skill_blacksmithing) via Basic Forge Iron Sheet x470 -> Iron Sheet x470 (470 crafts)
        - Gather Rough Animal Hide x10
      - External craft (skill_leatherworking) via Simple Tanning Rack Rawhide x1 -> Rawhide x10 (1 craft)
    - External craft (skill_leatherworking) via Simple Leatherworking Table Nubuck Leather x10 -> Nubuck Leather x10 (10 crafts)
  - External craft (skill_leatherworking) via Simple Leatherworking Table Coarse Leather Band x10 -> Coarse Leather Band x188 (10 crafts)
        - Gather Tin Ore x40
        - Gather Copper Ore x40
        - Gather Sapwood x200
      - External craft (skill_blacksmithing) via Basic Furnace Bronze Ingot x2 -> Bronze Ingot x40 (2 crafts)
    - External craft (skill_blacksmithing) via Basic Forge Bronze Sheet x20 -> Bronze Sheet x20 (20 crafts)
  - External craft (skill_blacksmithing) via Basic Forge Bronze Buckle x4 -> Bronze Buckle x94 (4 crafts)
        - Gather Impure Iron Ore x40
          - Gather Sapwood x200
        - External craft (skill_building) via Basic Charcoal Kiln Charcoal x4 -> Charcoal x80 (4 crafts)
      - External craft (skill_blacksmithing) via Basic Furnace Iron Ingot x1 -> Iron Ingot x15 (1 craft)
    - External craft (skill_blacksmithing) via Basic Forge Iron Bar x3 -> Iron Bar x5 (3 crafts)
  - External craft (skill_blacksmithing) via Basic Forge Iron Studs x5 -> Iron Studs x940 (5 crafts)
- Craft Warrior's Helm of Second Breath II (Common) x47 (final)",Blacksmithing -> Bronze Buckle x100; Blacksmithing -> Bronze Sheet x20; Blacksmithing -> Iron Bar x6; Blacksmithing -> Iron Sheet x470; Blacksmithing -> Iron Studs x1000; Leatherworking -> Coarse Leather Band x200; Leatherworking -> Nubuck Leather x10
skill_armor_smithing,10,11,,2,recipe_wearable_metal_head_ironside_f_t2_common,Ironside's Helm of Warcry II (Common),,47,208.0,9776.0,488.33,Rough Animal Hide-10; Copper Ore-40; Impure Iron Ore-1920; Tin Ore-40; Sapwood-7950,"Ironside's Helm of Warcry II (Common) x47 (final)
      - Gather Impure Iron Ore x1880
        - Gather Sapwood x7550
      - External craft (skill_building) via Basic Charcoal Kiln Charcoal x151 -> Charcoal x3760 (151 crafts)
    - External craft (skill_blacksmithing) via Basic Furnace Iron Ingot x47 -> Iron Ingot x940 (47 crafts)
  - External craft (skill_blacksmithing) via Basic Forge Iron Sheet x470 -> Iron Sheet x470 (470 crafts)
        - Gather Rough Animal Hide x10
      - External craft (skill_leatherworking) via Simple Tanning Rack Rawhide x1 -> Rawhide x10 (1 craft)
    - External craft (skill_leatherworking) via Simple Leatherworking Table Nubuck Leather x10 -> Nubuck Leather x10 (10 crafts)
  - External craft (skill_leatherworking) via Simple Leatherworking Table Coarse Leather Band x10 -> Coarse Leather Band x188 (10 crafts)
        - Gather Tin Ore x40
        - Gather Copper Ore x40
        - Gather Sapwood x200
      - External craft (skill_blacksmithing) via Basic Furnace Bronze Ingot x2 -> Bronze Ingot x40 (2 crafts)
    - External craft (skill_blacksmithing) via Basic Forge Bronze Sheet x20 -> Bronze Sheet x20 (20 crafts)
  - External craft (skill_blacksmithing) via Basic Forge Bronze Buckle x4 -> Bronze Buckle x94 (4 crafts)
        - Gather Impure Iron Ore x40
          - Gather Sapwood x200
        - External craft (skill_building) via Basic Charcoal Kiln Charcoal x4 -> Charcoal x80 (4 crafts)
      - External craft (skill_blacksmithing) via Basic Furnace Iron Ingot x1 -> Iron Ingot x15 (1 craft)
    - External craft (skill_blacksmithing) via Basic Forge Iron Bar x3 -> Iron Bar x5 (3 crafts)
  - External craft (skill_blacksmithing) via Basic Forge Iron Studs x5 -> Iron Studs x940 (5 crafts)
- Craft Ironside's Helm of Warcry II (Common) x47 (final)",Blacksmithing -> Bronze Buckle x100; Blacksmithing -> Bronze Sheet x20; Blacksmithing -> Iron Bar x6; Blacksmithing -> Iron Sheet x470; Blacksmithing -> Iron Studs x1000; Leatherworking -> Coarse Leather Band x200; Leatherworking -> Nubuck Leather x10
skill_armor_smithing,10,11,,3,recipe_wearable_metal_arms_pilgrim_0_t2_common,Pilgrim's Vambraces II (Common),,54,180.0,9720.0,457.02,Rough Animal Hide-10; Copper Ore-60; Impure Iron Ore-1120; Tin Ore-60; Sapwood-4850,"Pilgrim's Vambraces II (Common) x54 (final)
      - Gather Impure Iron Ore x1080
        - Gather Sapwood x4350
      - External craft (skill_building) via Basic Charcoal Kiln Charcoal x87 -> Charcoal x2160 (87 crafts)
    - External craft (skill_blacksmithing) via Basic Furnace Iron Ingot x27 -> Iron Ingot x540 (27 crafts)
  - External craft (skill_blacksmithing) via Basic Forge Iron Sheet x270 -> Iron Sheet x270 (270 crafts)
        - Gather Rough Animal Hide x10
      - External craft (skill_leatherworking) via Simple Tanning Rack Rawhide x1 -> Rawhide x6 (1 craft)
    - External craft (skill_leatherworking) via Simple Leatherworking Table Nubuck Leather x6 -> Nubuck Leather x6 (6 crafts)
  - External craft (skill_leatherworking) via Simple Leatherworking Table Coarse Leather Band x6 -> Coarse Leather Band x108 (6 crafts)
        - Gather Tin Ore x60
        - Gather Copper Ore x60
        - Gather Sapwood x300
      - External craft (skill_blacksmithing) via Basic Furnace Bronze Ingot x3 -> Bronze Ingot x50 (3 crafts)
    - External craft (skill_blacksmithing) via Basic Forge Bronze Sheet x25 -> Bronze Sheet x25 (25 crafts)
  - External craft (skill_blacksmithing) via Basic Forge Bronze Buckle x5 -> Bronze Buckle x108 (5 crafts)
        - Gather Impure Iron Ore x40
          - Gather Sapwood x200
        - External craft (skill_building) via Basic Charcoal Kiln Charcoal x4 -> Charcoal x80 (4 crafts)
      - External craft (skill_blacksmithing) via Basic Furnace Iron Ingot x1 -> Iron Ingot x15 (1 craft)
    - External craft (skill_blacksmithing) via Basic Forge Iron Bar x3 -> Iron Bar x6 (3 crafts)
  - External craft (skill_blacksmithing) via Basic Forge Iron Studs x6 -> Iron Studs x1080 (6 crafts)
- Craft Pilgrim's Vambraces II (Common) x54 (final)",Blacksmithing -> Bronze Buckle x125; Blacksmithing -> Bronze Sheet x25; Blacksmithing -> Iron Bar x6; Blacksmithing -> Iron Sheet x270; Blacksmithing -> Iron Studs x1200; Leatherworking -> Coarse Leather Band x120; Leatherworking -> Nubuck Leather x6
skill_jewelerycrafting,10,11,,1,recipe_wearable_jewellery_bracelet_poor_9,Small Silver Bracelet (Poor),,3,274.0,822.0,1.20,Impure Iron Ore-80; Sapwood-450,"Small Silver Bracelet (Poor) x3 (final)
      - Gather Impure Iron Ore x80
        - Gather Sapwood x350
      - External craft (skill_building) via Basic Charcoal Kiln Charcoal x7 -> Charcoal x160 (7 crafts)
    - External craft (skill_blacksmithing) via Basic Furnace Iron Ingot x2 -> Iron Ingot x30 (2 crafts)
      - Gather Sapwood x100
    - External craft (skill_building) via Basic Charcoal Kiln Charcoal x2 -> Charcoal x40 (2 crafts)
  - External craft (skill_blacksmithing) via Basic Furnace Wrought Iron Ingot x1 -> Wrought Iron Ingot x3 (1 craft)
- Craft Small Silver Bracelet (Poor) x3 (final)",
skill_jewelerycrafting,10,11,,2,recipe_wearable_jewellery_bracelet_common_7,Shiny Silver Bracelet (Common),,4,178.0,712.0,1.60,Impure Iron Ore-80; Sapwood-450,"Shiny Silver Bracelet (Common) x4 (final)
      - Gather Impure Iron Ore x80
        - Gather Sapwood x350
      - External craft (skill_building) via Basic Charcoal Kiln Charcoal x7 -> Charcoal x160 (7 crafts)
    - External craft (skill_blacksmithing) via Basic Furnace Iron Ingot x2 -> Iron Ingot x30 (2 crafts)
      - Gather Sapwood x100
    - External craft (skill_building) via Basic Charcoal Kiln Charcoal x2 -> Charcoal x40 (2 crafts)
  - External craft (skill_blacksmithing) via Basic Furnace Wrought Iron Ingot x1 -> Wrought Iron Ingot x4 (1 craft)
- Craft Shiny Silver Bracelet (Common) x4 (final)",
skill_jewelerycrafting,10,11,,3,recipe_wearable_jewellery_earring_common_3,Slender Bronze Earring (Common),,4,162.0,648.0,0.83,Copper Ore-20; Sapwood-100,"Slender Bronze Earring (Common) x4 (final)
    - Gather Copper Ore x20
      - Gather Sapwood x100
    - External craft (skill_building) via Basic Charcoal Kiln Charcoal x2 -> Charcoal x30 (2 crafts)
  - External craft (skill_blacksmithing) via Basic Furnace Copper Ingot x1 -> Copper Ingot x4 (1 craft)
- Craft Slender Bronze Earring (Common) x4 (final)",
skill_blacksmithing,27,28,,1,recipe_item_vial_large,Large Vial,,445,422.0,187790.0,4450.00,Sand-55650; Sapwood-66800,"Large Vial x445 (final)
    - Gather Sand x55650
      - Gather Sapwood x66800
    - External craft (skill_building) via Basic Charcoal Kiln Charcoal x1336 -> Charcoal x33390 (1336 crafts)
  - External craft (skill_building) via Furnace Glass x1113 -> Glass x11125 (1113 crafts)
- Craft Large Vial x445 (final)",
skill_blacksmithing,27,28,,2,recipe_item_material_steel_bar,Steel Bar,,461,407.0,187627.0,1210.12,Pure Iron Ore-4620; Sapwood-92400,"Steel Bar x461 (final)
    - Gather Pure Iron Ore x4620
      - Gather Sapwood x92400
    - External craft (skill_building) via Basic Charcoal Kiln Charcoal x1848 -> Charcoal x46200 (1848 crafts)
  - Craft via Furnace Steel Ingot x231 -> Steel Ingot x2305 (231 crafts)
- Craft Steel Bar x461 (final)",
skill_blacksmithing,27,28,,3,recipe_item_material_wrought_iron_arrowhead,Wrought Iron Arrowhead,,452,415.0,187580.0,904.00,Impure Iron Ore-6800; Sapwood-36250,"Wrought Iron Arrowhead x452 (final)
      - Gather Impure Iron Ore x6800
        - Gather Sapwood x27200
      - External craft (skill_building) via Basic Charcoal Kiln Charcoal x544 -> Charcoal x13600 (544 crafts)
    - Craft via Basic Furnace Iron Ingot x170 -> Iron Ingot x3390 (170 crafts)
      - Gather Sapwood x9050
    - External craft (skill_building) via Basic Charcoal Kiln Charcoal x181 -> Charcoal x4520 (181 crafts)
  - Craft via Basic Furnace Wrought Iron Ingot x113 -> Wrought Iron Ingot x2260 (113 crafts)
- Craft Wrought Iron Arrowhead x452 (final)",
skill_alchemy,12,13,,1,recipe_activatable_potion_hp_regeneration_very_small_21,Weak Healing Potion III,,58,238.0,13804.0,203.63,Water-466; Tansy-60; Sand-3480; Sapwood-3550,"Weak Healing Potion III x58 (final)
    - Gather Tansy x60
      - Gather Sapwood x50
    - External craft (skill_building) via Basic Charcoal Kiln Charcoal x1 -> Charcoal x24 (1 craft)
    - Gather Water x60
  - Craft via Basic Reagent Distiller Tansy Extract x12 -> Tansy Extract x116 (12 crafts)
  - Gather Water x406
      - Gather Sand x3480
        - Gather Sapwood x3500
      - External craft (skill_building) via Basic Charcoal Kiln Charcoal x70 -> Charcoal x1740 (70 crafts)
    - External craft (skill_building) via Basic Furnace Rough Glass x87 -> Rough Glass x870 (87 crafts)
  - External craft (skill_blacksmithing) via Basic Forge Small Vial x58 -> Small Vial x290 (58 crafts)
- Craft Weak Healing Potion III x58 (final)",Blacksmithing -> Small Vial x290
skill_alchemy,12,13,,2,recipe_activatable_potion_hp_potion_very_small_20,Weak Health Tonic III,,58,238.0,13804.0,204.59,Water-466; Lavender-60; Sand-3480; Sapwood-3550,"Weak Health Tonic III x58 (final)
    - Gather Lavender x60
      - Gather Sapwood x50
    - External craft (skill_building) via Basic Charcoal Kiln Charcoal x1 -> Charcoal x24 (1 craft)
    - Gather Water x60
  - Craft via Basic Reagent Distiller Lavender Extract x12 -> Lavender Extract x116 (12 crafts)
  - Gather Water x406
      - Gather Sand x3480
        - Gather Sapwood x3500
      - External craft (skill_building) via Basic Charcoal Kiln Charcoal x70 -> Charcoal x1740 (70 crafts)
    - External craft (skill_building) via Basic Furnace Rough Glass x87 -> Rough Glass x870 (87 crafts)
  - External craft (skill_blacksmithing) via Basic Forge Small Vial x58 -> Small Vial x290 (58 crafts)
- Craft Weak Health Tonic III x58 (final)",Blacksmithing -> Small Vial x290
skill_alchemy,12,13,,3,recipe_activatable_potion_arcance_resistance_very_small_23,Poison Resistance I,,58,238.0,13804.0,205.56,Amanita Regalis-60; Water-466; Sand-3480; Sapwood-3550,"Poison Resistance I x58 (final)
    - Gather Amanita Regalis x60
      - Gather Sapwood x50
    - External craft (skill_building) via Basic Charcoal Kiln Charcoal x1 -> Charcoal x24 (1 craft)
    - Gather Water x60
  - Craft via Basic Reagent Distiller Amanita Regalis Extract x12 -> Amanita Regalis Extract x116 (12 crafts)
  - Gather Water x406
      - Gather Sand x3480
        - Gather Sapwood x3500
      - External craft (skill_building) via Basic Charcoal Kiln Charcoal x70 -> Charcoal x1740 (70 crafts)
    - External craft (skill_building) via Basic Furnace Rough Glass x87 -> Rough Glass x870 (87 crafts)
  - External craft (skill_blacksmithing) via Basic Forge Small Vial x58 -> Small Vial x290 (58 crafts)
- Craft Poison Resistance I x58 (final)",Blacksmithing -> Small Vial x290
skill_winery_and_brewing,12,13,,1,recipe_activatable_drink_ale_resistancebuff_18,Meadow Song Ale,,69,208.0,14352.0,373.18,Water-1415; Barley Grain-1060; Rye Grain-720,"Meadow Song Ale x69 (final)
      - Gather Barley Grain x1060
    - Craft via Basic Fermenter Malt x53 -> Malt x1050 (53 crafts)
      - Gather Water x360
        - Gather Rye Grain x360
      - External craft (skill_baking) via Millstone Rye Flour x18 -> Rye Flour x360 (18 crafts)
    - External craft (skill_baking) via Basic Fermenter Yeast x18 -> Yeast x350 (18 crafts)
    - Gather Water x350
  - Craft via Basic Fermenter Cloudy Ale Base x35 -> Cloudy Ale Base x345 (35 crafts)
    - Gather Water x360
      - Gather Rye Grain x360
    - External craft (skill_baking) via Millstone Rye Flour x18 -> Rye Flour x360 (18 crafts)
  - External craft (skill_baking) via Basic Fermenter Yeast x18 -> Yeast x345 (18 crafts)
  - Gather Water x345
- Craft Meadow Song Ale x69 (final)",
skill_winery_and_brewing,12,13,,2,recipe_activatable_drink_ale_maxhp_17,Harvest Gold Ale,,71,201.0,14271.0,344.74,Water-1435; Barley Grain-720; Rye Grain-720,"Harvest Gold Ale x71 (final)
      - Gather Barley Grain x720
    - Craft via Basic Fermenter Malt x36 -> Malt x720 (36 crafts)
      - Gather Water x360
        - Gather Rye Grain x360
      - External craft (skill_baking) via Millstone Rye Flour x18 -> Rye Flour x360 (18 crafts)
    - External craft (skill_baking) via Basic Fermenter Yeast x18 -> Yeast x360 (18 crafts)
    - Gather Water x360
  - Craft via Basic Fermenter Weak Ale Base x36 -> Weak Ale Base x355 (36 crafts)
    - Gather Water x360
      - Gather Rye Grain x360
    - External craft (skill_baking) via Millstone Rye Flour x18 -> Rye Flour x360 (18 crafts)
  - External craft (skill_baking) via Basic Fermenter Yeast x18 -> Yeast x355 (18 crafts)
  - Gather Water x355
  - External craft (skill_cooking) via Basic Beehive Honey x71 -> Honey x355 (71 crafts)
- Craft Harvest Gold Ale x71 (final)",
skill_winery_and_brewing,12,13,,3,recipe_activatable_drink_mead_staminaregen_8,Weak Mead,,150,95.0,14250.0,252.50,Water-310; Barley Grain-160; Rye Grain-160,"Weak Mead x150 (final)
  - External craft (skill_cooking) via Basic Beehive Honey x150 -> Honey x750 (150 crafts)
      - Gather Barley Grain x160
    - Craft via Basic Fermenter Malt x8 -> Malt x150 (8 crafts)
      - Gather Water x160
        - Gather Rye Grain x160
      - External craft (skill_baking) via Millstone Rye Flour x8 -> Rye Flour x160 (8 crafts)
    - External craft (skill_baking) via Basic Fermenter Yeast x8 -> Yeast x150 (8 crafts)
    - Gather Water x150
  - Craft via Basic Fermenter Weak Mead Base x15 -> Weak Mead Base x150 (15 crafts)
- Craft Weak Mead x150 (final)",
skill_blacksmithing,28,29,,1,recipe_item_material_spear_shaft_fine,Fine Spear Shaft,,422,473.0,199606.0,2395.20,Water-93460; Heartwood-845; Rough Animal Hide-98960; Copper Ore-440; Tin Ore-440; Limestone-46735; Sapwood-48935,"Fine Spear Shaft x422 (final)
    - Gather Heartwood x845
  - External craft (skill_building) via Wood Chopping Block Long Fine Wood Stock x169 -> Long Fine Wood Stock x844 (169 crafts)
            - Gather Rough Animal Hide x98960
              - Gather Limestone x24740
              - Gather Sapwood x24740
            - Craft via Basic Charcoal Kiln Lime x4948 -> Lime x49480 (4948 crafts)
            - Gather Water x49480
          - External craft (skill_leatherworking) via Simple Tanning Rack Inferior Leather x9896 -> Inferior Leather x98955 (9896 crafts)
            - Gather Limestone x16495
            - Gather Sapwood x16495
          - Craft via Basic Charcoal Kiln Lime x3299 -> Lime x32985 (3299 crafts)
          - Gather Water x32985
        - External craft (skill_leatherworking) via Tanning Rack Boiled Leather x6597 -> Boiled Leather x32985 (6597 crafts)
          - Gather Limestone x5500
          - Gather Sapwood x5500
        - Craft via Basic Charcoal Kiln Lime x1100 -> Lime x10995 (1100 crafts)
        - Gather Water x10995
      - External craft (skill_leatherworking) via Tanning Rack Fine Leather x2199 -> Fine Leather x21984 (2199 crafts)
    - External craft (skill_leatherworking) via Leatherworking Table Medium Top Grain Leather x21984 -> Medium Top Grain Leather x2638 (~21984 attempts @ 12.0%)
  - External craft (skill_leatherworking) via Leatherworking Table Leather Band x2638 -> Leather Band x2110 (~2638 attempts @ 4.0%)
        - Gather Tin Ore x440
        - Gather Copper Ore x440
        - Gather Sapwood x2200
      - Craft via Basic Furnace Bronze Ingot x22 -> Bronze Ingot x425 (22 crafts)
    - Craft via Basic Forge Bronze Bar x85 -> Bronze Bar x85 (85 crafts)
  - Craft via Basic Forge Bronze Nails x85 -> Bronze Nails x4220 (85 crafts)
- Craft Fine Spear Shaft x422 (final)",Carpentry -> Long Fine Wood Stock x845; Leatherworking -> Leather Band x52760; Leatherworking -> Medium Top Grain Leather x21984
skill_blacksmithing,28,29,,2,recipe_item_vial_large,Large Vial,,464,430.0,199520.0,4640.00,Sand-58000; Sapwood-69600,"Large Vial x464 (final)
    - Gather Sand x58000
      - Gather Sapwood x69600
    - External craft (skill_building) via Basic Charcoal Kiln Charcoal x1392 -> Charcoal x34800 (1392 crafts)
  - External craft (skill_building) via Furnace Glass x1160 -> Glass x11600 (1160 crafts)
- Craft Large Vial x464 (final)",
skill_blacksmithing,28,29,,3,recipe_item_material_steel_studs,Steel Studs,,312,203.0,63336.0,163.80,Pure Iron Ore-1940; Sapwood-38800,"Steel Studs x312 (final)
      - Gather Pure Iron Ore x1940
        - Gather Sapwood x38800
      - External craft (skill_building) via Basic Charcoal Kiln Charcoal x776 -> Charcoal x19400 (776 crafts)
    - Craft via Furnace Steel Ingot x97 -> Steel Ingot x965 (97 crafts)
  - Craft via Forge Steel Bar x193 -> Steel Bar x312 (~193 attempts @ 81.0%)
- Craft Steel Studs x312 (final)",
skill_cooking,20,21,,1,recipe_activatable_drink_herbal_tea_maxhp_4,Fennel Tea,,216,310.0,66960.0,521.33,Water-1080; Pasque Flower-1080; Fennel-1080,"Fennel Tea x216 (final)
  - Gather Water x1080
  - Gather Fennel x1080
  - Gather Pasque Flower x1080
- Craft Fennel Tea x216 (final)",
skill_cooking,20,21,,2,recipe_activatable_foodcooked_vegetable_stew_staminaregen_21,Mushroom and Vegetable Stew,,188,356.0,66928.0,329.38,Chanterelle-940; Animal Fat-76; Garlic-188; Mustard-188; Yellow Onion-376,"Mushroom and Vegetable Stew x188 (final)
  - Gather Yellow Onion x376
  - Gather Mustard x188
  - Gather Garlic x188
  - Gather Chanterelle x940
    - Gather Animal Fat x76
  - Craft via Basic Cooking Hearth Lard x38 -> Lard x188 (38 crafts)
- Craft Mushroom and Vegetable Stew x188 (final)",
skill_cooking,20,21,,3,recipe_activatable_foodcooked_stew_resistancebuff_17,Homely Stew,,243,275.0,66825.0,268.94,Enoki-243; Deer Carcass-243; Yellow Onion-243,"Homely Stew x243 (final)
  - Gather Yellow Onion x243
    - Gather Deer Carcass x243
  - External craft (skill_charcuterie) via Basic Butcher's Workbench Parted Deer x243 -> Deer Neck Meat x243 (243 crafts)
  - Gather Enoki x243
- Craft Homely Stew x243 (final)",Butchering -> Deer Neck Meat x243; Butchering -> Meat Chunks x972; Butchering -> Suet x972; Butchering -> Bone Fragments x2430
skill_blacksmithing,29,30,,1,recipe_item_material_steel_sheet,Steel Sheet,,525,404.0,212100.0,551.25,Pure Iron Ore-2100; Sapwood-42000,"Steel Sheet x525 (final)
    - Gather Pure Iron Ore x2100
      - Gather Sapwood x42000
    - External craft (skill_building) via Basic Charcoal Kiln Charcoal x840 -> Charcoal x21000 (840 crafts)
  - Craft via Furnace Steel Ingot x105 -> Steel Ingot x1050 (105 crafts)
- Craft Steel Sheet x525 (final)",
skill_blacksmithing,29,30,,2,recipe_item_material_spear_shaft_fine,Fine Spear Shaft,,419,506.0,212014.0,2378.17,Water-92780; Heartwood-840; Rough Animal Hide-98240; Copper Ore-420; Tin Ore-420; Limestone-46395; Sapwood-48495,"Fine Spear Shaft x419 (final)
    - Gather Heartwood x840
  - External craft (skill_building) via Wood Chopping Block Long Fine Wood Stock x168 -> Long Fine Wood Stock x838 (168 crafts)
            - Gather Rough Animal Hide x98240
              - Gather Limestone x24560
              - Gather Sapwood x24560
            - Craft via Basic Charcoal Kiln Lime x4912 -> Lime x49120 (4912 crafts)
            - Gather Water x49120
          - External craft (skill_leatherworking) via Simple Tanning Rack Inferior Leather x9824 -> Inferior Leather x98235 (9824 crafts)
            - Gather Limestone x16375
            - Gather Sapwood x16375
          - Craft via Basic Charcoal Kiln Lime x3275 -> Lime x32745 (3275 crafts)
          - Gather Water x32745
        - External craft (skill_leatherworking) via Tanning Rack Boiled Leather x6549 -> Boiled Leather x32745 (6549 crafts)
          - Gather Limestone x5460
          - Gather Sapwood x5460
        - Craft via Basic Charcoal Kiln Lime x1092 -> Lime x10915 (1092 crafts)
        - Gather Water x10915
      - External craft (skill_leatherworking) via Tanning Rack Fine Leather x2183 -> Fine Leather x21825 (2183 crafts)
    - External craft (skill_leatherworking) via Leatherworking Table Medium Top Grain Leather x21825 -> Medium Top Grain Leather x2619 (~21825 attempts @ 12.0%)
  - External craft (skill_leatherworking) via Leatherworking Table Leather Band x2619 -> Leather Band x2095 (~2619 attempts @ 4.0%)
        - Gather Tin Ore x420
        - Gather Copper Ore x420
        - Gather Sapwood x2100
      - Craft via Basic Furnace Bronze Ingot x21 -> Bronze Ingot x420 (21 crafts)
    - Craft via Basic Forge Bronze Bar x84 -> Bronze Bar x84 (84 crafts)
  - Craft via Basic Forge Bronze Nails x84 -> Bronze Nails x4190 (84 crafts)
- Craft Fine Spear Shaft x419 (final)",Carpentry -> Long Fine Wood Stock x840; Leatherworking -> Leather Band x52380; Leatherworking -> Medium Top Grain Leather x21825
skill_blacksmithing,29,30,,3,recipe_item_material_steel_studs,Steel Studs,,295,276.0,81420.0,154.88,Pure Iron Ore-1680; Sapwood-33600,"Steel Studs x295 (final)
      - Gather Pure Iron Ore x1680
        - Gather Sapwood x33600
      - External craft (skill_building) via Basic Charcoal Kiln Charcoal x672 -> Charcoal x16800 (672 crafts)
    - Craft via Furnace Steel Ingot x84 -> Steel Ingot x840 (84 crafts)
  - Craft via Forge Steel Bar x168 -> Steel Bar x295 (~168 attempts @ 88.0%)
- Craft Steel Studs x295 (final)",
skill_leatherworking,20,21,,1,recipe_wearable_leather_chest_templar_as_t4_common,Vanguard's Surcoat of Divine Fervor IV (Common),,5,81.0,405.0,128.52,Water-2875; Antler-6; Animal Hoof-100; Suet-100; Rough Animal Hide-3040; Copper Ore-40; Tin Ore-40; Cotton Fiber-640; Flax Seeds-250; Limestone-1435; Sapwood-1635,"Vanguard's Surcoat of Divine Fervor IV (Common) x5 (final)
          - Gather Rough Animal Hide x3020
            - Gather Limestone x755
            - Gather Sapwood x755
          - External craft (skill_blacksmithing) via Basic Charcoal Kiln Lime x151 -> Lime x1510 (151 crafts)
          - Gather Water x1510
        - Craft via Simple Tanning Rack Inferior Leather x302 -> Inferior Leather x3015 (302 crafts)
          - Gather Limestone x505
          - Gather Sapwood x505
        - External craft (skill_blacksmithing) via Basic Charcoal Kiln Lime x101 -> Lime x1005 (101 crafts)
        - Gather Water x1005
      - Craft via Tanning Rack Boiled Leather x201 -> Boiled Leather x1005 (201 crafts)
        - Gather Limestone x170
        - Gather Sapwood x170
      - External craft (skill_blacksmithing) via Basic Charcoal Kiln Lime x34 -> Lime x335 (34 crafts)
      - Gather Water x335
    - Craft via Tanning Rack Fine Leather x67 -> Fine Leather x667 (67 crafts)
  - Craft via Leatherworking Table Medium Top Grain Leather x667 -> Medium Top Grain Leather x80 (~667 attempts @ 12.0%)
        - Gather Cotton Fiber x360
      - External craft (skill_tailoring) via Spinning Wheel Cotton Cord x9 -> Cotton Cord x75 (~9 attempts @ 88.0%)
    - External craft (skill_tailoring) via Simple Loom Coarse Cotton Cloth x3 -> Coarse Cotton Cloth x12 (3 crafts)
      - Gather Cotton Fiber x280
    - External craft (skill_tailoring) via Spinning Wheel Cotton Cord x7 -> Cotton Cord x60 (~7 attempts @ 88.0%)
      - Gather Antler x6
    - External craft (skill_tailoring) via Tailoring Table Horn Needles x6 -> Horn Needles x30 (6 crafts)
  - External craft (skill_tailoring) via Tailoring Table Cotton Wadding x6 -> Cotton Wadding x5 (~6 attempts @ 88.0%)
        - Gather Tin Ore x20
        - Gather Copper Ore x20
        - Gather Sapwood x100
      - External craft (skill_blacksmithing) via Basic Furnace Bronze Ingot x1 -> Bronze Ingot x10 (1 craft)
    - External craft (skill_blacksmithing) via Basic Forge Bronze Bar x2 -> Bronze Bar x2 (2 crafts)
  - External craft (skill_blacksmithing) via Basic Forge Bronze Studs x2 -> Bronze Studs x300 (2 crafts)
        - Gather Rough Animal Hide x10
          - Gather Limestone x5
          - Gather Sapwood x5
        - External craft (skill_blacksmithing) via Basic Charcoal Kiln Lime x1 -> Lime x5 (1 craft)
        - Gather Water x5
      - Craft via Simple Tanning Rack Inferior Leather x1 -> Inferior Leather x9 (1 craft)
    - Craft via Leatherworking Table Heavy Top Grain Leather x9 -> Heavy Top Grain Leather x9 (9 crafts)
      - Gather Animal Hoof x90
      - Gather Water x18
    - Craft via Simple Leatherworking Table Glue x9 -> Glue x45 (9 crafts)
  - Craft via Leatherworking Table Leather Pads x9 -> Leather Pads x15 (~9 attempts @ 93.0%)
            - Gather Rough Animal Hide x10
          - Craft via Simple Tanning Rack Rawhide x1 -> Rawhide x1 (1 craft)
        - Craft via Simple Leatherworking Table Nubuck Leather x1 -> Nubuck Leather x1 (1 craft)
      - Craft via Simple Leatherworking Table Coarse Leather Band x1 -> Coarse Leather Band x10 (1 craft)
            - Gather Tin Ore x20
            - Gather Copper Ore x20
            - Gather Sapwood x100
          - External craft (skill_blacksmithing) via Basic Furnace Bronze Ingot x1 -> Bronze Ingot x10 (1 craft)
        - External craft (skill_blacksmithing) via Basic Forge Bronze Sheet x5 -> Bronze Sheet x5 (5 crafts)
      - External craft (skill_blacksmithing) via Basic Forge Bronze Buckle x1 -> Bronze Buckle x5 (1 craft)
    - Craft via Simple Leatherworking Table Rough Leather Straps x5 -> Rough Leather Straps x5 (5 crafts)
      - Gather Animal Hoof x10
      - Gather Water x2
    - Craft via Simple Leatherworking Table Glue x1 -> Glue x5 (1 craft)
  - Craft via Simple Leatherworking Table Weapons Belt x5 -> Weapons Belt x5 (5 crafts)
    - Gather Flax Seeds x250
      - Gather Suet x100
    - External craft (skill_cooking) via Basic Cooking Hearth Tallow x50 -> Tallow x250 (50 crafts)
  - Craft via Leatherworking Table Linseed Oil x25 -> Linseed Oil x25 (25 crafts)
- Craft Vanguard's Surcoat of Divine Fervor IV (Common) x5 (final)",Blacksmithing -> Bronze Bar x2; Blacksmithing -> Bronze Buckle x25; Blacksmithing -> Bronze Sheet x5; Blacksmithing -> Bronze Studs x400; Cooking -> Tallow x250; Tailoring -> Cotton Cord x160; Tailoring -> Cotton Wadding x6; Tailoring -> Horn Needles x30
skill_leatherworking,20,21,,2,recipe_wearable_feet_leather_rp_boots_04_somber,Duskwrap Boots,,207,325.0,67275.0,940.47,Water-7055; Bone Fragments-42; Rough Animal Hide-7470; Limestone-3530; Sapwood-3530,"Duskwrap Boots x207 (final)
        - Gather Rough Animal Hide x7470
          - Gather Limestone x1870
          - Gather Sapwood x1870
        - External craft (skill_blacksmithing) via Basic Charcoal Kiln Lime x374 -> Lime x3735 (374 crafts)
        - Gather Water x3735
      - Craft via Simple Tanning Rack Inferior Leather x747 -> Inferior Leather x7470 (747 crafts)
        - Gather Limestone x1245
        - Gather Sapwood x1245
      - External craft (skill_blacksmithing) via Basic Charcoal Kiln Lime x249 -> Lime x2490 (249 crafts)
      - Gather Water x2490
    - Craft via Tanning Rack Boiled Leather x498 -> Boiled Leather x2490 (498 crafts)
      - Gather Limestone x415
      - Gather Sapwood x415
    - External craft (skill_blacksmithing) via Basic Charcoal Kiln Lime x83 -> Lime x830 (83 crafts)
    - Gather Water x830
  - Craft via Tanning Rack Fine Leather x166 -> Fine Leather x1656 (166 crafts)
    - Gather Bone Fragments x42
  - External craft (skill_tailoring) via Simple Tailoring Table Sewing Needles x21 -> Sewing Needles x207 (21 crafts)
- Craft Duskwrap Boots x207 (final)",Tailoring -> Sewing Needles x210
skill_leatherworking,20,21,,3,recipe_item_material_leather_generic_fur_fine,Fine Fur,,234,287.0,67158.0,56.16,Animal Hide-234,"Fine Fur x234 (final)
  - Gather Animal Hide x234
- Craft Fine Fur x234 (final)",
skill_tailoring,18,19,,1,recipe_wearable_cloth_chest_cleric_dp_t4_common,Cleric's Alb of Reflection IV (Common),,6,77.0,462.0,83.18,Water-22; Antler-318; Wool Fiber-14400; Animal Hoof-60; Rough Animal Hide-20; Copper Ore-20; Aurum Ore-300; Silver Ore-5; Tin Ore-20; Cotton Fiber-1440; Flax Fiber-9000; Limestone-5; Sapwood-1405,"Cleric's Alb of Reflection IV (Common) x6 (final)
    - Gather Antler x18
  - Craft via Tailoring Table Horn Needles x18 -> Horn Needles x90 (18 crafts)
          - Gather Wool Fiber x14400
        - Craft via Spinning Wheel Wool Yarn x720 -> Wool Yarn x7200 (720 crafts)
      - Craft via Loom Wool Cloth x180 -> Wool Cloth x900 (180 crafts)
    - Craft via Loom Fine Wool Cloth x60 -> Fine Wool Cloth x600 (60 crafts)
      - Gather Flax Fiber x9000
    - Craft via Spinning Wheel Linen String x300 -> Linen String x3000 (300 crafts)
      - Gather Antler x300
    - Craft via Tailoring Table Horn Needles x300 -> Horn Needles x1500 (300 crafts)
  - Craft via Tailoring Table Heavy Quilted Wool Core x300 -> Heavy Quilted Wool Core x12 (~300 attempts @ 4.0%)
      - Gather Silver Ore x5
        - Gather Sapwood x100
      - External craft (skill_building) via Basic Charcoal Kiln Charcoal x2 -> Charcoal x50 (2 crafts)
    - External craft (skill_blacksmithing) via Furnace Silver Ingot x1 -> Silver Ingot x1 (1 craft)
      - Gather Cotton Fiber x40
    - Craft via Spinning Wheel Cotton Cord x1 -> Cotton Cord x2 (~1 attempts @ 88.0%)
  - Craft via Tailoring Table Silver Buttons x1 -> Silver Buttons x6 (~1 attempts @ 88.0%)
      - Gather Aurum Ore x300
        - Gather Sapwood x1200
      - External craft (skill_building) via Basic Charcoal Kiln Charcoal x24 -> Charcoal x600 (24 crafts)
    - External craft (skill_blacksmithing) via Furnace Aurum Ingot x30 -> Aurum Ingot x150 (30 crafts)
      - Gather Cotton Fiber x1400
    - Craft via Spinning Wheel Cotton Cord x35 -> Cotton Cord x300 (~35 attempts @ 88.0%)
  - Craft via Tailoring Table Aurum Buttons x150 -> Aurum Buttons x60 (~150 attempts @ 4.0%)
        - Gather Rough Animal Hide x20
          - Gather Limestone x5
          - Gather Sapwood x5
        - External craft (skill_blacksmithing) via Basic Charcoal Kiln Lime x1 -> Lime x10 (1 craft)
        - Gather Water x10
      - External craft (skill_leatherworking) via Simple Tanning Rack Inferior Leather x2 -> Inferior Leather x14 (2 crafts)
    - External craft (skill_leatherworking) via Leatherworking Table Heavy Top Grain Leather x14 -> Heavy Top Grain Leather x14 (14 crafts)
          - Gather Tin Ore x20
          - Gather Copper Ore x20
          - Gather Sapwood x100
        - External craft (skill_blacksmithing) via Basic Furnace Bronze Ingot x1 -> Bronze Ingot x10 (1 craft)
      - External craft (skill_blacksmithing) via Basic Forge Bronze Sheet x5 -> Bronze Sheet x5 (5 crafts)
    - External craft (skill_blacksmithing) via Basic Forge Bronze Buckle x1 -> Bronze Buckle x14 (1 craft)
      - Gather Animal Hoof x60
      - Gather Water x12
    - External craft (skill_leatherworking) via Simple Leatherworking Table Glue x6 -> Glue x28 (6 crafts)
  - External craft (skill_leatherworking) via Leatherworking Table Leather Straps x14 -> Leather Straps x12 (~14 attempts @ 88.0%)
- Craft Cleric's Alb of Reflection IV (Common) x6 (final)",Blacksmithing -> Bronze Buckle x25; Blacksmithing -> Bronze Sheet x5; Leatherworking -> Glue x30; Leatherworking -> Heavy Top Grain Leather x14; Leatherworking -> Leather Straps x14
skill_tailoring,18,19,,2,recipe_item_material_hardened_corded_padding_linen,Corded Linen Padding,,172,276.0,47472.0,2455.87,Water-688; Animal Hoof-3440; Flax Fiber-36150,"Corded Linen Padding x172 (final)
      - Gather Flax Fiber x10350
    - Craft via Spinning Wheel Linen String x345 -> Linen String x3450 (345 crafts)
  - Craft via Loom Fine Linen Cloth x69 -> Fine Linen Cloth x344 (69 crafts)
    - Gather Flax Fiber x25800
  - Craft via Spinning Wheel Linen String x860 -> Linen String x8600 (860 crafts)
    - Gather Animal Hoof x3440
    - Gather Water x688
  - External craft (skill_leatherworking) via Simple Leatherworking Table Glue x344 -> Glue x1720 (344 crafts)
- Craft Corded Linen Padding x172 (final)",Leatherworking -> Glue x1720
skill_tailoring,18,19,,3,recipe_item_material_horn_pins_and_needles,Horn Needles,,1896,25.0,47400.0,115.66,Antler-1896,"Horn Needles x1896 (final)
  - Gather Antler x1896
- Craft Horn Needles x1896 (final)",
skill_fletching,13,14,,1,recipe_projectile_wrought_iron_head_arrow,Wrought Iron Tipped Arrow,,94,191.0,17954.0,596.90,Impure Iron Ore-320; Sapwood-2170,"Wrought Iron Tipped Arrow x94 (final)
    - Gather Sapwood x470
  - External craft (skill_building) via Wood Chopping Block Long Wood Stock x94 -> Long Wood Stock x470 (94 crafts)
        - Gather Impure Iron Ore x320
          - Gather Sapwood x1300
        - External craft (skill_building) via Basic Charcoal Kiln Charcoal x26 -> Charcoal x640 (26 crafts)
      - External craft (skill_blacksmithing) via Basic Furnace Iron Ingot x8 -> Iron Ingot x150 (8 crafts)
        - Gather Sapwood x400
      - External craft (skill_building) via Basic Charcoal Kiln Charcoal x8 -> Charcoal x200 (8 crafts)
    - External craft (skill_blacksmithing) via Basic Furnace Wrought Iron Ingot x5 -> Wrought Iron Ingot x95 (5 crafts)
  - External craft (skill_blacksmithing) via Forge Wrought Iron Arrowhead x19 -> Wrought Iron Arrowhead x470 (19 crafts)
- Craft Wrought Iron Tipped Arrow x94 (final)",Blacksmithing -> Wrought Iron Arrowhead x475; Carpentry -> Long Wood Stock x470
skill_fletching,13,14,,2,recipe_item_bow_stave_rough,Rough Bow Stave,,744,24.0,17856.0,2326.74,Sapwood-2235; Resin-5208,"Rough Bow Stave x744 (final)
    - Gather Sapwood x2235
  - External craft (skill_building) via Wood Chopping Block Long Wood Stock x447 -> Long Wood Stock x2232 (447 crafts)
  - Gather Resin x5208
  - External craft (skill_cooking) via Basic Beehive Beeswax x1488 -> Beeswax x7440 (1488 crafts)
- Craft Rough Bow Stave x744 (final)",Carpentry -> Long Wood Stock x2235
skill_fletching,13,14,,3,recipe_wieldable_bow_2h_0_t2_common,Longbow (Common),,344,28.0,9632.0,973.16,Boar Sinew-1720; Rough Animal Hide-180; Sapwood-1035; Resin-2408,"Longbow (Common) x344 (final)
      - Gather Sapwood x1035
    - External craft (skill_building) via Wood Chopping Block Long Wood Stock x207 -> Long Wood Stock x1032 (207 crafts)
    - Gather Resin x2408
    - External craft (skill_cooking) via Basic Beehive Beeswax x688 -> Beeswax x3440 (688 crafts)
  - Craft via Basic Fletching Table Rough Bow Stave x344 -> Rough Bow Stave x344 (344 crafts)
  - Gather Boar Sinew x1720
        - Gather Rough Animal Hide x180
      - External craft (skill_leatherworking) via Simple Tanning Rack Rawhide x18 -> Rawhide x172 (18 crafts)
    - External craft (skill_leatherworking) via Simple Leatherworking Table Nubuck Leather x172 -> Nubuck Leather x172 (172 crafts)
  - External craft (skill_leatherworking) via Simple Leatherworking Table Coarse Leather Band x172 -> Coarse Leather Band x3440 (172 crafts)
- Craft Longbow (Common) x344 (final)",Carpentry -> Long Wood Stock x1035; Leatherworking -> Coarse Leather Band x3440; Leatherworking -> Nubuck Leather x172
skill_baking,16,17,,1,recipe_item_material_dough_wheat,Wheat Dough,,28,274.0,7672.0,90.16,Water-180; Rye Grain-40; Wheat Grain-60,"Wheat Dough x28 (final)
    - Gather Wheat Grain x60
  - Craft via Grain Mill Wheat Flour x3 -> Wheat Flour x56 (3 crafts)
    - Gather Water x40
      - Gather Rye Grain x40
    - Craft via Millstone Rye Flour x2 -> Rye Flour x40 (2 crafts)
  - Craft via Basic Fermenter Yeast x2 -> Yeast x28 (2 crafts)
  - Gather Water x140
- Craft Wheat Dough x28 (final)",
skill_baking,16,17,,2,recipe_activatable_foodcooked_pastry_staminaregen_22,Trail Pie,,31,242.0,7502.0,152.42,Water-390; Animal Fat-124; Barley Grain-140; Rye Grain-80,"Trail Pie x31 (final)
      - Gather Barley Grain x140
    - Craft via Millstone Barley Flour x7 -> Barley Flour x124 (7 crafts)
      - Gather Water x80
        - Gather Rye Grain x80
      - Craft via Millstone Rye Flour x4 -> Rye Flour x80 (4 crafts)
    - Craft via Basic Fermenter Yeast x4 -> Yeast x62 (4 crafts)
    - Gather Water x310
  - Craft via Basic Cooking Workbench Barley Dough x62 -> Barley Dough x310 (62 crafts)
    - Gather Animal Fat x124
  - External craft (skill_cooking) via Basic Cooking Hearth Lard x62 -> Lard x310 (62 crafts)
- Craft Trail Pie x31 (final)",Cooking -> Lard x310
skill_baking,16,17,,3,recipe_activatable_foodcooked_bread_hpregen_28,Plain Oat Bread,,33,210.0,6930.0,30.58,Water-55; Suet-28; Oat Grain-20; Rye Grain-20,"Plain Oat Bread x33 (final)
      - Gather Oat Grain x20
    - Craft via Grain Mill Oat Flour x1 -> Oat Flour x14 (1 craft)
      - Gather Water x20
        - Gather Rye Grain x20
      - Craft via Millstone Rye Flour x1 -> Rye Flour x20 (1 craft)
    - Craft via Basic Fermenter Yeast x1 -> Yeast x7 (1 craft)
    - Gather Water x35
  - Craft via Basic Cooking Workbench Oat Dough x7 -> Oat Dough x33 (7 crafts)
    - Gather Suet x28
  - External craft (skill_cooking) via Basic Cooking Hearth Tallow x14 -> Tallow x66 (14 crafts)
- Craft Plain Oat Bread x33 (final)",Cooking -> Tallow x70
skill_charcuterie,18,19,,1,recipe_standard-cut_boar,Well Parted Boar,,139,277.0,38503.0,8.76,Boar Carcass-139,"Well Parted Boar x139 (final)
  - Gather Boar Carcass x139
- Craft Well Parted Boar x139 (final)",
skill_charcuterie,18,19,,2,recipe_basic_butchered_bear,Parted Bear,,159,242.0,38478.0,20.27,Bear Carcass-159,"Parted Bear x159 (final)
  - Gather Bear Carcass x159
- Craft Parted Bear x159 (final)",
skill_charcuterie,18,19,,3,recipe_standard-cut_bear,Well Parted Bear,,151,254.0,38354.0,19.25,Bear Carcass-151,"Well Parted Bear x151 (final)
  - Gather Bear Carcass x151
- Craft Well Parted Bear x151 (final)",
skill_charcuterie,19,20,,1,recipe_standard-cut_wolf,Well Parted Chamois,,242,234.0,56628.0,29.40,Chamois Carcass-242,"Well Parted Chamois x242 (final)
  - Gather Chamois Carcass x242
- Craft Well Parted Chamois x242 (final)",
skill_charcuterie,19,20,,2,recipe_quality_butchered_boar,Butchered Boar,,301,188.0,56588.0,18.96,Boar Carcass-301,"Butchered Boar x301 (final)
  - Gather Boar Carcass x301
- Craft Butchered Boar x301 (final)",
skill_charcuterie,19,20,,3,recipe_standard-cut_bear,Well Parted Bear,,197,287.0,56539.0,25.12,Bear Carcass-197,"Well Parted Bear x197 (final)
  - Gather Bear Carcass x197
- Craft Well Parted Bear x197 (final)",
skill_cooking,21,22,,1,recipe_activatable_foodcooked_stew_resistancebuff_29,Shank Stew,,208,379.0,78832.0,580.60,Black Trumpet-208; Boar Carcass-104; Deer Carcass-416; Yellow Onion-208,"Shank Stew x208 (final)
    - Gather Deer Carcass x416
  - External craft (skill_charcuterie) via Butcher's Workbench Well Parted Deer x416 -> Deer Flank Meat x416 (416 crafts)
  - Gather Yellow Onion x208
    - Gather Boar Carcass x104
  - External craft (skill_charcuterie) via Campfire Poorly Parted Boar x104 -> Boar Shank Meat x208 (104 crafts)
  - Gather Black Trumpet x208
- Craft Shank Stew x208 (final)",Butchering -> Deer Flank Meat x416; Butchering -> Suet x1664; Butchering -> Bone Fragments x4160
skill_cooking,21,22,,2,recipe_activatable_foodcooked_porridge_hpregen_27,Plain Barley Porridge,,236,334.0,78824.0,895.03,Water-1180; Bear Carcass-1243; Suet-96; Barley Grain-1180,"Plain Barley Porridge x236 (final)
  - Gather Water x1180
  - Gather Barley Grain x1180
    - Gather Bear Carcass x1243
  - External craft (skill_charcuterie) via Butcher's Workbench Butchered Bear x1243 -> Bear Rump Meat x472 (~1243 attempts @ 19.0%)
    - Gather Suet x96
  - Craft via Basic Cooking Hearth Tallow x48 -> Tallow x236 (48 crafts)
- Craft Plain Barley Porridge x236 (final)",Butchering -> Bear Rump Meat x2486; Butchering -> Animal Fat x9944; Butchering -> Bone Fragments x27346
skill_cooking,21,22,,3,recipe_activatable_foodcooked_vegetable_stew_maxstamina_26,Roasted Cabbage Stew,,331,238.0,78778.0,392.08,Dapperling-331; Animal Fat-134; Red Cabbage-331; Mustard-331; Yellow Onion-662,"Roasted Cabbage Stew x331 (final)
  - Gather Yellow Onion x662
  - Gather Mustard x331
  - Gather Dapperling x331
  - Gather Red Cabbage x331
    - Gather Animal Fat x134
  - Craft via Basic Cooking Hearth Lard x67 -> Lard x331 (67 crafts)
- Craft Roasted Cabbage Stew x331 (final)",
skill_leatherworking,21,22,,1,recipe_wearable_leather_chest_templar_as_t4_common,Vanguard's Surcoat of Divine Fervor IV (Common),,6,108.0,648.0,154.23,Water-2199; Antler-7; Animal Hoof-120; Suet-120; Rough Animal Hide-2320; Copper Ore-40; Tin Ore-40; Cotton Fiber-680; Flax Seeds-300; Limestone-1095; Sapwood-1295,"Vanguard's Surcoat of Divine Fervor IV (Common) x6 (final)
          - Gather Rough Animal Hide x2300
            - Gather Limestone x575
            - Gather Sapwood x575
          - External craft (skill_blacksmithing) via Basic Charcoal Kiln Lime x115 -> Lime x1150 (115 crafts)
          - Gather Water x1150
        - Craft via Simple Tanning Rack Inferior Leather x230 -> Inferior Leather x2295 (230 crafts)
          - Gather Limestone x385
          - Gather Sapwood x385
        - External craft (skill_blacksmithing) via Basic Charcoal Kiln Lime x77 -> Lime x765 (77 crafts)
        - Gather Water x765
      - Craft via Tanning Rack Boiled Leather x153 -> Boiled Leather x765 (153 crafts)
        - Gather Limestone x130
        - Gather Sapwood x130
      - External craft (skill_blacksmithing) via Basic Charcoal Kiln Lime x26 -> Lime x255 (26 crafts)
      - Gather Water x255
    - Craft via Tanning Rack Fine Leather x51 -> Fine Leather x506 (51 crafts)
  - Craft via Leatherworking Table Medium Top Grain Leather x506 -> Medium Top Grain Leather x96 (~506 attempts @ 19.0%)
        - Gather Cotton Fiber x360
      - External craft (skill_tailoring) via Spinning Wheel Cotton Cord x9 -> Cotton Cord x75 (~9 attempts @ 93.0%)
    - External craft (skill_tailoring) via Simple Loom Coarse Cotton Cloth x3 -> Coarse Cotton Cloth x14 (3 crafts)
      - Gather Cotton Fiber x320
    - External craft (skill_tailoring) via Spinning Wheel Cotton Cord x8 -> Cotton Cord x70 (~8 attempts @ 93.0%)
      - Gather Antler x7
    - External craft (skill_tailoring) via Tailoring Table Horn Needles x7 -> Horn Needles x35 (7 crafts)
  - External craft (skill_tailoring) via Tailoring Table Cotton Wadding x7 -> Cotton Wadding x6 (~7 attempts @ 93.0%)
        - Gather Tin Ore x20
        - Gather Copper Ore x20
        - Gather Sapwood x100
      - External craft (skill_blacksmithing) via Basic Furnace Bronze Ingot x1 -> Bronze Ingot x10 (1 craft)
    - External craft (skill_blacksmithing) via Basic Forge Bronze Bar x2 -> Bronze Bar x2 (2 crafts)
  - External craft (skill_blacksmithing) via Basic Forge Bronze Studs x2 -> Bronze Studs x360 (2 crafts)
        - Gather Rough Animal Hide x10
          - Gather Limestone x5
          - Gather Sapwood x5
        - External craft (skill_blacksmithing) via Basic Charcoal Kiln Lime x1 -> Lime x5 (1 craft)
        - Gather Water x5
      - Craft via Simple Tanning Rack Inferior Leather x1 -> Inferior Leather x10 (1 craft)
    - Craft via Leatherworking Table Heavy Top Grain Leather x10 -> Heavy Top Grain Leather x10 (10 crafts)
      - Gather Animal Hoof x100
      - Gather Water x20
    - Craft via Simple Leatherworking Table Glue x10 -> Glue x50 (10 crafts)
  - Craft via Leatherworking Table Leather Pads x10 -> Leather Pads x18 (~10 attempts @ 96.0%)
            - Gather Rough Animal Hide x10
          - Craft via Simple Tanning Rack Rawhide x1 -> Rawhide x1 (1 craft)
        - Craft via Simple Leatherworking Table Nubuck Leather x1 -> Nubuck Leather x1 (1 craft)
      - Craft via Simple Leatherworking Table Coarse Leather Band x1 -> Coarse Leather Band x12 (1 craft)
            - Gather Tin Ore x20
            - Gather Copper Ore x20
            - Gather Sapwood x100
          - External craft (skill_blacksmithing) via Basic Furnace Bronze Ingot x1 -> Bronze Ingot x10 (1 craft)
        - External craft (skill_blacksmithing) via Basic Forge Bronze Sheet x5 -> Bronze Sheet x5 (5 crafts)
      - External craft (skill_blacksmithing) via Basic Forge Bronze Buckle x1 -> Bronze Buckle x6 (1 craft)
    - Craft via Simple Leatherworking Table Rough Leather Straps x6 -> Rough Leather Straps x6 (6 crafts)
      - Gather Animal Hoof x20
      - Gather Water x4
    - Craft via Simple Leatherworking Table Glue x2 -> Glue x6 (2 crafts)
  - Craft via Simple Leatherworking Table Weapons Belt x6 -> Weapons Belt x6 (6 crafts)
    - Gather Flax Seeds x300
      - Gather Suet x120
    - External craft (skill_cooking) via Basic Cooking Hearth Tallow x60 -> Tallow x300 (60 crafts)
  - Craft via Leatherworking Table Linseed Oil x30 -> Linseed Oil x30 (30 crafts)
- Craft Vanguard's Surcoat of Divine Fervor IV (Common) x6 (final)",Blacksmithing -> Bronze Bar x2; Blacksmithing -> Bronze Buckle x25; Blacksmithing -> Bronze Sheet x5; Blacksmithing -> Bronze Studs x400; Cooking -> Tallow x300; Tailoring -> Cotton Cord x170; Tailoring -> Cotton Wadding x7; Tailoring -> Horn Needles x35
skill_leatherworking,21,22,,2,recipe_item_material_leather_generic_fur_fine,Fine Fur,,241,328.0,79048.0,57.84,Animal Hide-241,"Fine Fur x241 (final)
  - Gather Animal Hide x241
- Craft Fine Fur x241 (final)",
skill_leatherworking,21,22,,3,recipe_item_material_leather_weapons_belt_fine,Fine Weapons Belt,,77,317.0,24409.0,114.47,Water-117; Animal Hoof-360; Rough Animal Hide-110; Copper Ore-40; Tin Ore-40; Limestone-25; Sapwood-225,"Fine Weapons Belt x77 (final)
        - Gather Rough Animal Hide x90
          - Gather Limestone x25
          - Gather Sapwood x25
        - External craft (skill_blacksmithing) via Basic Charcoal Kiln Lime x5 -> Lime x45 (5 crafts)
        - Gather Water x45
      - Craft via Simple Tanning Rack Inferior Leather x9 -> Inferior Leather x88 (9 crafts)
    - Craft via Leatherworking Table Heavy Top Grain Leather x88 -> Heavy Top Grain Leather x88 (88 crafts)
          - Gather Tin Ore x40
          - Gather Copper Ore x40
          - Gather Sapwood x200
        - External craft (skill_blacksmithing) via Basic Furnace Bronze Ingot x2 -> Bronze Ingot x40 (2 crafts)
      - External craft (skill_blacksmithing) via Basic Forge Bronze Sheet x20 -> Bronze Sheet x20 (20 crafts)
    - External craft (skill_blacksmithing) via Basic Forge Bronze Buckle x4 -> Bronze Buckle x88 (4 crafts)
      - Gather Animal Hoof x360
      - Gather Water x72
    - Craft via Simple Leatherworking Table Glue x36 -> Glue x176 (36 crafts)
  - Craft via Leatherworking Table Leather Straps x88 -> Leather Straps x77 (~88 attempts @ 88.0%)
        - Gather Rough Animal Hide x20
      - Craft via Simple Tanning Rack Rawhide x2 -> Rawhide x20 (2 crafts)
    - Craft via Simple Leatherworking Table Nubuck Leather x20 -> Nubuck Leather x20 (20 crafts)
  - Craft via Simple Leatherworking Table Coarse Leather Band x20 -> Coarse Leather Band x385 (20 crafts)
- Craft Fine Weapons Belt x77 (final)",Blacksmithing -> Bronze Buckle x100; Blacksmithing -> Bronze Sheet x20
skill_tailoring,19,20,,1,recipe_wearable_cloth_feet_pilgrim_boj_t3_common,Pilgrim's Slippers III (Common),,160,312.0,49920.0,813.33,Antler-320; Rough Animal Hide-10; Flax Fiber-9600,"Pilgrim's Slippers III (Common) x160 (final)
    - Gather Antler x320
  - Craft via Tailoring Table Horn Needles x320 -> Horn Needles x1600 (320 crafts)
      - Gather Flax Fiber x9600
    - Craft via Spinning Wheel Linen String x320 -> Linen String x3200 (320 crafts)
  - Craft via Loom Fine Linen Cloth x64 -> Fine Linen Cloth x320 (64 crafts)
        - Gather Rough Animal Hide x10
      - External craft (skill_leatherworking) via Simple Tanning Rack Rawhide x1 -> Rawhide x4 (1 craft)
    - External craft (skill_leatherworking) via Simple Leatherworking Table Nubuck Leather x4 -> Nubuck Leather x4 (4 crafts)
  - External craft (skill_leatherworking) via Simple Leatherworking Table Coarse Leather String x4 -> Coarse Leather String x160 (4 crafts)
- Craft Pilgrim's Slippers III (Common) x160 (final)",Leatherworking -> Nubuck Leather x4; Leatherworking -> Coarse Leather String x200
skill_tailoring,19,20,,2,recipe_item_material_cotton_string,Cotton Cord,,223,255.0,56865.0,2709.45,Cotton Fiber-8920,"Cotton Cord x223 (final)
  - Gather Cotton Fiber x8920
- Craft Cotton Cord x223 (final)",
skill_tailoring,19,20,,3,recipe_wearable_cloth_head_magus_cr_t3_common,Magus' Hat of Fractured Time III (Common),,43,263.0,11309.0,349.66,Antler-129; Rough Animal Hide-10; Cotton Fiber-2360,"Magus' Hat of Fractured Time III (Common) x43 (final)
    - Gather Antler x129
  - Craft via Tailoring Table Horn Needles x129 -> Horn Needles x645 (129 crafts)
      - Gather Cotton Fiber x1960
    - Craft via Spinning Wheel Cotton Cord x49 -> Cotton Cord x450 (~49 attempts @ 93.0%)
  - Craft via Simple Loom Coarse Cotton Cloth x18 -> Coarse Cotton Cloth x86 (18 crafts)
    - Gather Cotton Fiber x400
  - Craft via Spinning Wheel Cotton Cord x10 -> Cotton Cord x86 (~10 attempts @ 93.0%)
        - Gather Rough Animal Hide x10
      - External craft (skill_leatherworking) via Simple Tanning Rack Rawhide x1 -> Rawhide x5 (1 craft)
    - External craft (skill_leatherworking) via Simple Leatherworking Table Nubuck Leather x5 -> Nubuck Leather x5 (5 crafts)
  - External craft (skill_leatherworking) via Simple Leatherworking Table Coarse Leather Band x5 -> Coarse Leather Band x86 (5 crafts)
- Craft Magus' Hat of Fractured Time III (Common) x43 (final)",Leatherworking -> Coarse Leather Band x100; Leatherworking -> Nubuck Leather x5
skill_weapon_smithing,19,20,,1,recipe_wieldable_tool_mining_pickaxe_t3_common,Wrought Iron Pickaxe (Common),,158,263.0,41554.0,411.85,Rough Animal Hide-80; Copper Ore-160; Impure Iron Ore-8360; Tin Ore-160; Sapwood-45720,"Wrought Iron Pickaxe (Common) x158 (final)
      - Gather Sapwood x320
    - External craft (skill_building) via Wood Chopping Block Long Wood Stock x64 -> Long Wood Stock x316 (64 crafts)
          - Gather Rough Animal Hide x40
        - External craft (skill_leatherworking) via Simple Tanning Rack Rawhide x4 -> Rawhide x40 (4 crafts)
      - External craft (skill_leatherworking) via Simple Leatherworking Table Nubuck Leather x40 -> Nubuck Leather x40 (40 crafts)
    - External craft (skill_leatherworking) via Simple Leatherworking Table Coarse Leather Band x40 -> Coarse Leather Band x790 (40 crafts)
          - Gather Tin Ore x160
          - Gather Copper Ore x160
          - Gather Sapwood x800
        - External craft (skill_blacksmithing) via Basic Furnace Bronze Ingot x8 -> Bronze Ingot x160 (8 crafts)
      - External craft (skill_blacksmithing) via Basic Forge Bronze Bar x32 -> Bronze Bar x32 (32 crafts)
    - External craft (skill_blacksmithing) via Basic Forge Bronze Nails x32 -> Bronze Nails x1580 (32 crafts)
  - External craft (skill_blacksmithing) via Basic Forge Axe Handle x158 -> Axe Handle x158 (158 crafts)
          - Gather Impure Iron Ore x5960
            - Gather Sapwood x23850
          - External craft (skill_building) via Basic Charcoal Kiln Charcoal x477 -> Charcoal x11920 (477 crafts)
        - External craft (skill_blacksmithing) via Basic Furnace Iron Ingot x149 -> Iron Ingot x2970 (149 crafts)
          - Gather Sapwood x7950
        - External craft (skill_building) via Basic Charcoal Kiln Charcoal x159 -> Charcoal x3960 (159 crafts)
      - External craft (skill_blacksmithing) via Basic Furnace Wrought Iron Ingot x99 -> Wrought Iron Ingot x1975 (99 crafts)
    - External craft (skill_blacksmithing) via Basic Forge Wrought Iron Bar x395 -> Wrought Iron Bar x790 (395 crafts)
  - External craft (skill_blacksmithing) via Forge Wrought Iron Spike x158 -> Wrought Iron Spike x158 (158 crafts)
        - Gather Impure Iron Ore x2400
          - Gather Sapwood x9600
        - External craft (skill_building) via Basic Charcoal Kiln Charcoal x192 -> Charcoal x4800 (192 crafts)
      - External craft (skill_blacksmithing) via Basic Furnace Iron Ingot x60 -> Iron Ingot x1200 (60 crafts)
        - Gather Sapwood x3200
      - External craft (skill_building) via Basic Charcoal Kiln Charcoal x64 -> Charcoal x1600 (64 crafts)
    - External craft (skill_blacksmithing) via Basic Furnace Wrought Iron Ingot x40 -> Wrought Iron Ingot x790 (40 crafts)
  - External craft (skill_blacksmithing) via Basic Forge Wrought Iron Bar x158 -> Wrought Iron Bar x316 (158 crafts)
        - Gather Rough Animal Hide x40
      - External craft (skill_leatherworking) via Simple Tanning Rack Rawhide x4 -> Rawhide x40 (4 crafts)
    - External craft (skill_leatherworking) via Simple Leatherworking Table Nubuck Leather x40 -> Nubuck Leather x40 (40 crafts)
  - External craft (skill_leatherworking) via Simple Leatherworking Table Coarse Leather Band x40 -> Coarse Leather Band x790 (40 crafts)
- Craft Wrought Iron Pickaxe (Common) x158 (final)",Blacksmithing -> Axe Handle x158; Blacksmithing -> Bronze Bar x32; Blacksmithing -> Bronze Nails x1600; Blacksmithing -> Wrought Iron Bar x1106; Blacksmithing -> Wrought Iron Spike x158; Carpentry -> Long Wood Stock x320; Leatherworking -> Coarse Leather Band x1600; Leatherworking -> Nubuck Leather x80
skill_weapon_smithing,19,20,,2,recipe_wieldable_axe_2h_0_t2_common,Iron Battleaxe (Common),,158,263.0,41554.0,990.13,Rough Animal Hide-80; Copper Ore-480; Impure Iron Ore-7600; Tin Ore-480; Sapwood-33170,"Iron Battleaxe (Common) x158 (final)
      - Gather Sapwood x320
    - External craft (skill_building) via Wood Chopping Block Long Wood Stock x64 -> Long Wood Stock x316 (64 crafts)
          - Gather Rough Animal Hide x40
        - External craft (skill_leatherworking) via Simple Tanning Rack Rawhide x4 -> Rawhide x40 (4 crafts)
      - External craft (skill_leatherworking) via Simple Leatherworking Table Nubuck Leather x40 -> Nubuck Leather x40 (40 crafts)
    - External craft (skill_leatherworking) via Simple Leatherworking Table Coarse Leather Band x40 -> Coarse Leather Band x790 (40 crafts)
          - Gather Tin Ore x160
          - Gather Copper Ore x160
          - Gather Sapwood x800
        - External craft (skill_blacksmithing) via Basic Furnace Bronze Ingot x8 -> Bronze Ingot x160 (8 crafts)
      - External craft (skill_blacksmithing) via Basic Forge Bronze Bar x32 -> Bronze Bar x32 (32 crafts)
    - External craft (skill_blacksmithing) via Basic Forge Bronze Nails x32 -> Bronze Nails x1580 (32 crafts)
  - External craft (skill_blacksmithing) via Basic Forge Axe Handle x158 -> Axe Handle x158 (158 crafts)
        - Gather Impure Iron Ore x6320
          - Gather Sapwood x25300
        - External craft (skill_building) via Basic Charcoal Kiln Charcoal x506 -> Charcoal x12640 (506 crafts)
      - External craft (skill_blacksmithing) via Basic Furnace Iron Ingot x158 -> Iron Ingot x3160 (158 crafts)
    - External craft (skill_blacksmithing) via Basic Forge Iron Sheet x1580 -> Iron Sheet x1580 (1580 crafts)
      - Gather Impure Iron Ore x1280
        - Gather Sapwood x5150
      - External craft (skill_building) via Basic Charcoal Kiln Charcoal x103 -> Charcoal x2560 (103 crafts)
    - External craft (skill_blacksmithing) via Basic Furnace Iron Ingot x32 -> Iron Ingot x632 (32 crafts)
  - External craft (skill_blacksmithing) via Basic Forge Iron Axe Head x316 -> Iron Axe Head x316 (316 crafts)
        - Gather Tin Ore x320
        - Gather Copper Ore x320
        - Gather Sapwood x1600
      - External craft (skill_blacksmithing) via Basic Furnace Bronze Ingot x16 -> Bronze Ingot x320 (16 crafts)
    - External craft (skill_blacksmithing) via Basic Forge Bronze Bar x64 -> Bronze Bar x64 (64 crafts)
  - External craft (skill_blacksmithing) via Basic Forge Bronze Nails x64 -> Bronze Nails x3160 (64 crafts)
        - Gather Rough Animal Hide x40
      - External craft (skill_leatherworking) via Simple Tanning Rack Rawhide x4 -> Rawhide x40 (4 crafts)
    - External craft (skill_leatherworking) via Simple Leatherworking Table Nubuck Leather x40 -> Nubuck Leather x40 (40 crafts)
  - External craft (skill_leatherworking) via Simple Leatherworking Table Coarse Leather Band x40 -> Coarse Leather Band x790 (40 crafts)
- Craft Iron Battleaxe (Common) x158 (final)",Blacksmithing -> Axe Handle x158; Blacksmithing -> Bronze Bar x96; Blacksmithing -> Bronze Nails x4800; Blacksmithing -> Iron Axe Head x316; Blacksmithing -> Iron Sheet x1580; Carpentry -> Long Wood Stock x320; Leatherworking -> Coarse Leather Band x1600; Leatherworking -> Nubuck Leather x80
skill_weapon_smithing,19,20,,3,recipe_wieldable_tool_skinning_knife_t3_common,Wrought Iron Skinning Knife (Common),,198,209.0,41382.0,388.08,Heartwood-200; Rough Animal Hide-20; Impure Iron Ore-4400; Sapwood-20800,"Wrought Iron Skinning Knife (Common) x198 (final)
        - Gather Impure Iron Ore x2000
          - Gather Sapwood x8000
        - External craft (skill_building) via Basic Charcoal Kiln Charcoal x160 -> Charcoal x4000 (160 crafts)
      - External craft (skill_blacksmithing) via Basic Furnace Iron Ingot x50 -> Iron Ingot x990 (50 crafts)
    - External craft (skill_blacksmithing) via Basic Forge Iron Bar x198 -> Iron Bar x396 (198 crafts)
  - External craft (skill_blacksmithing) via Basic Forge Iron Knife Blade x198 -> Iron Knife Blade x198 (198 crafts)
        - Gather Impure Iron Ore x2400
          - Gather Sapwood x9600
        - External craft (skill_building) via Basic Charcoal Kiln Charcoal x192 -> Charcoal x4800 (192 crafts)
      - External craft (skill_blacksmithing) via Basic Furnace Iron Ingot x60 -> Iron Ingot x1200 (60 crafts)
        - Gather Sapwood x3200
      - External craft (skill_building) via Basic Charcoal Kiln Charcoal x64 -> Charcoal x1600 (64 crafts)
    - External craft (skill_blacksmithing) via Basic Furnace Wrought Iron Ingot x40 -> Wrought Iron Ingot x792 (40 crafts)
  - External craft (skill_blacksmithing) via Forge Wrought Iron Sheet x396 -> Wrought Iron Sheet x396 (396 crafts)
    - Gather Heartwood x200
  - External craft (skill_building) via Wood Chopping Block Long Fine Wood Stock x40 -> Long Fine Wood Stock x198 (40 crafts)
        - Gather Rough Animal Hide x20
      - External craft (skill_leatherworking) via Simple Tanning Rack Rawhide x2 -> Rawhide x20 (2 crafts)
    - External craft (skill_leatherworking) via Simple Leatherworking Table Nubuck Leather x20 -> Nubuck Leather x20 (20 crafts)
  - External craft (skill_leatherworking) via Simple Leatherworking Table Coarse Leather Band x20 -> Coarse Leather Band x396 (20 crafts)
- Craft Wrought Iron Skinning Knife (Common) x198 (final)",Blacksmithing -> Iron Bar x396; Blacksmithing -> Iron Knife Blade x198; Blacksmithing -> Wrought Iron Sheet x396; Carpentry -> Long Fine Wood Stock x200; Leatherworking -> Coarse Leather Band x400; Leatherworking -> Nubuck Leather x20
skill_cooking,22,23,,1,recipe_activatable_drink_herbal_tea_maxhp_4,Fennel Tea,,243,379.0,92097.0,586.49,Water-1215; Pasque Flower-1215; Fennel-1215,"Fennel Tea x243 (final)
  - Gather Water x1215
  - Gather Fennel x1215
  - Gather Pasque Flower x1215
- Craft Fennel Tea x243 (final)",
skill_cooking,22,23,,2,recipe_activatable_foodcooked_vegetable_stew_maxstamina_26,Roasted Cabbage Stew,,296,311.0,92056.0,350.62,Dapperling-296; Animal Fat-120; Red Cabbage-296; Mustard-296; Yellow Onion-592,"Roasted Cabbage Stew x296 (final)
  - Gather Yellow Onion x592
  - Gather Mustard x296
  - Gather Dapperling x296
  - Gather Red Cabbage x296
    - Gather Animal Fat x120
  - Craft via Basic Cooking Hearth Lard x60 -> Lard x296 (60 crafts)
- Craft Roasted Cabbage Stew x296 (final)",
skill_cooking,22,23,,3,recipe_activatable_foodcooked_stew_resistancebuff_29,Shank Stew,,238,386.0,91868.0,664.34,Black Trumpet-238; Boar Carcass-119; Deer Carcass-476; Yellow Onion-238,"Shank Stew x238 (final)
    - Gather Deer Carcass x476
  - External craft (skill_charcuterie) via Butcher's Workbench Well Parted Deer x476 -> Deer Flank Meat x476 (476 crafts)
  - Gather Yellow Onion x238
    - Gather Boar Carcass x119
  - External craft (skill_charcuterie) via Campfire Poorly Parted Boar x119 -> Boar Shank Meat x238 (119 crafts)
  - Gather Black Trumpet x238
- Craft Shank Stew x238 (final)",Butchering -> Deer Flank Meat x476; Butchering -> Suet x1904; Butchering -> Bone Fragments x4760
skill_leatherworking,22,23,,1,recipe_wearable_leather_chest_hunter_a_t4_common,Hunter's Jerkin of the Hidden Fang IV (Common),,9,141.0,1269.0,219.69,Water-2044; Antler-30; Wool Fiber-1560; Animal Hoof-20; Suet-180; Rough Animal Hide-2170; Copper Ore-40; Tin Ore-40; Flax Seeds-450; Limestone-1020; Sapwood-1220,"Hunter's Jerkin of the Hidden Fang IV (Common) x9 (final)
          - Gather Rough Animal Hide x2160
            - Gather Limestone x540
            - Gather Sapwood x540
          - External craft (skill_blacksmithing) via Basic Charcoal Kiln Lime x108 -> Lime x1080 (108 crafts)
          - Gather Water x1080
        - Craft via Simple Tanning Rack Inferior Leather x216 -> Inferior Leather x2160 (216 crafts)
          - Gather Limestone x360
          - Gather Sapwood x360
        - External craft (skill_blacksmithing) via Basic Charcoal Kiln Lime x72 -> Lime x720 (72 crafts)
        - Gather Water x720
      - Craft via Tanning Rack Boiled Leather x144 -> Boiled Leather x720 (144 crafts)
        - Gather Limestone x120
        - Gather Sapwood x120
      - External craft (skill_blacksmithing) via Basic Charcoal Kiln Lime x24 -> Lime x240 (24 crafts)
      - Gather Water x240
    - Craft via Tanning Rack Fine Leather x48 -> Fine Leather x480 (48 crafts)
  - Craft via Leatherworking Table Medium Top Grain Leather x480 -> Medium Top Grain Leather x144 (~480 attempts @ 30.0%)
            - Gather Rough Animal Hide x10
          - Craft via Simple Tanning Rack Rawhide x1 -> Rawhide x1 (1 craft)
        - Craft via Simple Leatherworking Table Nubuck Leather x1 -> Nubuck Leather x1 (1 craft)
      - Craft via Simple Leatherworking Table Coarse Leather Band x1 -> Coarse Leather Band x18 (1 craft)
            - Gather Tin Ore x20
            - Gather Copper Ore x20
            - Gather Sapwood x100
          - External craft (skill_blacksmithing) via Basic Furnace Bronze Ingot x1 -> Bronze Ingot x10 (1 craft)
        - External craft (skill_blacksmithing) via Basic Forge Bronze Sheet x5 -> Bronze Sheet x5 (5 crafts)
      - External craft (skill_blacksmithing) via Basic Forge Bronze Buckle x1 -> Bronze Buckle x9 (1 craft)
    - Craft via Simple Leatherworking Table Rough Leather Straps x9 -> Rough Leather Straps x9 (9 crafts)
      - Gather Animal Hoof x20
      - Gather Water x4
    - Craft via Simple Leatherworking Table Glue x2 -> Glue x9 (2 crafts)
  - Craft via Simple Leatherworking Table Weapons Belt x9 -> Weapons Belt x9 (9 crafts)
        - Gather Tin Ore x20
        - Gather Copper Ore x20
        - Gather Sapwood x100
      - External craft (skill_blacksmithing) via Basic Furnace Bronze Ingot x1 -> Bronze Ingot x15 (1 craft)
    - External craft (skill_blacksmithing) via Basic Forge Bronze Bar x3 -> Bronze Bar x3 (3 crafts)
  - External craft (skill_blacksmithing) via Basic Forge Bronze Studs x3 -> Bronze Studs x540 (3 crafts)
        - Gather Wool Fiber x960
      - External craft (skill_tailoring) via Spinning Wheel Wool Yarn x48 -> Wool Yarn x480 (48 crafts)
    - External craft (skill_tailoring) via Loom Wool Cloth x12 -> Wool Cloth x60 (12 crafts)
      - Gather Wool Fiber x600
    - External craft (skill_tailoring) via Spinning Wheel Wool Yarn x30 -> Wool Yarn x300 (30 crafts)
      - Gather Antler x30
    - External craft (skill_tailoring) via Tailoring Table Horn Needles x30 -> Horn Needles x150 (30 crafts)
  - External craft (skill_tailoring) via Tailoring Table Wool Felt x30 -> Wool Felt x9 (~30 attempts @ 30.0%)
    - Gather Flax Seeds x450
      - Gather Suet x180
    - External craft (skill_cooking) via Basic Cooking Hearth Tallow x90 -> Tallow x450 (90 crafts)
  - Craft via Leatherworking Table Linseed Oil x45 -> Linseed Oil x45 (45 crafts)
- Craft Hunter's Jerkin of the Hidden Fang IV (Common) x9 (final)",Blacksmithing -> Bronze Bar x3; Blacksmithing -> Bronze Buckle x25; Blacksmithing -> Bronze Sheet x5; Blacksmithing -> Bronze Studs x600; Cooking -> Tallow x450; Tailoring -> Horn Needles x150; Tailoring -> Wool Felt x30; Tailoring -> Wool Yarn x780
skill_leatherworking,22,23,,2,recipe_item_material_leather_generic_fur_fine,Fine Fur,,263,351.0,92313.0,63.12,Animal Hide-263,"Fine Fur x263 (final)
  - Gather Animal Hide x263
- Craft Fine Fur x263 (final)",
skill_leatherworking,22,23,,3,recipe_item_material_leather_weapons_belt_fine,Fine Weapons Belt,,93,306.0,28458.0,138.26,Water-130; Animal Hoof-400; Rough Animal Hide-130; Copper Ore-40; Tin Ore-40; Limestone-25; Sapwood-225,"Fine Weapons Belt x93 (final)
        - Gather Rough Animal Hide x100
          - Gather Limestone x25
          - Gather Sapwood x25
        - External craft (skill_blacksmithing) via Basic Charcoal Kiln Lime x5 -> Lime x50 (5 crafts)
        - Gather Water x50
      - Craft via Simple Tanning Rack Inferior Leather x10 -> Inferior Leather x100 (10 crafts)
    - Craft via Leatherworking Table Heavy Top Grain Leather x100 -> Heavy Top Grain Leather x100 (100 crafts)
          - Gather Tin Ore x40
          - Gather Copper Ore x40
          - Gather Sapwood x200
        - External craft (skill_blacksmithing) via Basic Furnace Bronze Ingot x2 -> Bronze Ingot x40 (2 crafts)
      - External craft (skill_blacksmithing) via Basic Forge Bronze Sheet x20 -> Bronze Sheet x20 (20 crafts)
    - External craft (skill_blacksmithing) via Basic Forge Bronze Buckle x4 -> Bronze Buckle x100 (4 crafts)
      - Gather Animal Hoof x400
      - Gather Water x80
    - Craft via Simple Leatherworking Table Glue x40 -> Glue x200 (40 crafts)
  - Craft via Leatherworking Table Leather Straps x100 -> Leather Straps x93 (~100 attempts @ 93.0%)
        - Gather Rough Animal Hide x30
      - Craft via Simple Tanning Rack Rawhide x3 -> Rawhide x24 (3 crafts)
    - Craft via Simple Leatherworking Table Nubuck Leather x24 -> Nubuck Leather x24 (24 crafts)
  - Craft via Simple Leatherworking Table Coarse Leather Band x24 -> Coarse Leather Band x465 (24 crafts)
- Craft Fine Weapons Belt x93 (final)",Blacksmithing -> Bronze Buckle x100; Blacksmithing -> Bronze Sheet x20
skill_tailoring,20,21,,1,recipe_wearable_cloth_arms_pilgrim_0_t3_common,Pilgrim's Armbands III (Common),,204,273.0,55692.0,1494.30,Antler-612; Rough Animal Hide-10; Flax Fiber-7380,"Pilgrim's Armbands III (Common) x204 (final)
    - Gather Antler x612
  - Craft via Tailoring Table Horn Needles x612 -> Horn Needles x3060 (612 crafts)
      - Gather Flax Fiber x6150
    - Craft via Spinning Wheel Linen String x205 -> Linen String x2050 (205 crafts)
  - Craft via Loom Fine Linen Cloth x41 -> Fine Linen Cloth x204 (41 crafts)
    - Gather Flax Fiber x1230
  - Craft via Spinning Wheel Linen String x41 -> Linen String x408 (41 crafts)
        - Gather Rough Animal Hide x10
      - External craft (skill_leatherworking) via Simple Tanning Rack Rawhide x1 -> Rawhide x9 (1 craft)
    - External craft (skill_leatherworking) via Simple Leatherworking Table Nubuck Leather x9 -> Nubuck Leather x9 (9 crafts)
  - External craft (skill_leatherworking) via Simple Leatherworking Table Coarse Leather String x9 -> Coarse Leather String x408 (9 crafts)
- Craft Pilgrim's Armbands III (Common) x204 (final)",Leatherworking -> Nubuck Leather x9; Leatherworking -> Coarse Leather String x450
skill_tailoring,20,21,,2,recipe_item_material_cotton_string,Cotton Cord,,281,239.0,67159.0,3414.15,Cotton Fiber-11240,"Cotton Cord x281 (final)
  - Gather Cotton Fiber x11240
- Craft Cotton Cord x281 (final)",
skill_tailoring,20,21,,3,recipe_wearable_cloth_head_magus_cr_t3_common,Magus' Hat of Fractured Time III (Common),,51,322.0,16422.0,414.72,Antler-153; Rough Animal Hide-10; Cotton Fiber-2640,"Magus' Hat of Fractured Time III (Common) x51 (final)
    - Gather Antler x153
  - Craft via Tailoring Table Horn Needles x153 -> Horn Needles x765 (153 crafts)
      - Gather Cotton Fiber x2200
    - Craft via Spinning Wheel Cotton Cord x55 -> Cotton Cord x525 (~55 attempts @ 96.0%)
  - Craft via Simple Loom Coarse Cotton Cloth x21 -> Coarse Cotton Cloth x102 (21 crafts)
    - Gather Cotton Fiber x440
  - Craft via Spinning Wheel Cotton Cord x11 -> Cotton Cord x102 (~11 attempts @ 96.0%)
        - Gather Rough Animal Hide x10
      - External craft (skill_leatherworking) via Simple Tanning Rack Rawhide x1 -> Rawhide x6 (1 craft)
    - External craft (skill_leatherworking) via Simple Leatherworking Table Nubuck Leather x6 -> Nubuck Leather x6 (6 crafts)
  - External craft (skill_leatherworking) via Simple Leatherworking Table Coarse Leather Band x6 -> Coarse Leather Band x102 (6 crafts)
- Craft Magus' Hat of Fractured Time III (Common) x51 (final)",Leatherworking -> Coarse Leather Band x120; Leatherworking -> Nubuck Leather x6
skill_armor_smithing,11,12,,1,recipe_wearable_metal_feet_pilgrim_boj_t2_common,Pilgrim's Sabatons II (Common),,52,237.0,12324.0,518.09,Rough Animal Hide-10; Copper Ore-60; Impure Iron Ore-2120; Tin Ore-60; Sapwood-8850,"Pilgrim's Sabatons II (Common) x52 (final)
      - Gather Impure Iron Ore x2080
        - Gather Sapwood x8350
      - External craft (skill_building) via Basic Charcoal Kiln Charcoal x167 -> Charcoal x4160 (167 crafts)
    - External craft (skill_blacksmithing) via Basic Furnace Iron Ingot x52 -> Iron Ingot x1040 (52 crafts)
  - External craft (skill_blacksmithing) via Basic Forge Iron Sheet x520 -> Iron Sheet x520 (520 crafts)
        - Gather Rough Animal Hide x10
      - External craft (skill_leatherworking) via Simple Tanning Rack Rawhide x1 -> Rawhide x6 (1 craft)
    - External craft (skill_leatherworking) via Simple Leatherworking Table Nubuck Leather x6 -> Nubuck Leather x6 (6 crafts)
  - External craft (skill_leatherworking) via Simple Leatherworking Table Coarse Leather Band x6 -> Coarse Leather Band x104 (6 crafts)
        - Gather Tin Ore x60
        - Gather Copper Ore x60
        - Gather Sapwood x300
      - External craft (skill_blacksmithing) via Basic Furnace Bronze Ingot x3 -> Bronze Ingot x50 (3 crafts)
    - External craft (skill_blacksmithing) via Basic Forge Bronze Sheet x25 -> Bronze Sheet x25 (25 crafts)
  - External craft (skill_blacksmithing) via Basic Forge Bronze Buckle x5 -> Bronze Buckle x104 (5 crafts)
        - Gather Impure Iron Ore x40
          - Gather Sapwood x200
        - External craft (skill_building) via Basic Charcoal Kiln Charcoal x4 -> Charcoal x80 (4 crafts)
      - External craft (skill_blacksmithing) via Basic Furnace Iron Ingot x1 -> Iron Ingot x15 (1 craft)
    - External craft (skill_blacksmithing) via Basic Forge Iron Bar x3 -> Iron Bar x6 (3 crafts)
  - External craft (skill_blacksmithing) via Basic Forge Iron Studs x6 -> Iron Studs x1040 (6 crafts)
- Craft Pilgrim's Sabatons II (Common) x52 (final)",Blacksmithing -> Bronze Buckle x125; Blacksmithing -> Bronze Sheet x25; Blacksmithing -> Iron Bar x6; Blacksmithing -> Iron Sheet x520; Blacksmithing -> Iron Studs x1200; Leatherworking -> Coarse Leather Band x120; Leatherworking -> Nubuck Leather x6
skill_armor_smithing,11,12,,2,recipe_wearable_metal_feet_ironside_ds_t2_common,Ironside's Sabatons of Quiet Guard II (Common),,52,236.0,12272.0,518.09,Rough Animal Hide-10; Copper Ore-60; Impure Iron Ore-2120; Tin Ore-60; Sapwood-8850,"Ironside's Sabatons of Quiet Guard II (Common) x52 (final)
      - Gather Impure Iron Ore x2080
        - Gather Sapwood x8350
      - External craft (skill_building) via Basic Charcoal Kiln Charcoal x167 -> Charcoal x4160 (167 crafts)
    - External craft (skill_blacksmithing) via Basic Furnace Iron Ingot x52 -> Iron Ingot x1040 (52 crafts)
  - External craft (skill_blacksmithing) via Basic Forge Iron Sheet x520 -> Iron Sheet x520 (520 crafts)
        - Gather Rough Animal Hide x10
      - External craft (skill_leatherworking) via Simple Tanning Rack Rawhide x1 -> Rawhide x6 (1 craft)
    - External craft (skill_leatherworking) via Simple Leatherworking Table Nubuck Leather x6 -> Nubuck Leather x6 (6 crafts)
  - External craft (skill_leatherworking) via Simple Leatherworking Table Coarse Leather Band x6 -> Coarse Leather Band x104 (6 crafts)
        - Gather Tin Ore x60
        - Gather Copper Ore x60
        - Gather Sapwood x300
      - External craft (skill_blacksmithing) via Basic Furnace Bronze Ingot x3 -> Bronze Ingot x50 (3 crafts)
    - External craft (skill_blacksmithing) via Basic Forge Bronze Sheet x25 -> Bronze Sheet x25 (25 crafts)
  - External craft (skill_blacksmithing) via Basic Forge Bronze Buckle x5 -> Bronze Buckle x104 (5 crafts)
        - Gather Impure Iron Ore x40
          - Gather Sapwood x200
        - External craft (skill_building) via Basic Charcoal Kiln Charcoal x4 -> Charcoal x80 (4 crafts)
      - External craft (skill_blacksmithing) via Basic Furnace Iron Ingot x1 -> Iron Ingot x15 (1 craft)
    - External craft (skill_blacksmithing) via Basic Forge Iron Bar x3 -> Iron Bar x6 (3 crafts)
  - External craft (skill_blacksmithing) via Basic Forge Iron Studs x6 -> Iron Studs x1040 (6 crafts)
- Craft Ironside's Sabatons of Quiet Guard II (Common) x52 (final)",Blacksmithing -> Bronze Buckle x125; Blacksmithing -> Bronze Sheet x25; Blacksmithing -> Iron Bar x6; Blacksmithing -> Iron Sheet x520; Blacksmithing -> Iron Studs x1200; Leatherworking -> Coarse Leather Band x120; Leatherworking -> Nubuck Leather x6
skill_armor_smithing,11,12,,3,recipe_wearable_metal_arms_pilgrim_0_t2_common,Pilgrim's Vambraces II (Common),,55,220.0,12100.0,465.48,Rough Animal Hide-10; Copper Ore-60; Impure Iron Ore-1160; Tin Ore-60; Sapwood-5000,"Pilgrim's Vambraces II (Common) x55 (final)
      - Gather Impure Iron Ore x1120
        - Gather Sapwood x4500
      - External craft (skill_building) via Basic Charcoal Kiln Charcoal x90 -> Charcoal x2240 (90 crafts)
    - External craft (skill_blacksmithing) via Basic Furnace Iron Ingot x28 -> Iron Ingot x550 (28 crafts)
  - External craft (skill_blacksmithing) via Basic Forge Iron Sheet x275 -> Iron Sheet x275 (275 crafts)
        - Gather Rough Animal Hide x10
      - External craft (skill_leatherworking) via Simple Tanning Rack Rawhide x1 -> Rawhide x6 (1 craft)
    - External craft (skill_leatherworking) via Simple Leatherworking Table Nubuck Leather x6 -> Nubuck Leather x6 (6 crafts)
  - External craft (skill_leatherworking) via Simple Leatherworking Table Coarse Leather Band x6 -> Coarse Leather Band x110 (6 crafts)
        - Gather Tin Ore x60
        - Gather Copper Ore x60
        - Gather Sapwood x300
      - External craft (skill_blacksmithing) via Basic Furnace Bronze Ingot x3 -> Bronze Ingot x50 (3 crafts)
    - External craft (skill_blacksmithing) via Basic Forge Bronze Sheet x25 -> Bronze Sheet x25 (25 crafts)
  - External craft (skill_blacksmithing) via Basic Forge Bronze Buckle x5 -> Bronze Buckle x110 (5 crafts)
        - Gather Impure Iron Ore x40
          - Gather Sapwood x200
        - External craft (skill_building) via Basic Charcoal Kiln Charcoal x4 -> Charcoal x80 (4 crafts)
      - External craft (skill_blacksmithing) via Basic Furnace Iron Ingot x1 -> Iron Ingot x15 (1 craft)
    - External craft (skill_blacksmithing) via Basic Forge Iron Bar x3 -> Iron Bar x6 (3 crafts)
  - External craft (skill_blacksmithing) via Basic Forge Iron Studs x6 -> Iron Studs x1100 (6 crafts)
- Craft Pilgrim's Vambraces II (Common) x55 (final)",Blacksmithing -> Bronze Buckle x125; Blacksmithing -> Bronze Sheet x25; Blacksmithing -> Iron Bar x6; Blacksmithing -> Iron Sheet x275; Blacksmithing -> Iron Studs x1200; Leatherworking -> Coarse Leather Band x120; Leatherworking -> Nubuck Leather x6
skill_jewelerycrafting,11,12,,1,recipe_wearable_jewellery_bracelet_poor_9,Small Silver Bracelet (Poor),,40,308.0,12320.0,16.00,Impure Iron Ore-120; Sapwood-700,"Small Silver Bracelet (Poor) x40 (final)
      - Gather Impure Iron Ore x120
        - Gather Sapwood x500
      - External craft (skill_building) via Basic Charcoal Kiln Charcoal x10 -> Charcoal x240 (10 crafts)
    - External craft (skill_blacksmithing) via Basic Furnace Iron Ingot x3 -> Iron Ingot x60 (3 crafts)
      - Gather Sapwood x200
    - External craft (skill_building) via Basic Charcoal Kiln Charcoal x4 -> Charcoal x80 (4 crafts)
  - External craft (skill_blacksmithing) via Basic Furnace Wrought Iron Ingot x2 -> Wrought Iron Ingot x40 (2 crafts)
- Craft Small Silver Bracelet (Poor) x40 (final)",
skill_jewelerycrafting,11,12,,2,recipe_wearable_jewellery_bracelet_common_7,Shiny Silver Bracelet (Common),,54,228.0,12312.0,21.60,Impure Iron Ore-200; Sapwood-1050,"Shiny Silver Bracelet (Common) x54 (final)
      - Gather Impure Iron Ore x200
        - Gather Sapwood x800
      - External craft (skill_building) via Basic Charcoal Kiln Charcoal x16 -> Charcoal x400 (16 crafts)
    - External craft (skill_blacksmithing) via Basic Furnace Iron Ingot x5 -> Iron Ingot x90 (5 crafts)
      - Gather Sapwood x250
    - External craft (skill_building) via Basic Charcoal Kiln Charcoal x5 -> Charcoal x120 (5 crafts)
  - External craft (skill_blacksmithing) via Basic Furnace Wrought Iron Ingot x3 -> Wrought Iron Ingot x54 (3 crafts)
- Craft Shiny Silver Bracelet (Common) x54 (final)",
skill_jewelerycrafting,11,12,,3,recipe_wearable_jewellery_earring_common_3,Slender Bronze Earring (Common),,75,162.0,12150.0,15.50,Copper Ore-160; Sapwood-500,"Slender Bronze Earring (Common) x75 (final)
    - Gather Copper Ore x160
      - Gather Sapwood x500
    - External craft (skill_building) via Basic Charcoal Kiln Charcoal x10 -> Charcoal x240 (10 crafts)
  - External craft (skill_blacksmithing) via Basic Furnace Copper Ingot x8 -> Copper Ingot x75 (8 crafts)
- Craft Slender Bronze Earring (Common) x75 (final)",
skill_alchemy,13,14,,1,recipe_activatable_potion_arcance_resistance_very_small_23,Poison Resistance I,,79,238.0,18802.0,279.99,Amanita Regalis-80; Water-633; Sand-4760; Sapwood-4900,"Poison Resistance I x79 (final)
    - Gather Amanita Regalis x80
      - Gather Sapwood x100
    - External craft (skill_building) via Basic Charcoal Kiln Charcoal x2 -> Charcoal x32 (2 crafts)
    - Gather Water x80
  - Craft via Basic Reagent Distiller Amanita Regalis Extract x16 -> Amanita Regalis Extract x158 (16 crafts)
  - Gather Water x553
      - Gather Sand x4760
        - Gather Sapwood x4800
      - External craft (skill_building) via Basic Charcoal Kiln Charcoal x96 -> Charcoal x2380 (96 crafts)
    - External craft (skill_building) via Basic Furnace Rough Glass x119 -> Rough Glass x1185 (119 crafts)
  - External craft (skill_blacksmithing) via Basic Forge Small Vial x79 -> Small Vial x395 (79 crafts)
- Craft Poison Resistance I x79 (final)",Blacksmithing -> Small Vial x395
skill_alchemy,13,14,,2,recipe_activatable_potion_potion_of_protection_very_small_25,Aegis Potion IV,,79,238.0,18802.0,291.02,Water-633; Castor Plant-80; Sand-4760; Sapwood-4900,"Aegis Potion IV x79 (final)
    - Gather Castor Plant x80
      - Gather Sapwood x100
    - External craft (skill_building) via Basic Charcoal Kiln Charcoal x2 -> Charcoal x32 (2 crafts)
    - Gather Water x80
  - Craft via Basic Reagent Distiller Castor Extract x16 -> Castor Extract x158 (16 crafts)
  - Gather Water x553
      - Gather Sand x4760
        - Gather Sapwood x4800
      - External craft (skill_building) via Basic Charcoal Kiln Charcoal x96 -> Charcoal x2380 (96 crafts)
    - External craft (skill_building) via Basic Furnace Rough Glass x119 -> Rough Glass x1185 (119 crafts)
  - External craft (skill_blacksmithing) via Basic Forge Small Vial x79 -> Small Vial x395 (79 crafts)
- Craft Aegis Potion IV x79 (final)",Blacksmithing -> Small Vial x395
skill_alchemy,13,14,,3,recipe_activatable_potion_potion_of_vitality_very_small_27,Weak Tonic of Vitality III,,74,251.0,18574.0,277.32,Amanita Regalis-75; Water-667; Sand-4440; Sapwood-4550,"Weak Tonic of Vitality III x74 (final)
    - Gather Amanita Regalis x75
      - Gather Sapwood x100
    - External craft (skill_building) via Basic Charcoal Kiln Charcoal x2 -> Charcoal x30 (2 crafts)
    - Gather Water x75
  - Craft via Basic Reagent Distiller Amanita Regalis Extract x15 -> Amanita Regalis Extract x148 (15 crafts)
  - Gather Water x592
      - Gather Sand x4440
        - Gather Sapwood x4450
      - External craft (skill_building) via Basic Charcoal Kiln Charcoal x89 -> Charcoal x2220 (89 crafts)
    - External craft (skill_building) via Basic Furnace Rough Glass x111 -> Rough Glass x1110 (111 crafts)
  - External craft (skill_blacksmithing) via Basic Forge Small Vial x74 -> Small Vial x370 (74 crafts)
- Craft Weak Tonic of Vitality III x74 (final)",Blacksmithing -> Small Vial x370
skill_winery_and_brewing,13,14,,1,recipe_activatable_drink_ale_resistancebuff_18,Meadow Song Ale,,90,209.0,18810.0,486.75,Water-1820; Barley Grain-1360; Rye Grain-920,"Meadow Song Ale x90 (final)
      - Gather Barley Grain x1360
    - Craft via Basic Fermenter Malt x68 -> Malt x1350 (68 crafts)
      - Gather Water x460
        - Gather Rye Grain x460
      - External craft (skill_baking) via Millstone Rye Flour x23 -> Rye Flour x460 (23 crafts)
    - External craft (skill_baking) via Basic Fermenter Yeast x23 -> Yeast x450 (23 crafts)
    - Gather Water x450
  - Craft via Basic Fermenter Cloudy Ale Base x45 -> Cloudy Ale Base x450 (45 crafts)
    - Gather Water x460
      - Gather Rye Grain x460
    - External craft (skill_baking) via Millstone Rye Flour x23 -> Rye Flour x460 (23 crafts)
  - External craft (skill_baking) via Basic Fermenter Yeast x23 -> Yeast x450 (23 crafts)
  - Gather Water x450
- Craft Meadow Song Ale x90 (final)",
skill_winery_and_brewing,13,14,,2,recipe_activatable_drink_ale_maxhp_17,Harvest Gold Ale,,99,189.0,18711.0,480.70,Water-1995; Barley Grain-1000; Rye Grain-1000,"Harvest Gold Ale x99 (final)
      - Gather Barley Grain x1000
    - Craft via Basic Fermenter Malt x50 -> Malt x1000 (50 crafts)
      - Gather Water x500
        - Gather Rye Grain x500
      - External craft (skill_baking) via Millstone Rye Flour x25 -> Rye Flour x500 (25 crafts)
    - External craft (skill_baking) via Basic Fermenter Yeast x25 -> Yeast x500 (25 crafts)
    - Gather Water x500
  - Craft via Basic Fermenter Weak Ale Base x50 -> Weak Ale Base x495 (50 crafts)
    - Gather Water x500
      - Gather Rye Grain x500
    - External craft (skill_baking) via Millstone Rye Flour x25 -> Rye Flour x500 (25 crafts)
  - External craft (skill_baking) via Basic Fermenter Yeast x25 -> Yeast x495 (25 crafts)
  - Gather Water x495
  - External craft (skill_cooking) via Basic Beehive Honey x99 -> Honey x495 (99 crafts)
- Craft Harvest Gold Ale x99 (final)",
skill_winery_and_brewing,13,14,,3,recipe_activatable_drink_mead_staminaregen_8,Weak Mead,,145,129.0,18705.0,244.08,Water-310; Barley Grain-160; Rye Grain-160,"Weak Mead x145 (final)
  - External craft (skill_cooking) via Basic Beehive Honey x145 -> Honey x725 (145 crafts)
      - Gather Barley Grain x160
    - Craft via Basic Fermenter Malt x8 -> Malt x150 (8 crafts)
      - Gather Water x160
        - Gather Rye Grain x160
      - External craft (skill_baking) via Millstone Rye Flour x8 -> Rye Flour x160 (8 crafts)
    - External craft (skill_baking) via Basic Fermenter Yeast x8 -> Yeast x150 (8 crafts)
    - Gather Water x150
  - Craft via Basic Fermenter Weak Mead Base x15 -> Weak Mead Base x145 (15 crafts)
- Craft Weak Mead x145 (final)",
skill_cooking,23,24,,1,recipe_activatable_drink_herbal_tea_maxhp_4,Fennel Tea,,283,386.0,109238.0,683.03,Water-1415; Pasque Flower-1415; Fennel-1415,"Fennel Tea x283 (final)
  - Gather Water x1415
  - Gather Fennel x1415
  - Gather Pasque Flower x1415
- Craft Fennel Tea x283 (final)",
skill_cooking,23,24,,2,recipe_activatable_foodcooked_vegetable_stew_staminaregen_21,Mushroom and Vegetable Stew,,338,323.0,109174.0,592.19,Chanterelle-1690; Animal Fat-136; Garlic-338; Mustard-338; Yellow Onion-676,"Mushroom and Vegetable Stew x338 (final)
  - Gather Yellow Onion x676
  - Gather Mustard x338
  - Gather Garlic x338
  - Gather Chanterelle x1690
    - Gather Animal Fat x136
  - Craft via Basic Cooking Hearth Lard x68 -> Lard x338 (68 crafts)
- Craft Mushroom and Vegetable Stew x338 (final)",
skill_cooking,23,24,,3,recipe_activatable_foodcooked_stew_resistancebuff_29,Shank Stew,,287,380.0,109060.0,801.11,Black Trumpet-287; Boar Carcass-144; Deer Carcass-574; Yellow Onion-287,"Shank Stew x287 (final)
    - Gather Deer Carcass x574
  - External craft (skill_charcuterie) via Butcher's Workbench Well Parted Deer x574 -> Deer Flank Meat x574 (574 crafts)
  - Gather Yellow Onion x287
    - Gather Boar Carcass x144
  - External craft (skill_charcuterie) via Campfire Poorly Parted Boar x144 -> Boar Shank Meat x287 (144 crafts)
  - Gather Black Trumpet x287
- Craft Shank Stew x287 (final)",Butchering -> Deer Flank Meat x574; Butchering -> Suet x2296; Butchering -> Bone Fragments x5740
skill_tailoring,21,22,,1,recipe_wearable_cloth_head_rp_hat_06_somber,Silverleaf Bourrelet,,210,377.0,79170.0,402.57,Wool Fiber-840; Bone Fragments-42; Opal-840; Flax Fiber-10080,"Silverleaf Bourrelet x210 (final)
      - Gather Flax Fiber x10080
    - Craft via Spinning Wheel Linen String x336 -> Linen String x3360 (336 crafts)
  - Craft via Simple Loom Linen Cloth x84 -> Linen Cloth x420 (84 crafts)
    - Gather Wool Fiber x840
  - Craft via Spinning Wheel Wool Yarn x42 -> Wool Yarn x420 (42 crafts)
    - Gather Bone Fragments x42
  - Craft via Simple Tailoring Table Sewing Needles x21 -> Sewing Needles x210 (21 crafts)
  - Gather Opal x840
- Craft Silverleaf Bourrelet x210 (final)",
skill_tailoring,21,22,,2,recipe_item_material_hardened_corded_padding_linen,Corded Linen Padding,,239,330.0,78870.0,3412.52,Water-956; Animal Hoof-4780; Flax Fiber-50250,"Corded Linen Padding x239 (final)
      - Gather Flax Fiber x14400
    - Craft via Spinning Wheel Linen String x480 -> Linen String x4800 (480 crafts)
  - Craft via Loom Fine Linen Cloth x96 -> Fine Linen Cloth x478 (96 crafts)
    - Gather Flax Fiber x35850
  - Craft via Spinning Wheel Linen String x1195 -> Linen String x11950 (1195 crafts)
    - Gather Animal Hoof x4780
    - Gather Water x956
  - External craft (skill_leatherworking) via Simple Leatherworking Table Glue x478 -> Glue x2390 (478 crafts)
- Craft Corded Linen Padding x239 (final)",Leatherworking -> Glue x2390
skill_tailoring,21,22,,3,recipe_item_material_horn_pins_and_needles,Horn Needles,,4925,16.0,78800.0,300.43,Antler-4925,"Horn Needles x4925 (final)
  - Gather Antler x4925
- Craft Horn Needles x4925 (final)",
skill_leatherworking,23,24,,1,recipe_wearable_leather_chest_templar_as_t4_common,Vanguard's Surcoat of Divine Fervor IV (Common),,11,207.0,2277.0,282.75,Water-1795; Antler-11; Animal Hoof-200; Suet-220; Rough Animal Hide-1880; Copper Ore-40; Tin Ore-40; Cotton Fiber-960; Flax Seeds-550; Limestone-885; Sapwood-1085,"Vanguard's Surcoat of Divine Fervor IV (Common) x11 (final)
          - Gather Rough Animal Hide x1850
            - Gather Limestone x465
            - Gather Sapwood x465
          - External craft (skill_blacksmithing) via Basic Charcoal Kiln Lime x93 -> Lime x925 (93 crafts)
          - Gather Water x925
        - Craft via Simple Tanning Rack Inferior Leather x185 -> Inferior Leather x1845 (185 crafts)
          - Gather Limestone x310
          - Gather Sapwood x310
        - External craft (skill_blacksmithing) via Basic Charcoal Kiln Lime x62 -> Lime x615 (62 crafts)
        - Gather Water x615
      - Craft via Tanning Rack Boiled Leather x123 -> Boiled Leather x615 (123 crafts)
        - Gather Limestone x105
        - Gather Sapwood x105
      - External craft (skill_blacksmithing) via Basic Charcoal Kiln Lime x21 -> Lime x205 (21 crafts)
      - Gather Water x205
    - Craft via Tanning Rack Fine Leather x41 -> Fine Leather x410 (41 crafts)
  - Craft via Leatherworking Table Medium Top Grain Leather x410 -> Medium Top Grain Leather x176 (~410 attempts @ 43.0%)
        - Gather Cotton Fiber x520
      - External craft (skill_tailoring) via Spinning Wheel Cotton Cord x13 -> Cotton Cord x125 (13 crafts)
    - External craft (skill_tailoring) via Simple Loom Coarse Cotton Cloth x5 -> Coarse Cotton Cloth x22 (5 crafts)
      - Gather Cotton Fiber x440
    - External craft (skill_tailoring) via Spinning Wheel Cotton Cord x11 -> Cotton Cord x110 (11 crafts)
      - Gather Antler x11
    - External craft (skill_tailoring) via Tailoring Table Horn Needles x11 -> Horn Needles x55 (11 crafts)
  - External craft (skill_tailoring) via Tailoring Table Cotton Wadding x11 -> Cotton Wadding x11 (11 crafts)
        - Gather Tin Ore x20
        - Gather Copper Ore x20
        - Gather Sapwood x100
      - External craft (skill_blacksmithing) via Basic Furnace Bronze Ingot x1 -> Bronze Ingot x20 (1 craft)
    - External craft (skill_blacksmithing) via Basic Forge Bronze Bar x4 -> Bronze Bar x4 (4 crafts)
  - External craft (skill_blacksmithing) via Basic Forge Bronze Studs x4 -> Bronze Studs x660 (4 crafts)
        - Gather Rough Animal Hide x20
          - Gather Limestone x5
          - Gather Sapwood x5
        - External craft (skill_blacksmithing) via Basic Charcoal Kiln Lime x1 -> Lime x10 (1 craft)
        - Gather Water x10
      - Craft via Simple Tanning Rack Inferior Leather x2 -> Inferior Leather x17 (2 crafts)
    - Craft via Leatherworking Table Heavy Top Grain Leather x17 -> Heavy Top Grain Leather x17 (17 crafts)
      - Gather Animal Hoof x170
      - Gather Water x34
    - Craft via Simple Leatherworking Table Glue x17 -> Glue x85 (17 crafts)
  - Craft via Leatherworking Table Leather Pads x17 -> Leather Pads x33 (17 crafts)
            - Gather Rough Animal Hide x10
          - Craft via Simple Tanning Rack Rawhide x1 -> Rawhide x2 (1 craft)
        - Craft via Simple Leatherworking Table Nubuck Leather x2 -> Nubuck Leather x2 (2 crafts)
      - Craft via Simple Leatherworking Table Coarse Leather Band x2 -> Coarse Leather Band x22 (2 crafts)
            - Gather Tin Ore x20
            - Gather Copper Ore x20
            - Gather Sapwood x100
          - External craft (skill_blacksmithing) via Basic Furnace Bronze Ingot x1 -> Bronze Ingot x10 (1 craft)
        - External craft (skill_blacksmithing) via Basic Forge Bronze Sheet x5 -> Bronze Sheet x5 (5 crafts)
      - External craft (skill_blacksmithing) via Basic Forge Bronze Buckle x1 -> Bronze Buckle x11 (1 craft)
    - Craft via Simple Leatherworking Table Rough Leather Straps x11 -> Rough Leather Straps x11 (11 crafts)
      - Gather Animal Hoof x30
      - Gather Water x6
    - Craft via Simple Leatherworking Table Glue x3 -> Glue x11 (3 crafts)
  - Craft via Simple Leatherworking Table Weapons Belt x11 -> Weapons Belt x11 (11 crafts)
    - Gather Flax Seeds x550
      - Gather Suet x220
    - External craft (skill_cooking) via Basic Cooking Hearth Tallow x110 -> Tallow x550 (110 crafts)
  - Craft via Leatherworking Table Linseed Oil x55 -> Linseed Oil x55 (55 crafts)
- Craft Vanguard's Surcoat of Divine Fervor IV (Common) x11 (final)",Blacksmithing -> Bronze Bar x4; Blacksmithing -> Bronze Buckle x25; Blacksmithing -> Bronze Sheet x5; Blacksmithing -> Bronze Studs x800; Cooking -> Tallow x550; Tailoring -> Cotton Cord x240; Tailoring -> Cotton Wadding x11; Tailoring -> Horn Needles x55
skill_leatherworking,23,24,,2,recipe_item_material_leather_generic_fur_fine,Fine Fur,,306,358.0,109548.0,73.44,Animal Hide-306,"Fine Fur x306 (final)
  - Gather Animal Hide x306
- Craft Fine Fur x306 (final)",
skill_leatherworking,23,24,,3,recipe_item_material_leather_weapons_belt_fine,Fine Weapons Belt,,118,287.0,33866.0,175.43,Water-165; Animal Hoof-500; Rough Animal Hide-160; Copper Ore-60; Tin Ore-60; Limestone-35; Sapwood-335,"Fine Weapons Belt x118 (final)
        - Gather Rough Animal Hide x130
          - Gather Limestone x35
          - Gather Sapwood x35
        - External craft (skill_blacksmithing) via Basic Charcoal Kiln Lime x7 -> Lime x65 (7 crafts)
        - Gather Water x65
      - Craft via Simple Tanning Rack Inferior Leather x13 -> Inferior Leather x123 (13 crafts)
    - Craft via Leatherworking Table Heavy Top Grain Leather x123 -> Heavy Top Grain Leather x123 (123 crafts)
          - Gather Tin Ore x60
          - Gather Copper Ore x60
          - Gather Sapwood x300
        - External craft (skill_blacksmithing) via Basic Furnace Bronze Ingot x3 -> Bronze Ingot x50 (3 crafts)
      - External craft (skill_blacksmithing) via Basic Forge Bronze Sheet x25 -> Bronze Sheet x25 (25 crafts)
    - External craft (skill_blacksmithing) via Basic Forge Bronze Buckle x5 -> Bronze Buckle x123 (5 crafts)
      - Gather Animal Hoof x500
      - Gather Water x100
    - Craft via Simple Leatherworking Table Glue x50 -> Glue x246 (50 crafts)
  - Craft via Leatherworking Table Leather Straps x123 -> Leather Straps x118 (~123 attempts @ 96.0%)
        - Gather Rough Animal Hide x30
      - Craft via Simple Tanning Rack Rawhide x3 -> Rawhide x30 (3 crafts)
    - Craft via Simple Leatherworking Table Nubuck Leather x30 -> Nubuck Leather x30 (30 crafts)
  - Craft via Simple Leatherworking Table Coarse Leather Band x30 -> Coarse Leather Band x590 (30 crafts)
- Craft Fine Weapons Belt x118 (final)",Blacksmithing -> Bronze Buckle x125; Blacksmithing -> Bronze Sheet x25
skill_fletching,14,15,,1,recipe_wieldable_bow_2h_0_t2_common,Longbow (Common),,492,25.0,12300.0,1391.85,Boar Sinew-2460; Rough Animal Hide-250; Sapwood-1480; Resin-3444,"Longbow (Common) x492 (final)
      - Gather Sapwood x1480
    - External craft (skill_building) via Wood Chopping Block Long Wood Stock x296 -> Long Wood Stock x1476 (296 crafts)
    - Gather Resin x3444
    - External craft (skill_cooking) via Basic Beehive Beeswax x984 -> Beeswax x4920 (984 crafts)
  - Craft via Basic Fletching Table Rough Bow Stave x492 -> Rough Bow Stave x492 (492 crafts)
  - Gather Boar Sinew x2460
        - Gather Rough Animal Hide x250
      - External craft (skill_leatherworking) via Simple Tanning Rack Rawhide x25 -> Rawhide x246 (25 crafts)
    - External craft (skill_leatherworking) via Simple Leatherworking Table Nubuck Leather x246 -> Nubuck Leather x246 (246 crafts)
  - External craft (skill_leatherworking) via Simple Leatherworking Table Coarse Leather Band x246 -> Coarse Leather Band x4920 (246 crafts)
- Craft Longbow (Common) x492 (final)",Carpentry -> Long Wood Stock x1480; Leatherworking -> Coarse Leather Band x4920; Leatherworking -> Nubuck Leather x246
skill_fletching,14,15,,2,recipe_projectile_wrought_iron_head_arrow,Wrought Iron Tipped Arrow,,780,29.0,22620.0,4953.00,Impure Iron Ore-2360; Sapwood-16500,"Wrought Iron Tipped Arrow x780 (final)
    - Gather Sapwood x3900
  - External craft (skill_building) via Wood Chopping Block Long Wood Stock x780 -> Long Wood Stock x3900 (780 crafts)
        - Gather Impure Iron Ore x2360
          - Gather Sapwood x9450
        - External craft (skill_building) via Basic Charcoal Kiln Charcoal x189 -> Charcoal x4720 (189 crafts)
      - External craft (skill_blacksmithing) via Basic Furnace Iron Ingot x59 -> Iron Ingot x1170 (59 crafts)
        - Gather Sapwood x3150
      - External craft (skill_building) via Basic Charcoal Kiln Charcoal x63 -> Charcoal x1560 (63 crafts)
    - External craft (skill_blacksmithing) via Basic Furnace Wrought Iron Ingot x39 -> Wrought Iron Ingot x780 (39 crafts)
  - External craft (skill_blacksmithing) via Forge Wrought Iron Arrowhead x156 -> Wrought Iron Arrowhead x3900 (156 crafts)
- Craft Wrought Iron Tipped Arrow x780 (final)",Blacksmithing -> Wrought Iron Arrowhead x3900; Carpentry -> Long Wood Stock x3900
skill_fletching,14,15,,3,recipe_item_bow_stave_rough,Rough Bow Stave,,1076,21.0,22596.0,3365.01,Sapwood-3230; Resin-7532,"Rough Bow Stave x1076 (final)
    - Gather Sapwood x3230
  - External craft (skill_building) via Wood Chopping Block Long Wood Stock x646 -> Long Wood Stock x3228 (646 crafts)
  - Gather Resin x7532
  - External craft (skill_cooking) via Basic Beehive Beeswax x2152 -> Beeswax x10760 (2152 crafts)
- Craft Rough Bow Stave x1076 (final)",Carpentry -> Long Wood Stock x3230
skill_baking,17,18,,1,recipe_item_material_dough_wheat,Wheat Dough,,139,289.0,40171.0,447.58,Water-835; Rye Grain-140; Wheat Grain-280,"Wheat Dough x139 (final)
    - Gather Wheat Grain x280
  - Craft via Grain Mill Wheat Flour x14 -> Wheat Flour x278 (14 crafts)
    - Gather Water x140
      - Gather Rye Grain x140
    - Craft via Millstone Rye Flour x7 -> Rye Flour x140 (7 crafts)
  - Craft via Basic Fermenter Yeast x7 -> Yeast x139 (7 crafts)
  - Gather Water x695
- Craft Wheat Dough x139 (final)",
skill_baking,17,18,,2,recipe_activatable_foodcooked_pastry_staminaregen_22,Trail Pie,,176,227.0,39952.0,865.33,Water-2120; Animal Fat-704; Barley Grain-720; Rye Grain-360,"Trail Pie x176 (final)
      - Gather Barley Grain x720
    - Craft via Millstone Barley Flour x36 -> Barley Flour x704 (36 crafts)
      - Gather Water x360
        - Gather Rye Grain x360
      - Craft via Millstone Rye Flour x18 -> Rye Flour x360 (18 crafts)
    - Craft via Basic Fermenter Yeast x18 -> Yeast x352 (18 crafts)
    - Gather Water x1760
  - Craft via Basic Cooking Workbench Barley Dough x352 -> Barley Dough x1760 (352 crafts)
    - Gather Animal Fat x704
  - External craft (skill_cooking) via Basic Cooking Hearth Lard x352 -> Lard x1760 (352 crafts)
- Craft Trail Pie x176 (final)",Cooking -> Lard x1760
skill_baking,17,18,,3,recipe_activatable_foodcooked_bread_hpregen_28,Plain Oat Bread,,148,254.0,37592.0,137.15,Water-190; Suet-120; Oat Grain-60; Rye Grain-40,"Plain Oat Bread x148 (final)
      - Gather Oat Grain x60
    - Craft via Grain Mill Oat Flour x3 -> Oat Flour x60 (3 crafts)
      - Gather Water x40
        - Gather Rye Grain x40
      - Craft via Millstone Rye Flour x2 -> Rye Flour x40 (2 crafts)
    - Craft via Basic Fermenter Yeast x2 -> Yeast x30 (2 crafts)
    - Gather Water x150
  - Craft via Basic Cooking Workbench Oat Dough x30 -> Oat Dough x148 (30 crafts)
    - Gather Suet x120
  - External craft (skill_cooking) via Basic Cooking Hearth Tallow x60 -> Tallow x296 (60 crafts)
- Craft Plain Oat Bread x148 (final)",Cooking -> Tallow x300
skill_charcuterie,20,21,,1,recipe_quality_butchered_deer,Butchered Deer,,213,315.0,67095.0,13.21,Deer Carcass-213,"Butchered Deer x213 (final)
  - Gather Deer Carcass x213
- Craft Butchered Deer x213 (final)",
skill_charcuterie,20,21,,2,recipe_rough-cut_bear,Poorly Parted Bear,,213,315.0,67095.0,27.16,Bear Carcass-213,"Poorly Parted Bear x213 (final)
  - Gather Bear Carcass x213
- Craft Poorly Parted Bear x213 (final)",
skill_charcuterie,20,21,,3,recipe_standard-cut_bear,Well Parted Bear,,221,303.0,66963.0,28.18,Bear Carcass-221,"Well Parted Bear x221 (final)
  - Gather Bear Carcass x221
- Craft Well Parted Bear x221 (final)",
skill_charcuterie,21,22,,1,recipe_quality_butchered_deer,Butchered Deer,,234,337.0,78858.0,14.51,Deer Carcass-234,"Butchered Deer x234 (final)
  - Gather Deer Carcass x234
- Craft Butchered Deer x234 (final)",
skill_charcuterie,21,22,,2,recipe_rough-cut_bear,Poorly Parted Bear,,234,337.0,78858.0,29.84,Bear Carcass-234,"Poorly Parted Bear x234 (final)
  - Gather Bear Carcass x234
- Craft Poorly Parted Bear x234 (final)",
skill_charcuterie,21,22,,3,recipe_standard-cut_wolf,Well Parted Chamois,,240,328.0,78720.0,29.16,Chamois Carcass-240,"Well Parted Chamois x240 (final)
  - Gather Chamois Carcass x240
- Craft Well Parted Chamois x240 (final)",
skill_cooking,24,25,,1,recipe_activatable_foodcooked_porridge_hpregen_27,Plain Barley Porridge,,310,415.0,128650.0,1175.67,Water-1550; Bear Carcass-721; Suet-124; Barley Grain-1550,"Plain Barley Porridge x310 (final)
  - Gather Water x1550
  - Gather Barley Grain x1550
    - Gather Bear Carcass x721
  - External craft (skill_charcuterie) via Butcher's Workbench Butchered Bear x721 -> Bear Rump Meat x620 (~721 attempts @ 43.0%)
    - Gather Suet x124
  - Craft via Basic Cooking Hearth Tallow x62 -> Tallow x310 (62 crafts)
- Craft Plain Barley Porridge x310 (final)",Butchering -> Bear Rump Meat x1442; Butchering -> Animal Fat x5768; Butchering -> Bone Fragments x15862
skill_cooking,24,25,,2,recipe_activatable_foodcooked_vegetable_stew_maxstamina_26,Roasted Cabbage Stew,,297,433.0,128601.0,351.81,Dapperling-297; Animal Fat-120; Red Cabbage-297; Mustard-297; Yellow Onion-594,"Roasted Cabbage Stew x297 (final)
  - Gather Yellow Onion x594
  - Gather Mustard x297
  - Gather Dapperling x297
  - Gather Red Cabbage x297
    - Gather Animal Fat x120
  - Craft via Basic Cooking Hearth Lard x60 -> Lard x297 (60 crafts)
- Craft Roasted Cabbage Stew x297 (final)",
skill_cooking,24,25,,3,recipe_activatable_foodcooked_stew_resistancebuff_29,Shank Stew,,353,364.0,128492.0,985.34,Black Trumpet-353; Boar Carcass-177; Deer Carcass-706; Yellow Onion-353,"Shank Stew x353 (final)
    - Gather Deer Carcass x706
  - External craft (skill_charcuterie) via Butcher's Workbench Well Parted Deer x706 -> Deer Flank Meat x706 (706 crafts)
  - Gather Yellow Onion x353
    - Gather Boar Carcass x177
  - External craft (skill_charcuterie) via Campfire Poorly Parted Boar x177 -> Boar Shank Meat x353 (177 crafts)
  - Gather Black Trumpet x353
- Craft Shank Stew x353 (final)",Butchering -> Deer Flank Meat x706; Butchering -> Suet x2824; Butchering -> Bone Fragments x7060
skill_leatherworking,24,25,,1,recipe_wearable_leather_hands_pilgrim_0_t3_common,Pilgrim's Gloves III (Common),,311,408.0,126888.0,1099.13,Water-3115; Wool Fiber-3120; Suet-1244; Rough Animal Hide-3740; Flax Seeds-3110; Limestone-1560; Sapwood-1560,"Pilgrim's Gloves III (Common) x311 (final)
      - Gather Rough Animal Hide x3740
        - Gather Limestone x935
        - Gather Sapwood x935
      - External craft (skill_blacksmithing) via Basic Charcoal Kiln Lime x187 -> Lime x1870 (187 crafts)
      - Gather Water x1870
    - Craft via Simple Tanning Rack Inferior Leather x374 -> Inferior Leather x3735 (374 crafts)
      - Gather Limestone x625
      - Gather Sapwood x625
    - External craft (skill_blacksmithing) via Basic Charcoal Kiln Lime x125 -> Lime x1245 (125 crafts)
    - Gather Water x1245
  - Craft via Tanning Rack Boiled Leather x249 -> Boiled Leather x1244 (249 crafts)
    - Gather Wool Fiber x3120
  - External craft (skill_tailoring) via Spinning Wheel Wool Yarn x156 -> Wool Yarn x1555 (156 crafts)
    - Gather Flax Seeds x3110
      - Gather Suet x1244
    - External craft (skill_cooking) via Basic Cooking Hearth Tallow x622 -> Tallow x3110 (622 crafts)
  - Craft via Leatherworking Table Linseed Oil x311 -> Linseed Oil x311 (311 crafts)
- Craft Pilgrim's Gloves III (Common) x311 (final)",Cooking -> Tallow x3110; Tailoring -> Wool Yarn x1560
skill_leatherworking,24,25,,2,recipe_item_material_leather_splits_top_grain_medium,Medium Top Grain Leather,,386,334.0,128924.0,209.41,Water-1660; Rough Animal Hide-1760; Limestone-835; Sapwood-835,"Medium Top Grain Leather x386 (final)
        - Gather Rough Animal Hide x1760
          - Gather Limestone x440
          - Gather Sapwood x440
        - External craft (skill_blacksmithing) via Basic Charcoal Kiln Lime x88 -> Lime x880 (88 crafts)
        - Gather Water x880
      - Craft via Simple Tanning Rack Inferior Leather x176 -> Inferior Leather x1755 (176 crafts)
        - Gather Limestone x295
        - Gather Sapwood x295
      - External craft (skill_blacksmithing) via Basic Charcoal Kiln Lime x59 -> Lime x585 (59 crafts)
      - Gather Water x585
    - Craft via Tanning Rack Boiled Leather x117 -> Boiled Leather x585 (117 crafts)
      - Gather Limestone x100
      - Gather Sapwood x100
    - External craft (skill_blacksmithing) via Basic Charcoal Kiln Lime x20 -> Lime x195 (20 crafts)
    - Gather Water x195
  - Craft via Tanning Rack Fine Leather x39 -> Fine Leather x386 (39 crafts)
- Craft Medium Top Grain Leather x386 (final)",
skill_leatherworking,24,25,,3,recipe_item_material_leather_generic_fur_fine,Fine Fur,,366,352.0,128832.0,87.84,Animal Hide-366,"Fine Fur x366 (final)
  - Gather Animal Hide x366
- Craft Fine Fur x366 (final)",
skill_tailoring,22,23,,1,recipe_wearable_cloth_arms_pilgrim_0_t3_common,Pilgrim's Armbands III (Common),,219,381.0,83439.0,1604.18,Antler-657; Rough Animal Hide-10; Flax Fiber-7920,"Pilgrim's Armbands III (Common) x219 (final)
    - Gather Antler x657
  - Craft via Tailoring Table Horn Needles x657 -> Horn Needles x3285 (657 crafts)
      - Gather Flax Fiber x6600
    - Craft via Spinning Wheel Linen String x220 -> Linen String x2200 (220 crafts)
  - Craft via Loom Fine Linen Cloth x44 -> Fine Linen Cloth x219 (44 crafts)
    - Gather Flax Fiber x1320
  - Craft via Spinning Wheel Linen String x44 -> Linen String x438 (44 crafts)
        - Gather Rough Animal Hide x10
      - External craft (skill_leatherworking) via Simple Tanning Rack Rawhide x1 -> Rawhide x9 (1 craft)
    - External craft (skill_leatherworking) via Simple Leatherworking Table Nubuck Leather x9 -> Nubuck Leather x9 (9 crafts)
  - External craft (skill_leatherworking) via Simple Leatherworking Table Coarse Leather String x9 -> Coarse Leather String x438 (9 crafts)
- Craft Pilgrim's Armbands III (Common) x219 (final)",Leatherworking -> Nubuck Leather x9; Leatherworking -> Coarse Leather String x450
skill_tailoring,22,23,,2,recipe_item_material_hardened_corded_padding_linen,Corded Linen Padding,,289,318.0,91902.0,4126.44,Water-1156; Animal Hoof-5780; Flax Fiber-60750,"Corded Linen Padding x289 (final)
      - Gather Flax Fiber x17400
    - Craft via Spinning Wheel Linen String x580 -> Linen String x5800 (580 crafts)
  - Craft via Loom Fine Linen Cloth x116 -> Fine Linen Cloth x578 (116 crafts)
    - Gather Flax Fiber x43350
  - Craft via Spinning Wheel Linen String x1445 -> Linen String x14450 (1445 crafts)
    - Gather Animal Hoof x5780
    - Gather Water x1156
  - External craft (skill_leatherworking) via Simple Leatherworking Table Glue x578 -> Glue x2890 (578 crafts)
- Craft Corded Linen Padding x289 (final)",Leatherworking -> Glue x2890
skill_tailoring,22,23,,3,recipe_item_material_horn_pins_and_needles,Horn Needles,,7049,13.0,91637.0,429.99,Antler-7049,"Horn Needles x7049 (final)
  - Gather Antler x7049
- Craft Horn Needles x7049 (final)",
skill_weapon_smithing,20,21,,1,recipe_wieldable_spear_2h_0_t3_common,Two-handed Wrought Iron Spear (Common),,183,367.0,67161.0,1839.61,Rough Animal Hide-240; Copper Ore-580; Impure Iron Ore-9680; Tin Ore-580; Sapwood-54920,"Two-handed Wrought Iron Spear (Common) x183 (final)
      - Gather Sapwood x370
    - External craft (skill_building) via Wood Chopping Block Long Wood Stock x74 -> Long Wood Stock x366 (74 crafts)
          - Gather Rough Animal Hide x50
        - External craft (skill_leatherworking) via Simple Tanning Rack Rawhide x5 -> Rawhide x46 (5 crafts)
      - External craft (skill_leatherworking) via Simple Leatherworking Table Nubuck Leather x46 -> Nubuck Leather x46 (46 crafts)
    - External craft (skill_leatherworking) via Simple Leatherworking Table Coarse Leather Band x46 -> Coarse Leather Band x915 (46 crafts)
          - Gather Tin Ore x200
          - Gather Copper Ore x200
          - Gather Sapwood x1000
        - External craft (skill_blacksmithing) via Basic Furnace Bronze Ingot x10 -> Bronze Ingot x185 (10 crafts)
      - External craft (skill_blacksmithing) via Basic Forge Bronze Bar x37 -> Bronze Bar x37 (37 crafts)
    - External craft (skill_blacksmithing) via Basic Forge Bronze Nails x37 -> Bronze Nails x1830 (37 crafts)
  - External craft (skill_blacksmithing) via Basic Forge Spear Shaft x183 -> Spear Shaft x183 (183 crafts)
          - Gather Impure Iron Ore x6920
            - Gather Sapwood x27700
          - External craft (skill_building) via Basic Charcoal Kiln Charcoal x554 -> Charcoal x13840 (554 crafts)
        - External craft (skill_blacksmithing) via Basic Furnace Iron Ingot x173 -> Iron Ingot x3450 (173 crafts)
          - Gather Sapwood x9200
        - External craft (skill_building) via Basic Charcoal Kiln Charcoal x184 -> Charcoal x4600 (184 crafts)
      - External craft (skill_blacksmithing) via Basic Furnace Wrought Iron Ingot x115 -> Wrought Iron Ingot x2290 (115 crafts)
    - External craft (skill_blacksmithing) via Basic Forge Wrought Iron Bar x458 -> Wrought Iron Bar x915 (458 crafts)
  - External craft (skill_blacksmithing) via Forge Wrought Iron Spike x183 -> Wrought Iron Spike x183 (183 crafts)
        - Gather Tin Ore x380
        - Gather Copper Ore x380
        - Gather Sapwood x1900
      - External craft (skill_blacksmithing) via Basic Furnace Bronze Ingot x19 -> Bronze Ingot x370 (19 crafts)
    - External craft (skill_blacksmithing) via Basic Forge Bronze Bar x74 -> Bronze Bar x74 (74 crafts)
  - External craft (skill_blacksmithing) via Basic Forge Bronze Nails x74 -> Bronze Nails x3660 (74 crafts)
        - Gather Rough Animal Hide x190
      - External craft (skill_leatherworking) via Simple Tanning Rack Rawhide x19 -> Rawhide x183 (19 crafts)
    - External craft (skill_leatherworking) via Simple Leatherworking Table Nubuck Leather x183 -> Nubuck Leather x183 (183 crafts)
  - External craft (skill_leatherworking) via Simple Leatherworking Table Coarse Leather Band x183 -> Coarse Leather Band x3660 (183 crafts)
        - Gather Impure Iron Ore x2760
          - Gather Sapwood x11050
        - External craft (skill_building) via Basic Charcoal Kiln Charcoal x221 -> Charcoal x5520 (221 crafts)
      - External craft (skill_blacksmithing) via Basic Furnace Iron Ingot x69 -> Iron Ingot x1380 (69 crafts)
        - Gather Sapwood x3700
      - External craft (skill_building) via Basic Charcoal Kiln Charcoal x74 -> Charcoal x1840 (74 crafts)
    - External craft (skill_blacksmithing) via Basic Furnace Wrought Iron Ingot x46 -> Wrought Iron Ingot x915 (46 crafts)
  - External craft (skill_blacksmithing) via Basic Forge Wrought Iron Bar x183 -> Wrought Iron Bar x366 (183 crafts)
- Craft Two-handed Wrought Iron Spear (Common) x183 (final)",Blacksmithing -> Bronze Bar x111; Blacksmithing -> Bronze Nails x5550; Blacksmithing -> Spear Shaft x183; Blacksmithing -> Wrought Iron Bar x1282; Blacksmithing -> Wrought Iron Spike x183; Carpentry -> Long Wood Stock x370; Leatherworking -> Coarse Leather Band x4580; Leatherworking -> Nubuck Leather x229
skill_weapon_smithing,20,21,,2,recipe_wieldable_sword_1h_0_t3_common,Wrought Iron Broadsword (Common),,219,306.0,67014.0,480.71,Rough Animal Hide-120; Copper Ore-2200; Impure Iron Ore-11040; Tin Ore-2200; Sapwood-68500,"Wrought Iron Broadsword (Common) x219 (final)
          - Gather Impure Iron Ore x8240
            - Gather Sapwood x33000
          - External craft (skill_building) via Basic Charcoal Kiln Charcoal x660 -> Charcoal x16480 (660 crafts)
        - External craft (skill_blacksmithing) via Basic Furnace Iron Ingot x206 -> Iron Ingot x4110 (206 crafts)
          - Gather Sapwood x11000
        - External craft (skill_building) via Basic Charcoal Kiln Charcoal x220 -> Charcoal x5480 (220 crafts)
      - External craft (skill_blacksmithing) via Basic Furnace Wrought Iron Ingot x137 -> Wrought Iron Ingot x2740 (137 crafts)
    - External craft (skill_blacksmithing) via Basic Forge Wrought Iron Bar x548 -> Wrought Iron Bar x1095 (548 crafts)
  - External craft (skill_blacksmithing) via Forge Wrought Iron Sword Blade x219 -> Wrought Iron Sword Blade x219 (219 crafts)
        - Gather Impure Iron Ore x1120
          - Gather Sapwood x4500
        - External craft (skill_building) via Basic Charcoal Kiln Charcoal x90 -> Charcoal x2240 (90 crafts)
      - External craft (skill_blacksmithing) via Basic Furnace Iron Ingot x28 -> Iron Ingot x550 (28 crafts)
    - External craft (skill_blacksmithing) via Basic Forge Iron Bar x110 -> Iron Bar x219 (110 crafts)
          - Gather Tin Ore x2200
          - Gather Copper Ore x2200
          - Gather Sapwood x11000
        - External craft (skill_blacksmithing) via Basic Furnace Bronze Ingot x110 -> Bronze Ingot x2190 (110 crafts)
      - External craft (skill_blacksmithing) via Basic Forge Bronze Bar x438 -> Bronze Bar x438 (438 crafts)
    - External craft (skill_blacksmithing) via Basic Forge Bronze Spike x219 -> Bronze Spike x219 (219 crafts)
          - Gather Rough Animal Hide x60
        - External craft (skill_leatherworking) via Simple Tanning Rack Rawhide x6 -> Rawhide x55 (6 crafts)
      - External craft (skill_leatherworking) via Simple Leatherworking Table Nubuck Leather x55 -> Nubuck Leather x55 (55 crafts)
    - External craft (skill_leatherworking) via Simple Leatherworking Table Coarse Leather Band x55 -> Coarse Leather Band x1095 (55 crafts)
  - External craft (skill_blacksmithing) via Basic Forge Sword Hilt x219 -> Sword Hilt x219 (219 crafts)
        - Gather Impure Iron Ore x1680
          - Gather Sapwood x6750
        - External craft (skill_building) via Basic Charcoal Kiln Charcoal x135 -> Charcoal x3360 (135 crafts)
      - External craft (skill_blacksmithing) via Basic Furnace Iron Ingot x42 -> Iron Ingot x840 (42 crafts)
        - Gather Sapwood x2250
      - External craft (skill_building) via Basic Charcoal Kiln Charcoal x45 -> Charcoal x1120 (45 crafts)
    - External craft (skill_blacksmithing) via Basic Furnace Wrought Iron Ingot x28 -> Wrought Iron Ingot x550 (28 crafts)
  - External craft (skill_blacksmithing) via Basic Forge Wrought Iron Bar x110 -> Wrought Iron Bar x219 (110 crafts)
        - Gather Rough Animal Hide x60
      - External craft (skill_leatherworking) via Simple Tanning Rack Rawhide x6 -> Rawhide x55 (6 crafts)
    - External craft (skill_leatherworking) via Simple Leatherworking Table Nubuck Leather x55 -> Nubuck Leather x55 (55 crafts)
  - External craft (skill_leatherworking) via Simple Leatherworking Table Coarse Leather Band x55 -> Coarse Leather Band x1095 (55 crafts)
- Craft Wrought Iron Broadsword (Common) x219 (final)",Blacksmithing -> Bronze Bar x438; Blacksmithing -> Bronze Spike x219; Blacksmithing -> Iron Bar x220; Blacksmithing -> Sword Hilt x219; Blacksmithing -> Wrought Iron Bar x1316; Blacksmithing -> Wrought Iron Sword Blade x219; Leatherworking -> Coarse Leather Band x2200; Leatherworking -> Nubuck Leather x110
skill_weapon_smithing,20,21,,3,recipe_wieldable_tool_skinning_knife_t3_common,Wrought Iron Skinning Knife (Common),,245,273.0,66885.0,480.20,Heartwood-245; Rough Animal Hide-30; Impure Iron Ore-5440; Sapwood-25750,"Wrought Iron Skinning Knife (Common) x245 (final)
        - Gather Impure Iron Ore x2480
          - Gather Sapwood x9950
        - External craft (skill_building) via Basic Charcoal Kiln Charcoal x199 -> Charcoal x4960 (199 crafts)
      - External craft (skill_blacksmithing) via Basic Furnace Iron Ingot x62 -> Iron Ingot x1225 (62 crafts)
    - External craft (skill_blacksmithing) via Basic Forge Iron Bar x245 -> Iron Bar x490 (245 crafts)
  - External craft (skill_blacksmithing) via Basic Forge Iron Knife Blade x245 -> Iron Knife Blade x245 (245 crafts)
        - Gather Impure Iron Ore x2960
          - Gather Sapwood x11850
        - External craft (skill_building) via Basic Charcoal Kiln Charcoal x237 -> Charcoal x5920 (237 crafts)
      - External craft (skill_blacksmithing) via Basic Furnace Iron Ingot x74 -> Iron Ingot x1470 (74 crafts)
        - Gather Sapwood x3950
      - External craft (skill_building) via Basic Charcoal Kiln Charcoal x79 -> Charcoal x1960 (79 crafts)
    - External craft (skill_blacksmithing) via Basic Furnace Wrought Iron Ingot x49 -> Wrought Iron Ingot x980 (49 crafts)
  - External craft (skill_blacksmithing) via Forge Wrought Iron Sheet x490 -> Wrought Iron Sheet x490 (490 crafts)
    - Gather Heartwood x245
  - External craft (skill_building) via Wood Chopping Block Long Fine Wood Stock x49 -> Long Fine Wood Stock x245 (49 crafts)
        - Gather Rough Animal Hide x30
      - External craft (skill_leatherworking) via Simple Tanning Rack Rawhide x3 -> Rawhide x25 (3 crafts)
    - External craft (skill_leatherworking) via Simple Leatherworking Table Nubuck Leather x25 -> Nubuck Leather x25 (25 crafts)
  - External craft (skill_leatherworking) via Simple Leatherworking Table Coarse Leather Band x25 -> Coarse Leather Band x490 (25 crafts)
- Craft Wrought Iron Skinning Knife (Common) x245 (final)",Blacksmithing -> Iron Bar x490; Blacksmithing -> Iron Knife Blade x245; Blacksmithing -> Wrought Iron Sheet x490; Carpentry -> Long Fine Wood Stock x245; Leatherworking -> Coarse Leather Band x500; Leatherworking -> Nubuck Leather x25
skill_armor_smithing,12,13,,1,recipe_wearable_metal_feet_ironside_ds_t2_common,Ironside's Sabatons of Quiet Guard II (Common),,65,237.0,15405.0,647.62,Rough Animal Hide-10; Copper Ore-60; Impure Iron Ore-2640; Tin Ore-60; Sapwood-10900,"Ironside's Sabatons of Quiet Guard II (Common) x65 (final)
      - Gather Impure Iron Ore x2600
        - Gather Sapwood x10400
      - External craft (skill_building) via Basic Charcoal Kiln Charcoal x208 -> Charcoal x5200 (208 crafts)
    - External craft (skill_blacksmithing) via Basic Furnace Iron Ingot x65 -> Iron Ingot x1300 (65 crafts)
  - External craft (skill_blacksmithing) via Basic Forge Iron Sheet x650 -> Iron Sheet x650 (650 crafts)
        - Gather Rough Animal Hide x10
      - External craft (skill_leatherworking) via Simple Tanning Rack Rawhide x1 -> Rawhide x7 (1 craft)
    - External craft (skill_leatherworking) via Simple Leatherworking Table Nubuck Leather x7 -> Nubuck Leather x7 (7 crafts)
  - External craft (skill_leatherworking) via Simple Leatherworking Table Coarse Leather Band x7 -> Coarse Leather Band x130 (7 crafts)
        - Gather Tin Ore x60
        - Gather Copper Ore x60
        - Gather Sapwood x300
      - External craft (skill_blacksmithing) via Basic Furnace Bronze Ingot x3 -> Bronze Ingot x60 (3 crafts)
    - External craft (skill_blacksmithing) via Basic Forge Bronze Sheet x30 -> Bronze Sheet x30 (30 crafts)
  - External craft (skill_blacksmithing) via Basic Forge Bronze Buckle x6 -> Bronze Buckle x130 (6 crafts)
        - Gather Impure Iron Ore x40
          - Gather Sapwood x200
        - External craft (skill_building) via Basic Charcoal Kiln Charcoal x4 -> Charcoal x80 (4 crafts)
      - External craft (skill_blacksmithing) via Basic Furnace Iron Ingot x1 -> Iron Ingot x20 (1 craft)
    - External craft (skill_blacksmithing) via Basic Forge Iron Bar x4 -> Iron Bar x7 (4 crafts)
  - External craft (skill_blacksmithing) via Basic Forge Iron Studs x7 -> Iron Studs x1300 (7 crafts)
- Craft Ironside's Sabatons of Quiet Guard II (Common) x65 (final)",Blacksmithing -> Bronze Buckle x150; Blacksmithing -> Bronze Sheet x30; Blacksmithing -> Iron Bar x8; Blacksmithing -> Iron Sheet x650; Blacksmithing -> Iron Studs x1400; Leatherworking -> Coarse Leather Band x140; Leatherworking -> Nubuck Leather x7
skill_armor_smithing,12,13,,2,recipe_wearable_metal_head_pilgrim_boe_t2_common,Pilgrim's Helmet II (Common),,65,237.0,15405.0,675.35,Rough Animal Hide-20; Copper Ore-60; Impure Iron Ore-2640; Tin Ore-60; Sapwood-10900,"Pilgrim's Helmet II (Common) x65 (final)
      - Gather Impure Iron Ore x2600
        - Gather Sapwood x10400
      - External craft (skill_building) via Basic Charcoal Kiln Charcoal x208 -> Charcoal x5200 (208 crafts)
    - External craft (skill_blacksmithing) via Basic Furnace Iron Ingot x65 -> Iron Ingot x1300 (65 crafts)
  - External craft (skill_blacksmithing) via Basic Forge Iron Sheet x650 -> Iron Sheet x650 (650 crafts)
        - Gather Rough Animal Hide x20
      - External craft (skill_leatherworking) via Simple Tanning Rack Rawhide x2 -> Rawhide x13 (2 crafts)
    - External craft (skill_leatherworking) via Simple Leatherworking Table Nubuck Leather x13 -> Nubuck Leather x13 (13 crafts)
  - External craft (skill_leatherworking) via Simple Leatherworking Table Coarse Leather Band x13 -> Coarse Leather Band x260 (13 crafts)
        - Gather Tin Ore x60
        - Gather Copper Ore x60
        - Gather Sapwood x300
      - External craft (skill_blacksmithing) via Basic Furnace Bronze Ingot x3 -> Bronze Ingot x60 (3 crafts)
    - External craft (skill_blacksmithing) via Basic Forge Bronze Sheet x30 -> Bronze Sheet x30 (30 crafts)
  - External craft (skill_blacksmithing) via Basic Forge Bronze Buckle x6 -> Bronze Buckle x130 (6 crafts)
        - Gather Impure Iron Ore x40
          - Gather Sapwood x200
        - External craft (skill_building) via Basic Charcoal Kiln Charcoal x4 -> Charcoal x80 (4 crafts)
      - External craft (skill_blacksmithing) via Basic Furnace Iron Ingot x1 -> Iron Ingot x20 (1 craft)
    - External craft (skill_blacksmithing) via Basic Forge Iron Bar x4 -> Iron Bar x7 (4 crafts)
  - External craft (skill_blacksmithing) via Basic Forge Iron Studs x7 -> Iron Studs x1300 (7 crafts)
- Craft Pilgrim's Helmet II (Common) x65 (final)",Blacksmithing -> Bronze Buckle x150; Blacksmithing -> Bronze Sheet x30; Blacksmithing -> Iron Bar x8; Blacksmithing -> Iron Sheet x650; Blacksmithing -> Iron Studs x1400; Leatherworking -> Coarse Leather Band x260; Leatherworking -> Nubuck Leather x13
skill_armor_smithing,12,13,,3,recipe_wearable_metal_arms_pilgrim_0_t2_common,Pilgrim's Vambraces II (Common),,62,248.0,15376.0,524.73,Rough Animal Hide-10; Copper Ore-60; Impure Iron Ore-1280; Tin Ore-60; Sapwood-5500,"Pilgrim's Vambraces II (Common) x62 (final)
      - Gather Impure Iron Ore x1240
        - Gather Sapwood x5000
      - External craft (skill_building) via Basic Charcoal Kiln Charcoal x100 -> Charcoal x2480 (100 crafts)
    - External craft (skill_blacksmithing) via Basic Furnace Iron Ingot x31 -> Iron Ingot x620 (31 crafts)
  - External craft (skill_blacksmithing) via Basic Forge Iron Sheet x310 -> Iron Sheet x310 (310 crafts)
        - Gather Rough Animal Hide x10
      - External craft (skill_leatherworking) via Simple Tanning Rack Rawhide x1 -> Rawhide x7 (1 craft)
    - External craft (skill_leatherworking) via Simple Leatherworking Table Nubuck Leather x7 -> Nubuck Leather x7 (7 crafts)
  - External craft (skill_leatherworking) via Simple Leatherworking Table Coarse Leather Band x7 -> Coarse Leather Band x124 (7 crafts)
        - Gather Tin Ore x60
        - Gather Copper Ore x60
        - Gather Sapwood x300
      - External craft (skill_blacksmithing) via Basic Furnace Bronze Ingot x3 -> Bronze Ingot x50 (3 crafts)
    - External craft (skill_blacksmithing) via Basic Forge Bronze Sheet x25 -> Bronze Sheet x25 (25 crafts)
  - External craft (skill_blacksmithing) via Basic Forge Bronze Buckle x5 -> Bronze Buckle x124 (5 crafts)
        - Gather Impure Iron Ore x40
          - Gather Sapwood x200
        - External craft (skill_building) via Basic Charcoal Kiln Charcoal x4 -> Charcoal x80 (4 crafts)
      - External craft (skill_blacksmithing) via Basic Furnace Iron Ingot x1 -> Iron Ingot x20 (1 craft)
    - External craft (skill_blacksmithing) via Basic Forge Iron Bar x4 -> Iron Bar x7 (4 crafts)
  - External craft (skill_blacksmithing) via Basic Forge Iron Studs x7 -> Iron Studs x1240 (7 crafts)
- Craft Pilgrim's Vambraces II (Common) x62 (final)",Blacksmithing -> Bronze Buckle x125; Blacksmithing -> Bronze Sheet x25; Blacksmithing -> Iron Bar x8; Blacksmithing -> Iron Sheet x310; Blacksmithing -> Iron Studs x1400; Leatherworking -> Coarse Leather Band x140; Leatherworking -> Nubuck Leather x7
skill_jewelerycrafting,12,13,,1,recipe_wearable_jewellery_bracelet_common_7,Shiny Silver Bracelet (Common),,56,275.0,15400.0,22.40,Impure Iron Ore-200; Sapwood-1050,"Shiny Silver Bracelet (Common) x56 (final)
      - Gather Impure Iron Ore x200
        - Gather Sapwood x800
      - External craft (skill_building) via Basic Charcoal Kiln Charcoal x16 -> Charcoal x400 (16 crafts)
    - External craft (skill_blacksmithing) via Basic Furnace Iron Ingot x5 -> Iron Ingot x90 (5 crafts)
      - Gather Sapwood x250
    - External craft (skill_building) via Basic Charcoal Kiln Charcoal x5 -> Charcoal x120 (5 crafts)
  - External craft (skill_blacksmithing) via Basic Furnace Wrought Iron Ingot x3 -> Wrought Iron Ingot x56 (3 crafts)
- Craft Shiny Silver Bracelet (Common) x56 (final)",
skill_jewelerycrafting,12,13,,2,recipe_wearable_jewellery_bracelet_poor_9,Small Silver Bracelet (Poor),,47,325.0,15275.0,18.80,Impure Iron Ore-200; Sapwood-1050,"Small Silver Bracelet (Poor) x47 (final)
      - Gather Impure Iron Ore x200
        - Gather Sapwood x800
      - External craft (skill_building) via Basic Charcoal Kiln Charcoal x16 -> Charcoal x400 (16 crafts)
    - External craft (skill_blacksmithing) via Basic Furnace Iron Ingot x5 -> Iron Ingot x90 (5 crafts)
      - Gather Sapwood x250
    - External craft (skill_building) via Basic Charcoal Kiln Charcoal x5 -> Charcoal x120 (5 crafts)
  - External craft (skill_blacksmithing) via Basic Furnace Wrought Iron Ingot x3 -> Wrought Iron Ingot x47 (3 crafts)
- Craft Small Silver Bracelet (Poor) x47 (final)",
skill_jewelerycrafting,12,13,,3,recipe_wearable_jewellery_earring_common_3,Slender Bronze Earring (Common),,97,157.0,15229.0,20.05,Copper Ore-200; Sapwood-600,"Slender Bronze Earring (Common) x97 (final)
    - Gather Copper Ore x200
      - Gather Sapwood x600
    - External craft (skill_building) via Basic Charcoal Kiln Charcoal x12 -> Charcoal x300 (12 crafts)
  - External craft (skill_blacksmithing) via Basic Furnace Copper Ingot x10 -> Copper Ingot x97 (10 crafts)
- Craft Slender Bronze Earring (Common) x97 (final)",
skill_alchemy,14,15,,1,recipe_activatable_potion_potion_of_protection_very_small_32,Aegis Potion V,,86,264.0,22704.0,334.29,Water-778; Castor Plant-90; Sand-5160; Sapwood-5300,"Aegis Potion V x86 (final)
    - Gather Castor Plant x90
      - Gather Sapwood x100
    - External craft (skill_building) via Basic Charcoal Kiln Charcoal x2 -> Charcoal x36 (2 crafts)
    - Gather Water x90
  - Craft via Basic Reagent Distiller Castor Extract x18 -> Castor Extract x172 (18 crafts)
  - Gather Water x688
      - Gather Sand x5160
        - Gather Sapwood x5200
      - External craft (skill_building) via Basic Charcoal Kiln Charcoal x104 -> Charcoal x2580 (104 crafts)
    - External craft (skill_building) via Basic Furnace Rough Glass x129 -> Rough Glass x1290 (129 crafts)
  - External craft (skill_blacksmithing) via Basic Forge Small Vial x86 -> Small Vial x430 (86 crafts)
- Craft Aegis Potion V x86 (final)",Blacksmithing -> Small Vial x430
skill_alchemy,14,15,,2,recipe_activatable_potion_arcance_resistance_very_small_30,Cold Resistance I,,86,264.0,22704.0,381.77,Water-778; Crane Flower-90; Sand-5160; Sapwood-5300,"Cold Resistance I x86 (final)
    - Gather Crane Flower x90
      - Gather Sapwood x100
    - External craft (skill_building) via Basic Charcoal Kiln Charcoal x2 -> Charcoal x36 (2 crafts)
    - Gather Water x90
  - Craft via Basic Reagent Distiller Crane Flower Extract x18 -> Crane Flower Extract x172 (18 crafts)
  - Gather Water x688
      - Gather Sand x5160
        - Gather Sapwood x5200
      - External craft (skill_building) via Basic Charcoal Kiln Charcoal x104 -> Charcoal x2580 (104 crafts)
    - External craft (skill_building) via Basic Furnace Rough Glass x129 -> Rough Glass x1290 (129 crafts)
  - External craft (skill_blacksmithing) via Basic Forge Small Vial x86 -> Small Vial x430 (86 crafts)
- Craft Cold Resistance I x86 (final)",Blacksmithing -> Small Vial x430
skill_alchemy,14,15,,3,recipe_activatable_potion_potion_of_vitality_very_small_27,Weak Tonic of Vitality III,,90,251.0,22590.0,337.28,Amanita Regalis-90; Water-810; Sand-5400; Sapwood-5500,"Weak Tonic of Vitality III x90 (final)
    - Gather Amanita Regalis x90
      - Gather Sapwood x100
    - External craft (skill_building) via Basic Charcoal Kiln Charcoal x2 -> Charcoal x36 (2 crafts)
    - Gather Water x90
  - Craft via Basic Reagent Distiller Amanita Regalis Extract x18 -> Amanita Regalis Extract x180 (18 crafts)
  - Gather Water x720
      - Gather Sand x5400
        - Gather Sapwood x5400
      - External craft (skill_building) via Basic Charcoal Kiln Charcoal x108 -> Charcoal x2700 (108 crafts)
    - External craft (skill_building) via Basic Furnace Rough Glass x135 -> Rough Glass x1350 (135 crafts)
  - External craft (skill_blacksmithing) via Basic Forge Small Vial x90 -> Small Vial x450 (90 crafts)
- Craft Weak Tonic of Vitality III x90 (final)",Blacksmithing -> Small Vial x450
skill_winery_and_brewing,14,15,,1,recipe_activatable_drink_cider_maxstamina_14,Summer heat,,347,65.0,22555.0,1761.31,Raspberry-695; Red Apple-2429; Water-2430,"Summer heat x347 (final)
  - Gather Red Apple x2429
  - Gather Water x1735
  - External craft (skill_cooking) via Basic Beehive Honey x347 -> Honey x1735 (347 crafts)
    - Gather Water x695
    - Gather Raspberry x695
  - External craft (skill_cooking) via Basic Cooking Workbench Raspberry Syrup x139 -> Raspberry Syrup x694 (139 crafts)
- Craft Summer heat x347 (final)",Cooking -> Raspberry Syrup x695
skill_winery_and_brewing,14,15,,2,recipe_activatable_drink_mead_staminaregen_24,Raspberry Mead,,275,82.0,22550.0,630.92,Raspberry-1375; Water-560; Barley Grain-280; Rye Grain-280,"Raspberry Mead x275 (final)
  - External craft (skill_cooking) via Basic Beehive Honey x275 -> Honey x1375 (275 crafts)
      - Gather Barley Grain x280
    - Craft via Basic Fermenter Malt x14 -> Malt x280 (14 crafts)
      - Gather Water x280
        - Gather Rye Grain x280
      - External craft (skill_baking) via Millstone Rye Flour x14 -> Rye Flour x280 (14 crafts)
    - External craft (skill_baking) via Basic Fermenter Yeast x14 -> Yeast x280 (14 crafts)
    - Gather Water x280
  - Craft via Basic Fermenter Cloudy Mead Base x28 -> Cloudy Mead Base x275 (28 crafts)
  - Gather Raspberry x1375
- Craft Raspberry Mead x275 (final)",
skill_winery_and_brewing,14,15,,3,recipe_activatable_drink_mead_staminaregen_8,Weak Mead,,134,168.0,22512.0,225.57,Water-280; Barley Grain-140; Rye Grain-140,"Weak Mead x134 (final)
  - External craft (skill_cooking) via Basic Beehive Honey x134 -> Honey x670 (134 crafts)
      - Gather Barley Grain x140
    - Craft via Basic Fermenter Malt x7 -> Malt x140 (7 crafts)
      - Gather Water x140
        - Gather Rye Grain x140
      - External craft (skill_baking) via Millstone Rye Flour x7 -> Rye Flour x140 (7 crafts)
    - External craft (skill_baking) via Basic Fermenter Yeast x7 -> Yeast x140 (7 crafts)
    - Gather Water x140
  - Craft via Basic Fermenter Weak Mead Base x14 -> Weak Mead Base x134 (14 crafts)
- Craft Weak Mead x134 (final)",
skill_fletching,15,16,,1,recipe_wieldable_bow_2h_0_t2_common,Longbow (Common),,693,22.0,15246.0,1960.47,Boar Sinew-3465; Rough Animal Hide-350; Sapwood-2080; Resin-4851,"Longbow (Common) x693 (final)
      - Gather Sapwood x2080
    - External craft (skill_building) via Wood Chopping Block Long Wood Stock x416 -> Long Wood Stock x2079 (416 crafts)
    - Gather Resin x4851
    - External craft (skill_cooking) via Basic Beehive Beeswax x1386 -> Beeswax x6930 (1386 crafts)
  - Craft via Basic Fletching Table Rough Bow Stave x693 -> Rough Bow Stave x693 (693 crafts)
  - Gather Boar Sinew x3465
        - Gather Rough Animal Hide x350
      - External craft (skill_leatherworking) via Simple Tanning Rack Rawhide x35 -> Rawhide x347 (35 crafts)
    - External craft (skill_leatherworking) via Simple Leatherworking Table Nubuck Leather x347 -> Nubuck Leather x347 (347 crafts)
  - External craft (skill_leatherworking) via Simple Leatherworking Table Coarse Leather Band x347 -> Coarse Leather Band x6930 (347 crafts)
- Craft Longbow (Common) x693 (final)",Carpentry -> Long Wood Stock x2080; Leatherworking -> Coarse Leather Band x6940; Leatherworking -> Nubuck Leather x347
skill_fletching,15,16,,2,recipe_projectile_wrought_iron_head_arrow,Wrought Iron Tipped Arrow,,1066,26.0,27716.0,6769.10,Impure Iron Ore-3240; Sapwood-22680,"Wrought Iron Tipped Arrow x1066 (final)
    - Gather Sapwood x5330
  - External craft (skill_building) via Wood Chopping Block Long Wood Stock x1066 -> Long Wood Stock x5330 (1066 crafts)
        - Gather Impure Iron Ore x3240
          - Gather Sapwood x13000
        - External craft (skill_building) via Basic Charcoal Kiln Charcoal x260 -> Charcoal x6480 (260 crafts)
      - External craft (skill_blacksmithing) via Basic Furnace Iron Ingot x81 -> Iron Ingot x1620 (81 crafts)
        - Gather Sapwood x4350
      - External craft (skill_building) via Basic Charcoal Kiln Charcoal x87 -> Charcoal x2160 (87 crafts)
    - External craft (skill_blacksmithing) via Basic Furnace Wrought Iron Ingot x54 -> Wrought Iron Ingot x1070 (54 crafts)
  - External craft (skill_blacksmithing) via Forge Wrought Iron Arrowhead x214 -> Wrought Iron Arrowhead x5330 (214 crafts)
- Craft Wrought Iron Tipped Arrow x1066 (final)",Blacksmithing -> Wrought Iron Arrowhead x5350; Carpentry -> Long Wood Stock x5330
skill_fletching,15,16,,3,recipe_item_bow_stave_rough,Rough Bow Stave,,1539,18.0,27702.0,4812.97,Sapwood-4620; Resin-10773,"Rough Bow Stave x1539 (final)
    - Gather Sapwood x4620
  - External craft (skill_building) via Wood Chopping Block Long Wood Stock x924 -> Long Wood Stock x4617 (924 crafts)
  - Gather Resin x10773
  - External craft (skill_cooking) via Basic Beehive Beeswax x3078 -> Beeswax x15390 (3078 crafts)
- Craft Rough Bow Stave x1539 (final)",Carpentry -> Long Wood Stock x4620
skill_baking,18,19,,1,recipe_item_material_dough_wheat,Wheat Dough,,163,290.0,47270.0,524.86,Water-995; Rye Grain-180; Wheat Grain-340,"Wheat Dough x163 (final)
    - Gather Wheat Grain x340
  - Craft via Grain Mill Wheat Flour x17 -> Wheat Flour x326 (17 crafts)
    - Gather Water x180
      - Gather Rye Grain x180
    - Craft via Millstone Rye Flour x9 -> Rye Flour x180 (9 crafts)
  - Craft via Basic Fermenter Yeast x9 -> Yeast x163 (9 crafts)
  - Gather Water x815
- Craft Wheat Dough x163 (final)",
skill_baking,18,19,,2,recipe_activatable_foodcooked_bread_hpregen_20,Barley and Rye Bread,,1625,29.0,47125.0,1634.48,Water-1965; Suet-1300; Barley Grain-660; Rye Grain-3590,"Barley and Rye Bread x1625 (final)
      - Gather Barley Grain x660
    - Craft via Millstone Barley Flour x33 -> Barley Flour x650 (33 crafts)
      - Gather Water x340
        - Gather Rye Grain x340
      - Craft via Millstone Rye Flour x17 -> Rye Flour x340 (17 crafts)
    - Craft via Basic Fermenter Yeast x17 -> Yeast x325 (17 crafts)
    - Gather Water x1625
  - Craft via Basic Cooking Workbench Barley Dough x325 -> Barley Dough x1625 (325 crafts)
  - Gather Rye Grain x3250
    - Gather Suet x1300
  - External craft (skill_cooking) via Basic Cooking Hearth Tallow x650 -> Tallow x3250 (650 crafts)
- Craft Barley and Rye Bread x1625 (final)",Cooking -> Tallow x3250
skill_baking,18,19,,3,recipe_activatable_foodcooked_bread_hpregen_28,Plain Oat Bread,,158,287.0,45346.0,146.41,Water-200; Suet-128; Oat Grain-80; Rye Grain-40,"Plain Oat Bread x158 (final)
      - Gather Oat Grain x80
    - Craft via Grain Mill Oat Flour x4 -> Oat Flour x64 (4 crafts)
      - Gather Water x40
        - Gather Rye Grain x40
      - Craft via Millstone Rye Flour x2 -> Rye Flour x40 (2 crafts)
    - Craft via Basic Fermenter Yeast x2 -> Yeast x32 (2 crafts)
    - Gather Water x160
  - Craft via Basic Cooking Workbench Oat Dough x32 -> Oat Dough x158 (32 crafts)
    - Gather Suet x128
  - External craft (skill_cooking) via Basic Cooking Hearth Tallow x64 -> Tallow x316 (64 crafts)
- Craft Plain Oat Bread x158 (final)",Cooking -> Tallow x320
skill_charcuterie,22,23,,1,recipe_standard-cut_wolf,Well Parted Chamois,,262,351.0,91962.0,31.83,Chamois Carcass-262,"Well Parted Chamois x262 (final)
  - Gather Chamois Carcass x262
- Craft Well Parted Chamois x262 (final)",
skill_charcuterie,22,23,,2,recipe_quality_butchered_deer,Butchered Deer,,268,343.0,91924.0,16.62,Deer Carcass-268,"Butchered Deer x268 (final)
  - Gather Deer Carcass x268
- Craft Butchered Deer x268 (final)",
skill_charcuterie,22,23,,3,recipe_rough-cut_bear,Poorly Parted Bear,,268,343.0,91924.0,34.17,Bear Carcass-268,"Poorly Parted Bear x268 (final)
  - Gather Bear Carcass x268
- Craft Poorly Parted Bear x268 (final)",
skill_tailoring,23,24,,1,recipe_item_material_thread_gold,Aurum Thread,,278,334.0,92852.0,2413.97,Aurum Ore-560; Cotton Fiber-22240; Sapwood-2250,"Aurum Thread x278 (final)
    - Gather Aurum Ore x560
      - Gather Sapwood x2250
    - External craft (skill_building) via Basic Charcoal Kiln Charcoal x45 -> Charcoal x1120 (45 crafts)
  - External craft (skill_blacksmithing) via Furnace Aurum Ingot x56 -> Aurum Ingot x278 (56 crafts)
    - Gather Cotton Fiber x22240
  - Craft via Spinning Wheel Cotton Cord x556 -> Cotton Cord x5560 (556 crafts)
- Craft Aurum Thread x278 (final)",
skill_tailoring,23,24,,2,recipe_wearable_cloth_head_rp_hat_06_somber,Silverleaf Bourrelet,,289,379.0,109531.0,554.01,Wool Fiber-1160; Bone Fragments-58; Opal-1156; Flax Fiber-13920,"Silverleaf Bourrelet x289 (final)
      - Gather Flax Fiber x13920
    - Craft via Spinning Wheel Linen String x464 -> Linen String x4640 (464 crafts)
  - Craft via Simple Loom Linen Cloth x116 -> Linen Cloth x578 (116 crafts)
    - Gather Wool Fiber x1160
  - Craft via Spinning Wheel Wool Yarn x58 -> Wool Yarn x578 (58 crafts)
    - Gather Bone Fragments x58
  - Craft via Simple Tailoring Table Sewing Needles x29 -> Sewing Needles x289 (29 crafts)
  - Gather Opal x1156
- Craft Silverleaf Bourrelet x289 (final)",
skill_tailoring,23,24,,3,recipe_item_material_button_gold,Aurum Buttons,,430,224.0,96320.0,599.13,Aurum Ore-860; Cotton Fiber-3440; Sapwood-3450,"Aurum Buttons x430 (final)
    - Gather Aurum Ore x860
      - Gather Sapwood x3450
    - External craft (skill_building) via Basic Charcoal Kiln Charcoal x69 -> Charcoal x1720 (69 crafts)
  - External craft (skill_blacksmithing) via Furnace Aurum Ingot x86 -> Aurum Ingot x430 (86 crafts)
    - Gather Cotton Fiber x3440
  - Craft via Spinning Wheel Cotton Cord x86 -> Cotton Cord x860 (86 crafts)
- Craft Aurum Buttons x430 (final)",
skill_weapon_smithing,21,22,,1,recipe_wieldable_spear_1h_0_t3_common,Wrought Iron Handspear (Common),,221,356.0,78676.0,2221.60,Rough Animal Hide-290; Copper Ore-700; Impure Iron Ore-11720; Tin Ore-700; Sapwood-66495,"Wrought Iron Handspear (Common) x221 (final)
      - Gather Sapwood x445
    - External craft (skill_building) via Wood Chopping Block Long Wood Stock x89 -> Long Wood Stock x442 (89 crafts)
          - Gather Rough Animal Hide x60
        - External craft (skill_leatherworking) via Simple Tanning Rack Rawhide x6 -> Rawhide x56 (6 crafts)
      - External craft (skill_leatherworking) via Simple Leatherworking Table Nubuck Leather x56 -> Nubuck Leather x56 (56 crafts)
    - External craft (skill_leatherworking) via Simple Leatherworking Table Coarse Leather Band x56 -> Coarse Leather Band x1105 (56 crafts)
          - Gather Tin Ore x240
          - Gather Copper Ore x240
          - Gather Sapwood x1200
        - External craft (skill_blacksmithing) via Basic Furnace Bronze Ingot x12 -> Bronze Ingot x225 (12 crafts)
      - External craft (skill_blacksmithing) via Basic Forge Bronze Bar x45 -> Bronze Bar x45 (45 crafts)
    - External craft (skill_blacksmithing) via Basic Forge Bronze Nails x45 -> Bronze Nails x2210 (45 crafts)
  - External craft (skill_blacksmithing) via Basic Forge Spear Shaft x221 -> Spear Shaft x221 (221 crafts)
          - Gather Impure Iron Ore x8360
            - Gather Sapwood x33450
          - External craft (skill_building) via Basic Charcoal Kiln Charcoal x669 -> Charcoal x16720 (669 crafts)
        - External craft (skill_blacksmithing) via Basic Furnace Iron Ingot x209 -> Iron Ingot x4170 (209 crafts)
          - Gather Sapwood x11150
        - External craft (skill_building) via Basic Charcoal Kiln Charcoal x223 -> Charcoal x5560 (223 crafts)
      - External craft (skill_blacksmithing) via Basic Furnace Wrought Iron Ingot x139 -> Wrought Iron Ingot x2765 (139 crafts)
    - External craft (skill_blacksmithing) via Basic Forge Wrought Iron Bar x553 -> Wrought Iron Bar x1105 (553 crafts)
  - External craft (skill_blacksmithing) via Forge Wrought Iron Spike x221 -> Wrought Iron Spike x221 (221 crafts)
        - Gather Tin Ore x460
        - Gather Copper Ore x460
        - Gather Sapwood x2300
      - External craft (skill_blacksmithing) via Basic Furnace Bronze Ingot x23 -> Bronze Ingot x445 (23 crafts)
    - External craft (skill_blacksmithing) via Basic Forge Bronze Bar x89 -> Bronze Bar x89 (89 crafts)
  - External craft (skill_blacksmithing) via Basic Forge Bronze Nails x89 -> Bronze Nails x4420 (89 crafts)
        - Gather Rough Animal Hide x230
      - External craft (skill_leatherworking) via Simple Tanning Rack Rawhide x23 -> Rawhide x221 (23 crafts)
    - External craft (skill_leatherworking) via Simple Leatherworking Table Nubuck Leather x221 -> Nubuck Leather x221 (221 crafts)
  - External craft (skill_leatherworking) via Simple Leatherworking Table Coarse Leather Band x221 -> Coarse Leather Band x4420 (221 crafts)
        - Gather Impure Iron Ore x3360
          - Gather Sapwood x13450
        - External craft (skill_building) via Basic Charcoal Kiln Charcoal x269 -> Charcoal x6720 (269 crafts)
      - External craft (skill_blacksmithing) via Basic Furnace Iron Ingot x84 -> Iron Ingot x1680 (84 crafts)
        - Gather Sapwood x4500
      - External craft (skill_building) via Basic Charcoal Kiln Charcoal x90 -> Charcoal x2240 (90 crafts)
    - External craft (skill_blacksmithing) via Basic Furnace Wrought Iron Ingot x56 -> Wrought Iron Ingot x1105 (56 crafts)
  - External craft (skill_blacksmithing) via Basic Forge Wrought Iron Bar x221 -> Wrought Iron Bar x442 (221 crafts)
- Craft Wrought Iron Handspear (Common) x221 (final)",Blacksmithing -> Bronze Bar x134; Blacksmithing -> Bronze Nails x6700; Blacksmithing -> Spear Shaft x221; Blacksmithing -> Wrought Iron Bar x1548; Blacksmithing -> Wrought Iron Spike x221; Carpentry -> Long Wood Stock x445; Leatherworking -> Coarse Leather Band x5540; Leatherworking -> Nubuck Leather x277
skill_weapon_smithing,21,22,,2,recipe_wieldable_sword_1h_0_t3_common,Wrought Iron Broadsword (Common),,274,287.0,78638.0,601.43,Rough Animal Hide-140; Copper Ore-2740; Impure Iron Ore-13840; Tin Ore-2740; Sapwood-85700,"Wrought Iron Broadsword (Common) x274 (final)
          - Gather Impure Iron Ore x10320
            - Gather Sapwood x41300
          - External craft (skill_building) via Basic Charcoal Kiln Charcoal x826 -> Charcoal x20640 (826 crafts)
        - External craft (skill_blacksmithing) via Basic Furnace Iron Ingot x258 -> Iron Ingot x5160 (258 crafts)
          - Gather Sapwood x13800
        - External craft (skill_building) via Basic Charcoal Kiln Charcoal x276 -> Charcoal x6880 (276 crafts)
      - External craft (skill_blacksmithing) via Basic Furnace Wrought Iron Ingot x172 -> Wrought Iron Ingot x3425 (172 crafts)
    - External craft (skill_blacksmithing) via Basic Forge Wrought Iron Bar x685 -> Wrought Iron Bar x1370 (685 crafts)
  - External craft (skill_blacksmithing) via Forge Wrought Iron Sword Blade x274 -> Wrought Iron Sword Blade x274 (274 crafts)
        - Gather Impure Iron Ore x1400
          - Gather Sapwood x5600
        - External craft (skill_building) via Basic Charcoal Kiln Charcoal x112 -> Charcoal x2800 (112 crafts)
      - External craft (skill_blacksmithing) via Basic Furnace Iron Ingot x35 -> Iron Ingot x685 (35 crafts)
    - External craft (skill_blacksmithing) via Basic Forge Iron Bar x137 -> Iron Bar x274 (137 crafts)
          - Gather Tin Ore x2740
          - Gather Copper Ore x2740
          - Gather Sapwood x13700
        - External craft (skill_blacksmithing) via Basic Furnace Bronze Ingot x137 -> Bronze Ingot x2740 (137 crafts)
      - External craft (skill_blacksmithing) via Basic Forge Bronze Bar x548 -> Bronze Bar x548 (548 crafts)
    - External craft (skill_blacksmithing) via Basic Forge Bronze Spike x274 -> Bronze Spike x274 (274 crafts)
          - Gather Rough Animal Hide x70
        - External craft (skill_leatherworking) via Simple Tanning Rack Rawhide x7 -> Rawhide x69 (7 crafts)
      - External craft (skill_leatherworking) via Simple Leatherworking Table Nubuck Leather x69 -> Nubuck Leather x69 (69 crafts)
    - External craft (skill_leatherworking) via Simple Leatherworking Table Coarse Leather Band x69 -> Coarse Leather Band x1370 (69 crafts)
  - External craft (skill_blacksmithing) via Basic Forge Sword Hilt x274 -> Sword Hilt x274 (274 crafts)
        - Gather Impure Iron Ore x2120
          - Gather Sapwood x8500
        - External craft (skill_building) via Basic Charcoal Kiln Charcoal x170 -> Charcoal x4240 (170 crafts)
      - External craft (skill_blacksmithing) via Basic Furnace Iron Ingot x53 -> Iron Ingot x1050 (53 crafts)
        - Gather Sapwood x2800
      - External craft (skill_building) via Basic Charcoal Kiln Charcoal x56 -> Charcoal x1400 (56 crafts)
    - External craft (skill_blacksmithing) via Basic Furnace Wrought Iron Ingot x35 -> Wrought Iron Ingot x685 (35 crafts)
  - External craft (skill_blacksmithing) via Basic Forge Wrought Iron Bar x137 -> Wrought Iron Bar x274 (137 crafts)
        - Gather Rough Animal Hide x70
      - External craft (skill_leatherworking) via Simple Tanning Rack Rawhide x7 -> Rawhide x69 (7 crafts)
    - External craft (skill_leatherworking) via Simple Leatherworking Table Nubuck Leather x69 -> Nubuck Leather x69 (69 crafts)
  - External craft (skill_leatherworking) via Simple Leatherworking Table Coarse Leather Band x69 -> Coarse Leather Band x1370 (69 crafts)
- Craft Wrought Iron Broadsword (Common) x274 (final)",Blacksmithing -> Bronze Bar x548; Blacksmithing -> Bronze Spike x274; Blacksmithing -> Iron Bar x274; Blacksmithing -> Sword Hilt x274; Blacksmithing -> Wrought Iron Bar x1644; Blacksmithing -> Wrought Iron Sword Blade x274; Leatherworking -> Coarse Leather Band x2760; Leatherworking -> Nubuck Leather x138
skill_weapon_smithing,21,22,,3,recipe_wieldable_tool_skinning_knife_t3_common,Wrought Iron Skinning Knife (Common),,235,334.0,78490.0,460.60,Heartwood-235; Rough Animal Hide-30; Impure Iron Ore-5200; Sapwood-24650,"Wrought Iron Skinning Knife (Common) x235 (final)
        - Gather Impure Iron Ore x2360
          - Gather Sapwood x9450
        - External craft (skill_building) via Basic Charcoal Kiln Charcoal x189 -> Charcoal x4720 (189 crafts)
      - External craft (skill_blacksmithing) via Basic Furnace Iron Ingot x59 -> Iron Ingot x1175 (59 crafts)
    - External craft (skill_blacksmithing) via Basic Forge Iron Bar x235 -> Iron Bar x470 (235 crafts)
  - External craft (skill_blacksmithing) via Basic Forge Iron Knife Blade x235 -> Iron Knife Blade x235 (235 crafts)
        - Gather Impure Iron Ore x2840
          - Gather Sapwood x11400
        - External craft (skill_building) via Basic Charcoal Kiln Charcoal x228 -> Charcoal x5680 (228 crafts)
      - External craft (skill_blacksmithing) via Basic Furnace Iron Ingot x71 -> Iron Ingot x1410 (71 crafts)
        - Gather Sapwood x3800
      - External craft (skill_building) via Basic Charcoal Kiln Charcoal x76 -> Charcoal x1880 (76 crafts)
    - External craft (skill_blacksmithing) via Basic Furnace Wrought Iron Ingot x47 -> Wrought Iron Ingot x940 (47 crafts)
  - External craft (skill_blacksmithing) via Forge Wrought Iron Sheet x470 -> Wrought Iron Sheet x470 (470 crafts)
    - Gather Heartwood x235
  - External craft (skill_building) via Wood Chopping Block Long Fine Wood Stock x47 -> Long Fine Wood Stock x235 (47 crafts)
        - Gather Rough Animal Hide x30
      - External craft (skill_leatherworking) via Simple Tanning Rack Rawhide x3 -> Rawhide x24 (3 crafts)
    - External craft (skill_leatherworking) via Simple Leatherworking Table Nubuck Leather x24 -> Nubuck Leather x24 (24 crafts)
  - External craft (skill_leatherworking) via Simple Leatherworking Table Coarse Leather Band x24 -> Coarse Leather Band x470 (24 crafts)
- Craft Wrought Iron Skinning Knife (Common) x235 (final)",Blacksmithing -> Iron Bar x470; Blacksmithing -> Iron Knife Blade x235; Blacksmithing -> Wrought Iron Sheet x470; Carpentry -> Long Fine Wood Stock x235; Leatherworking -> Coarse Leather Band x480; Leatherworking -> Nubuck Leather x24
skill_armor_smithing,13,14,,1,recipe_wearable_metal_feet_ironside_ds_t2_common,Ironside's Sabatons of Quiet Guard II (Common),,82,229.0,18778.0,816.99,Rough Animal Hide-10; Copper Ore-80; Impure Iron Ore-3360; Tin Ore-80; Sapwood-13900,"Ironside's Sabatons of Quiet Guard II (Common) x82 (final)
      - Gather Impure Iron Ore x3280
        - Gather Sapwood x13150
      - External craft (skill_building) via Basic Charcoal Kiln Charcoal x263 -> Charcoal x6560 (263 crafts)
    - External craft (skill_blacksmithing) via Basic Furnace Iron Ingot x82 -> Iron Ingot x1640 (82 crafts)
  - External craft (skill_blacksmithing) via Basic Forge Iron Sheet x820 -> Iron Sheet x820 (820 crafts)
        - Gather Rough Animal Hide x10
      - External craft (skill_leatherworking) via Simple Tanning Rack Rawhide x1 -> Rawhide x9 (1 craft)
    - External craft (skill_leatherworking) via Simple Leatherworking Table Nubuck Leather x9 -> Nubuck Leather x9 (9 crafts)
  - External craft (skill_leatherworking) via Simple Leatherworking Table Coarse Leather Band x9 -> Coarse Leather Band x164 (9 crafts)
        - Gather Tin Ore x80
        - Gather Copper Ore x80
        - Gather Sapwood x400
      - External craft (skill_blacksmithing) via Basic Furnace Bronze Ingot x4 -> Bronze Ingot x70 (4 crafts)
    - External craft (skill_blacksmithing) via Basic Forge Bronze Sheet x35 -> Bronze Sheet x35 (35 crafts)
  - External craft (skill_blacksmithing) via Basic Forge Bronze Buckle x7 -> Bronze Buckle x164 (7 crafts)
        - Gather Impure Iron Ore x80
          - Gather Sapwood x350
        - External craft (skill_building) via Basic Charcoal Kiln Charcoal x7 -> Charcoal x160 (7 crafts)
      - External craft (skill_blacksmithing) via Basic Furnace Iron Ingot x2 -> Iron Ingot x25 (2 crafts)
    - External craft (skill_blacksmithing) via Basic Forge Iron Bar x5 -> Iron Bar x9 (5 crafts)
  - External craft (skill_blacksmithing) via Basic Forge Iron Studs x9 -> Iron Studs x1640 (9 crafts)
- Craft Ironside's Sabatons of Quiet Guard II (Common) x82 (final)",Blacksmithing -> Bronze Buckle x175; Blacksmithing -> Bronze Sheet x35; Blacksmithing -> Iron Bar x10; Blacksmithing -> Iron Sheet x820; Blacksmithing -> Iron Studs x1800; Leatherworking -> Coarse Leather Band x180; Leatherworking -> Nubuck Leather x9
skill_armor_smithing,13,14,,2,recipe_wearable_metal_head_pilgrim_boe_t2_common,Pilgrim's Helmet II (Common),,82,229.0,18778.0,851.98,Rough Animal Hide-20; Copper Ore-80; Impure Iron Ore-3360; Tin Ore-80; Sapwood-13900,"Pilgrim's Helmet II (Common) x82 (final)
      - Gather Impure Iron Ore x3280
        - Gather Sapwood x13150
      - External craft (skill_building) via Basic Charcoal Kiln Charcoal x263 -> Charcoal x6560 (263 crafts)
    - External craft (skill_blacksmithing) via Basic Furnace Iron Ingot x82 -> Iron Ingot x1640 (82 crafts)
  - External craft (skill_blacksmithing) via Basic Forge Iron Sheet x820 -> Iron Sheet x820 (820 crafts)
        - Gather Rough Animal Hide x20
      - External craft (skill_leatherworking) via Simple Tanning Rack Rawhide x2 -> Rawhide x17 (2 crafts)
    - External craft (skill_leatherworking) via Simple Leatherworking Table Nubuck Leather x17 -> Nubuck Leather x17 (17 crafts)
  - External craft (skill_leatherworking) via Simple Leatherworking Table Coarse Leather Band x17 -> Coarse Leather Band x328 (17 crafts)
        - Gather Tin Ore x80
        - Gather Copper Ore x80
        - Gather Sapwood x400
      - External craft (skill_blacksmithing) via Basic Furnace Bronze Ingot x4 -> Bronze Ingot x70 (4 crafts)
    - External craft (skill_blacksmithing) via Basic Forge Bronze Sheet x35 -> Bronze Sheet x35 (35 crafts)
  - External craft (skill_blacksmithing) via Basic Forge Bronze Buckle x7 -> Bronze Buckle x164 (7 crafts)
        - Gather Impure Iron Ore x80
          - Gather Sapwood x350
        - External craft (skill_building) via Basic Charcoal Kiln Charcoal x7 -> Charcoal x160 (7 crafts)
      - External craft (skill_blacksmithing) via Basic Furnace Iron Ingot x2 -> Iron Ingot x25 (2 crafts)
    - External craft (skill_blacksmithing) via Basic Forge Iron Bar x5 -> Iron Bar x9 (5 crafts)
  - External craft (skill_blacksmithing) via Basic Forge Iron Studs x9 -> Iron Studs x1640 (9 crafts)
- Craft Pilgrim's Helmet II (Common) x82 (final)",Blacksmithing -> Bronze Buckle x175; Blacksmithing -> Bronze Sheet x35; Blacksmithing -> Iron Bar x10; Blacksmithing -> Iron Sheet x820; Blacksmithing -> Iron Studs x1800; Leatherworking -> Coarse Leather Band x340; Leatherworking -> Nubuck Leather x17
skill_armor_smithing,13,14,,3,recipe_wearable_metal_arms_pilgrim_0_t2_common,Pilgrim's Vambraces II (Common),,71,263.0,18673.0,600.90,Rough Animal Hide-10; Copper Ore-60; Impure Iron Ore-1480; Tin Ore-60; Sapwood-6300,"Pilgrim's Vambraces II (Common) x71 (final)
      - Gather Impure Iron Ore x1440
        - Gather Sapwood x5800
      - External craft (skill_building) via Basic Charcoal Kiln Charcoal x116 -> Charcoal x2880 (116 crafts)
    - External craft (skill_blacksmithing) via Basic Furnace Iron Ingot x36 -> Iron Ingot x710 (36 crafts)
  - External craft (skill_blacksmithing) via Basic Forge Iron Sheet x355 -> Iron Sheet x355 (355 crafts)
        - Gather Rough Animal Hide x10
      - External craft (skill_leatherworking) via Simple Tanning Rack Rawhide x1 -> Rawhide x8 (1 craft)
    - External craft (skill_leatherworking) via Simple Leatherworking Table Nubuck Leather x8 -> Nubuck Leather x8 (8 crafts)
  - External craft (skill_leatherworking) via Simple Leatherworking Table Coarse Leather Band x8 -> Coarse Leather Band x142 (8 crafts)
        - Gather Tin Ore x60
        - Gather Copper Ore x60
        - Gather Sapwood x300
      - External craft (skill_blacksmithing) via Basic Furnace Bronze Ingot x3 -> Bronze Ingot x60 (3 crafts)
    - External craft (skill_blacksmithing) via Basic Forge Bronze Sheet x30 -> Bronze Sheet x30 (30 crafts)
  - External craft (skill_blacksmithing) via Basic Forge Bronze Buckle x6 -> Bronze Buckle x142 (6 crafts)
        - Gather Impure Iron Ore x40
          - Gather Sapwood x200
        - External craft (skill_building) via Basic Charcoal Kiln Charcoal x4 -> Charcoal x80 (4 crafts)
      - External craft (skill_blacksmithing) via Basic Furnace Iron Ingot x1 -> Iron Ingot x20 (1 craft)
    - External craft (skill_blacksmithing) via Basic Forge Iron Bar x4 -> Iron Bar x8 (4 crafts)
  - External craft (skill_blacksmithing) via Basic Forge Iron Studs x8 -> Iron Studs x1420 (8 crafts)
- Craft Pilgrim's Vambraces II (Common) x71 (final)",Blacksmithing -> Bronze Buckle x150; Blacksmithing -> Bronze Sheet x30; Blacksmithing -> Iron Bar x8; Blacksmithing -> Iron Sheet x355; Blacksmithing -> Iron Studs x1600; Leatherworking -> Coarse Leather Band x160; Leatherworking -> Nubuck Leather x8
skill_jewelerycrafting,13,14,,1,recipe_wearable_jewellery_bracelet_poor_9,Small Silver Bracelet (Poor),,58,325.0,18850.0,23.20,Impure Iron Ore-200; Sapwood-1050,"Small Silver Bracelet (Poor) x58 (final)
      - Gather Impure Iron Ore x200
        - Gather Sapwood x800
      - External craft (skill_building) via Basic Charcoal Kiln Charcoal x16 -> Charcoal x400 (16 crafts)
    - External craft (skill_blacksmithing) via Basic Furnace Iron Ingot x5 -> Iron Ingot x90 (5 crafts)
      - Gather Sapwood x250
    - External craft (skill_building) via Basic Charcoal Kiln Charcoal x5 -> Charcoal x120 (5 crafts)
  - External craft (skill_blacksmithing) via Basic Furnace Wrought Iron Ingot x3 -> Wrought Iron Ingot x58 (3 crafts)
- Craft Small Silver Bracelet (Poor) x58 (final)",
skill_jewelerycrafting,13,14,,2,recipe_wearable_jewellery_bracelet_common_7,Shiny Silver Bracelet (Common),,61,309.0,18849.0,24.40,Impure Iron Ore-240; Sapwood-1350,"Shiny Silver Bracelet (Common) x61 (final)
      - Gather Impure Iron Ore x240
        - Gather Sapwood x1000
      - External craft (skill_building) via Basic Charcoal Kiln Charcoal x20 -> Charcoal x480 (20 crafts)
    - External craft (skill_blacksmithing) via Basic Furnace Iron Ingot x6 -> Iron Ingot x120 (6 crafts)
      - Gather Sapwood x350
    - External craft (skill_building) via Basic Charcoal Kiln Charcoal x7 -> Charcoal x160 (7 crafts)
  - External craft (skill_blacksmithing) via Basic Furnace Wrought Iron Ingot x4 -> Wrought Iron Ingot x61 (4 crafts)
- Craft Shiny Silver Bracelet (Common) x61 (final)",
skill_jewelerycrafting,13,14,,3,recipe_wearable_jewellery_earring_common_3,Slender Bronze Earring (Common),,127,147.0,18669.0,26.25,Copper Ore-260; Sapwood-800,"Slender Bronze Earring (Common) x127 (final)
    - Gather Copper Ore x260
      - Gather Sapwood x800
    - External craft (skill_building) via Basic Charcoal Kiln Charcoal x16 -> Charcoal x390 (16 crafts)
  - External craft (skill_blacksmithing) via Basic Furnace Copper Ingot x13 -> Copper Ingot x127 (13 crafts)
- Craft Slender Bronze Earring (Common) x127 (final)",
skill_alchemy,15,16,,1,recipe_activatable_potion_potion_of_vitality_very_small_27,Weak Tonic of Vitality III,,114,242.0,27588.0,427.22,Amanita Regalis-115; Water-1027; Sand-6840; Sapwood-6950,"Weak Tonic of Vitality III x114 (final)
    - Gather Amanita Regalis x115
      - Gather Sapwood x100
    - External craft (skill_building) via Basic Charcoal Kiln Charcoal x2 -> Charcoal x46 (2 crafts)
    - Gather Water x115
  - Craft via Basic Reagent Distiller Amanita Regalis Extract x23 -> Amanita Regalis Extract x228 (23 crafts)
  - Gather Water x912
      - Gather Sand x6840
        - Gather Sapwood x6850
      - External craft (skill_building) via Basic Charcoal Kiln Charcoal x137 -> Charcoal x3420 (137 crafts)
    - External craft (skill_building) via Basic Furnace Rough Glass x171 -> Rough Glass x1710 (171 crafts)
  - External craft (skill_blacksmithing) via Basic Forge Small Vial x114 -> Small Vial x570 (114 crafts)
- Craft Weak Tonic of Vitality III x114 (final)",Blacksmithing -> Small Vial x570
skill_alchemy,15,16,,2,recipe_activatable_potion_potion_of_spirit_very_small_26,Small Potion of Spirit III,,114,242.0,27588.0,443.13,Water-1027; Datura's Leaves-115; Sand-6840; Sapwood-6950,"Small Potion of Spirit III x114 (final)
    - Gather Datura's Leaves x115
      - Gather Sapwood x100
    - External craft (skill_building) via Basic Charcoal Kiln Charcoal x2 -> Charcoal x46 (2 crafts)
    - Gather Water x115
  - Craft via Basic Reagent Distiller Datura Leaf Extract x23 -> Datura Leaf Extract x228 (23 crafts)
  - Gather Water x912
      - Gather Sand x6840
        - Gather Sapwood x6850
      - External craft (skill_building) via Basic Charcoal Kiln Charcoal x137 -> Charcoal x3420 (137 crafts)
    - External craft (skill_building) via Basic Furnace Rough Glass x171 -> Rough Glass x1710 (171 crafts)
  - External craft (skill_blacksmithing) via Basic Forge Small Vial x114 -> Small Vial x570 (114 crafts)
- Craft Small Potion of Spirit III x114 (final)",Blacksmithing -> Small Vial x570
skill_alchemy,15,16,,3,recipe_activatable_potion_potion_of_protection_very_small_32,Aegis Potion V,,99,278.0,27522.0,384.82,Water-892; Castor Plant-100; Sand-5960; Sapwood-6100,"Aegis Potion V x99 (final)
    - Gather Castor Plant x100
      - Gather Sapwood x100
    - External craft (skill_building) via Basic Charcoal Kiln Charcoal x2 -> Charcoal x40 (2 crafts)
    - Gather Water x100
  - Craft via Basic Reagent Distiller Castor Extract x20 -> Castor Extract x198 (20 crafts)
  - Gather Water x792
      - Gather Sand x5960
        - Gather Sapwood x6000
      - External craft (skill_building) via Basic Charcoal Kiln Charcoal x120 -> Charcoal x2980 (120 crafts)
    - External craft (skill_building) via Basic Furnace Rough Glass x149 -> Rough Glass x1485 (149 crafts)
  - External craft (skill_blacksmithing) via Basic Forge Small Vial x99 -> Small Vial x495 (99 crafts)
- Craft Aegis Potion V x99 (final)",Blacksmithing -> Small Vial x495
skill_winery_and_brewing,15,16,,1,recipe_activatable_drink_ale_resistancebuff_18,Meadow Song Ale,,147,189.0,27783.0,795.02,Water-2955; Barley Grain-2220; Rye Grain-1480,"Meadow Song Ale x147 (final)
      - Gather Barley Grain x2220
    - Craft via Basic Fermenter Malt x111 -> Malt x2220 (111 crafts)
      - Gather Water x740
        - Gather Rye Grain x740
      - External craft (skill_baking) via Millstone Rye Flour x37 -> Rye Flour x740 (37 crafts)
    - External craft (skill_baking) via Basic Fermenter Yeast x37 -> Yeast x740 (37 crafts)
    - Gather Water x740
  - Craft via Basic Fermenter Cloudy Ale Base x74 -> Cloudy Ale Base x735 (74 crafts)
    - Gather Water x740
      - Gather Rye Grain x740
    - External craft (skill_baking) via Millstone Rye Flour x37 -> Rye Flour x740 (37 crafts)
  - External craft (skill_baking) via Basic Fermenter Yeast x37 -> Yeast x735 (37 crafts)
  - Gather Water x735
- Craft Meadow Song Ale x147 (final)",
skill_winery_and_brewing,15,16,,2,recipe_activatable_drink_mead_staminaregen_8,Weak Mead,,136,204.0,27744.0,228.93,Water-280; Barley Grain-140; Rye Grain-140,"Weak Mead x136 (final)
  - External craft (skill_cooking) via Basic Beehive Honey x136 -> Honey x680 (136 crafts)
      - Gather Barley Grain x140
    - Craft via Basic Fermenter Malt x7 -> Malt x140 (7 crafts)
      - Gather Water x140
        - Gather Rye Grain x140
      - External craft (skill_baking) via Millstone Rye Flour x7 -> Rye Flour x140 (7 crafts)
    - External craft (skill_baking) via Basic Fermenter Yeast x7 -> Yeast x140 (7 crafts)
    - Gather Water x140
  - Craft via Basic Fermenter Weak Mead Base x14 -> Weak Mead Base x136 (14 crafts)
- Craft Weak Mead x136 (final)",
skill_winery_and_brewing,15,16,,3,recipe_activatable_drink_mead_staminaregen_16,Blueberry Mead,,114,243.0,27702.0,228.38,Blueberry-570; Water-240; Barley Grain-120; Rye Grain-120,"Blueberry Mead x114 (final)
  - External craft (skill_cooking) via Basic Beehive Honey x114 -> Honey x570 (114 crafts)
      - Gather Barley Grain x120
    - Craft via Basic Fermenter Malt x6 -> Malt x120 (6 crafts)
      - Gather Water x120
        - Gather Rye Grain x120
      - External craft (skill_baking) via Millstone Rye Flour x6 -> Rye Flour x120 (6 crafts)
    - External craft (skill_baking) via Basic Fermenter Yeast x6 -> Yeast x120 (6 crafts)
    - Gather Water x120
  - Craft via Basic Fermenter Weak Mead Base x12 -> Weak Mead Base x114 (12 crafts)
  - Gather Blueberry x570
- Craft Blueberry Mead x114 (final)",
skill_fletching,16,17,,1,recipe_wieldable_bow_2h_0_t2_common,Longbow (Common),,986,19.0,18734.0,2789.35,Boar Sinew-4930; Rough Animal Hide-500; Sapwood-2960; Resin-6902,"Longbow (Common) x986 (final)
      - Gather Sapwood x2960
    - External craft (skill_building) via Wood Chopping Block Long Wood Stock x592 -> Long Wood Stock x2958 (592 crafts)
    - Gather Resin x6902
    - External craft (skill_cooking) via Basic Beehive Beeswax x1972 -> Beeswax x9860 (1972 crafts)
  - Craft via Basic Fletching Table Rough Bow Stave x986 -> Rough Bow Stave x986 (986 crafts)
  - Gather Boar Sinew x4930
        - Gather Rough Animal Hide x500
      - External craft (skill_leatherworking) via Simple Tanning Rack Rawhide x50 -> Rawhide x493 (50 crafts)
    - External craft (skill_leatherworking) via Simple Leatherworking Table Nubuck Leather x493 -> Nubuck Leather x493 (493 crafts)
  - External craft (skill_leatherworking) via Simple Leatherworking Table Coarse Leather Band x493 -> Coarse Leather Band x9860 (493 crafts)
- Craft Longbow (Common) x986 (final)",Carpentry -> Long Wood Stock x2960; Leatherworking -> Coarse Leather Band x9860; Leatherworking -> Nubuck Leather x493
skill_fletching,16,17,,2,recipe_projectile_wrought_iron_head_arrow,Wrought Iron Tipped Arrow,,1457,23.0,33511.0,9251.95,Impure Iron Ore-4400; Sapwood-30735,"Wrought Iron Tipped Arrow x1457 (final)
    - Gather Sapwood x7285
  - External craft (skill_building) via Wood Chopping Block Long Wood Stock x1457 -> Long Wood Stock x7285 (1457 crafts)
        - Gather Impure Iron Ore x4400
          - Gather Sapwood x17600
        - External craft (skill_building) via Basic Charcoal Kiln Charcoal x352 -> Charcoal x8800 (352 crafts)
      - External craft (skill_blacksmithing) via Basic Furnace Iron Ingot x110 -> Iron Ingot x2190 (110 crafts)
        - Gather Sapwood x5850
      - External craft (skill_building) via Basic Charcoal Kiln Charcoal x117 -> Charcoal x2920 (117 crafts)
    - External craft (skill_blacksmithing) via Basic Furnace Wrought Iron Ingot x73 -> Wrought Iron Ingot x1460 (73 crafts)
  - External craft (skill_blacksmithing) via Forge Wrought Iron Arrowhead x292 -> Wrought Iron Arrowhead x7285 (292 crafts)
- Craft Wrought Iron Tipped Arrow x1457 (final)",Blacksmithing -> Wrought Iron Arrowhead x7300; Carpentry -> Long Wood Stock x7285
skill_fletching,16,17,,3,recipe_item_bow_stave_rough,Rough Bow Stave,,2234,15.0,33510.0,6986.46,Sapwood-6705; Resin-15638,"Rough Bow Stave x2234 (final)
    - Gather Sapwood x6705
  - External craft (skill_building) via Wood Chopping Block Long Wood Stock x1341 -> Long Wood Stock x6702 (1341 crafts)
  - Gather Resin x15638
  - External craft (skill_cooking) via Basic Beehive Beeswax x4468 -> Beeswax x22340 (4468 crafts)
- Craft Rough Bow Stave x2234 (final)",Carpentry -> Long Wood Stock x6705
skill_baking,19,20,,1,recipe_item_material_dough_wheat,Wheat Dough,,202,280.0,56560.0,650.44,Water-1230; Rye Grain-220; Wheat Grain-420,"Wheat Dough x202 (final)
    - Gather Wheat Grain x420
  - Craft via Grain Mill Wheat Flour x21 -> Wheat Flour x404 (21 crafts)
    - Gather Water x220
      - Gather Rye Grain x220
    - Craft via Millstone Rye Flour x11 -> Rye Flour x220 (11 crafts)
  - Craft via Basic Fermenter Yeast x11 -> Yeast x202 (11 crafts)
  - Gather Water x1010
- Craft Wheat Dough x202 (final)",
skill_baking,19,20,,2,recipe_activatable_foodcooked_bread_hpregen_20,Barley and Rye Bread,,2175,26.0,56550.0,2187.69,Water-2615; Suet-1740; Barley Grain-880; Rye Grain-4790,"Barley and Rye Bread x2175 (final)
      - Gather Barley Grain x880
    - Craft via Millstone Barley Flour x44 -> Barley Flour x870 (44 crafts)
      - Gather Water x440
        - Gather Rye Grain x440
      - Craft via Millstone Rye Flour x22 -> Rye Flour x440 (22 crafts)
    - Craft via Basic Fermenter Yeast x22 -> Yeast x435 (22 crafts)
    - Gather Water x2175
  - Craft via Basic Cooking Workbench Barley Dough x435 -> Barley Dough x2175 (435 crafts)
  - Gather Rye Grain x4350
    - Gather Suet x1740
  - External craft (skill_cooking) via Basic Cooking Hearth Tallow x870 -> Tallow x4350 (870 crafts)
- Craft Barley and Rye Bread x2175 (final)",Cooking -> Tallow x4350
skill_baking,19,20,,3,recipe_activatable_foodcooked_bread_hpregen_28,Plain Oat Bread,,181,303.0,54843.0,167.73,Water-225; Suet-146; Oat Grain-80; Rye Grain-40,"Plain Oat Bread x181 (final)
      - Gather Oat Grain x80
    - Craft via Grain Mill Oat Flour x4 -> Oat Flour x74 (4 crafts)
      - Gather Water x40
        - Gather Rye Grain x40
      - Craft via Millstone Rye Flour x2 -> Rye Flour x40 (2 crafts)
    - Craft via Basic Fermenter Yeast x2 -> Yeast x37 (2 crafts)
    - Gather Water x185
  - Craft via Basic Cooking Workbench Oat Dough x37 -> Oat Dough x181 (37 crafts)
    - Gather Suet x146
  - External craft (skill_cooking) via Basic Cooking Hearth Tallow x73 -> Tallow x362 (73 crafts)
- Craft Plain Oat Bread x181 (final)",Cooking -> Tallow x365
skill_charcuterie,23,24,,1,recipe_artisan-crafted_deer,Skillfully Butchered Deer,,400,273.0,109200.0,24.80,Deer Carcass-400,"Skillfully Butchered Deer x400 (final)
  - Gather Deer Carcass x400
- Craft Skillfully Butchered Deer x400 (final)",
skill_charcuterie,23,24,,2,recipe_standard-cut_wolf,Well Parted Chamois,,305,358.0,109190.0,37.06,Chamois Carcass-305,"Well Parted Chamois x305 (final)
  - Gather Chamois Carcass x305
- Craft Well Parted Chamois x305 (final)",
skill_charcuterie,23,24,,3,recipe_quality_butchered_boar,Butchered Boar,,299,365.0,109135.0,18.84,Boar Carcass-299,"Butchered Boar x299 (final)
  - Gather Boar Carcass x299
- Craft Butchered Boar x299 (final)",
skill_tailoring,24,25,,1,recipe_item_material_pressed_wool_felt,Wool Felt,,311,408.0,126888.0,1804.84,Antler-311; Wool Fiber-16220,"Wool Felt x311 (final)
      - Gather Wool Fiber x10000
    - Craft via Spinning Wheel Wool Yarn x500 -> Wool Yarn x5000 (500 crafts)
  - Craft via Loom Wool Cloth x125 -> Wool Cloth x622 (125 crafts)
    - Gather Wool Fiber x6220
  - Craft via Spinning Wheel Wool Yarn x311 -> Wool Yarn x3110 (311 crafts)
    - Gather Antler x311
  - Craft via Tailoring Table Horn Needles x311 -> Horn Needles x1555 (311 crafts)
- Craft Wool Felt x311 (final)",
skill_tailoring,24,25,,2,recipe_wearable_cloth_head_rp_hat_06_somber,Silverleaf Bourrelet,,354,364.0,128856.0,678.62,Wool Fiber-1420; Bone Fragments-72; Opal-1416; Flax Fiber-17040,"Silverleaf Bourrelet x354 (final)
      - Gather Flax Fiber x17040
    - Craft via Spinning Wheel Linen String x568 -> Linen String x5680 (568 crafts)
  - Craft via Simple Loom Linen Cloth x142 -> Linen Cloth x708 (142 crafts)
    - Gather Wool Fiber x1420
  - Craft via Spinning Wheel Wool Yarn x71 -> Wool Yarn x708 (71 crafts)
    - Gather Bone Fragments x72
  - Craft via Simple Tailoring Table Sewing Needles x36 -> Sewing Needles x354 (36 crafts)
  - Gather Opal x1416
- Craft Silverleaf Bourrelet x354 (final)",
skill_tailoring,24,25,,3,recipe_item_material_button_gold,Aurum Buttons,,404,292.0,117968.0,562.91,Aurum Ore-810; Cotton Fiber-3240; Sapwood-3250,"Aurum Buttons x404 (final)
    - Gather Aurum Ore x810
      - Gather Sapwood x3250
    - External craft (skill_building) via Basic Charcoal Kiln Charcoal x65 -> Charcoal x1620 (65 crafts)
  - External craft (skill_blacksmithing) via Furnace Aurum Ingot x81 -> Aurum Ingot x404 (81 crafts)
    - Gather Cotton Fiber x3240
  - Craft via Spinning Wheel Cotton Cord x81 -> Cotton Cord x808 (81 crafts)
- Craft Aurum Buttons x404 (final)",
skill_weapon_smithing,22,23,,1,recipe_wieldable_mace_2h_0_t3_common,Wrought Iron Greatmaul (Common),,296,311.0,92056.0,1776.25,Rough Animal Hide-160; Copper Ore-80; Impure Iron Ore-25520; Tin Ore-80; Sapwood-134500,"Wrought Iron Greatmaul (Common) x296 (final)
        - Gather Impure Iron Ore x1200
          - Gather Sapwood x4800
        - External craft (skill_building) via Basic Charcoal Kiln Charcoal x96 -> Charcoal x2400 (96 crafts)
      - External craft (skill_blacksmithing) via Basic Furnace Iron Ingot x30 -> Iron Ingot x592 (30 crafts)
    - External craft (skill_blacksmithing) via Basic Forge Iron Sheet x296 -> Iron Sheet x296 (296 crafts)
          - Gather Rough Animal Hide x80
        - External craft (skill_leatherworking) via Simple Tanning Rack Rawhide x8 -> Rawhide x74 (8 crafts)
      - External craft (skill_leatherworking) via Simple Leatherworking Table Nubuck Leather x74 -> Nubuck Leather x74 (74 crafts)
    - External craft (skill_leatherworking) via Simple Leatherworking Table Coarse Leather Band x74 -> Coarse Leather Band x1480 (74 crafts)
          - Gather Tin Ore x80
          - Gather Copper Ore x80
          - Gather Sapwood x400
        - External craft (skill_blacksmithing) via Basic Furnace Bronze Ingot x4 -> Bronze Ingot x75 (4 crafts)
      - External craft (skill_blacksmithing) via Basic Forge Bronze Bar x15 -> Bronze Bar x15 (15 crafts)
    - External craft (skill_blacksmithing) via Basic Forge Bronze Studs x15 -> Bronze Studs x2960 (15 crafts)
  - External craft (skill_blacksmithing) via Basic Forge Mace Grip x296 -> Mace Grip x296 (296 crafts)
      - Gather Impure Iron Ore x1800
        - Gather Sapwood x7200
      - External craft (skill_building) via Basic Charcoal Kiln Charcoal x144 -> Charcoal x3600 (144 crafts)
    - External craft (skill_blacksmithing) via Basic Furnace Iron Ingot x45 -> Iron Ingot x900 (45 crafts)
      - Gather Sapwood x2400
    - External craft (skill_building) via Basic Charcoal Kiln Charcoal x48 -> Charcoal x1200 (48 crafts)
  - External craft (skill_blacksmithing) via Basic Furnace Wrought Iron Ingot x30 -> Wrought Iron Ingot x592 (30 crafts)
          - Gather Impure Iron Ore x22200
            - Gather Sapwood x88800
          - External craft (skill_building) via Basic Charcoal Kiln Charcoal x1776 -> Charcoal x44400 (1776 crafts)
        - External craft (skill_blacksmithing) via Basic Furnace Iron Ingot x555 -> Iron Ingot x11100 (555 crafts)
          - Gather Sapwood x29600
        - External craft (skill_building) via Basic Charcoal Kiln Charcoal x592 -> Charcoal x14800 (592 crafts)
      - External craft (skill_blacksmithing) via Basic Furnace Wrought Iron Ingot x370 -> Wrought Iron Ingot x7400 (370 crafts)
    - External craft (skill_blacksmithing) via Basic Forge Wrought Iron Bar x1480 -> Wrought Iron Bar x2960 (1480 crafts)
  - External craft (skill_blacksmithing) via Forge Wrought Iron Spike x592 -> Wrought Iron Spike x592 (592 crafts)
        - Gather Rough Animal Hide x80
      - External craft (skill_leatherworking) via Simple Tanning Rack Rawhide x8 -> Rawhide x74 (8 crafts)
    - External craft (skill_leatherworking) via Simple Leatherworking Table Nubuck Leather x74 -> Nubuck Leather x74 (74 crafts)
  - External craft (skill_leatherworking) via Simple Leatherworking Table Coarse Leather Band x74 -> Coarse Leather Band x1480 (74 crafts)
        - Gather Impure Iron Ore x320
          - Gather Sapwood x1300
        - External craft (skill_building) via Basic Charcoal Kiln Charcoal x26 -> Charcoal x640 (26 crafts)
      - External craft (skill_blacksmithing) via Basic Furnace Iron Ingot x8 -> Iron Ingot x150 (8 crafts)
    - External craft (skill_blacksmithing) via Basic Forge Iron Bar x30 -> Iron Bar x60 (30 crafts)
  - External craft (skill_blacksmithing) via Basic Forge Iron Nails x60 -> Iron Nails x2960 (60 crafts)
- Craft Wrought Iron Greatmaul (Common) x296 (final)",Blacksmithing -> Bronze Bar x15; Blacksmithing -> Bronze Studs x3000; Blacksmithing -> Iron Bar x60; Blacksmithing -> Iron Nails x3000; Blacksmithing -> Iron Sheet x296; Blacksmithing -> Mace Grip x296; Blacksmithing -> Wrought Iron Bar x2960; Blacksmithing -> Wrought Iron Spike x592; Leatherworking -> Coarse Leather Band x2960; Leatherworking -> Nubuck Leather x148
skill_weapon_smithing,22,23,,2,recipe_wieldable_mace_1h_0_t3_common,Wrought Iron Mace (Common),,250,368.0,92000.0,1500.21,Rough Animal Hide-140; Copper Ore-80; Impure Iron Ore-21600; Tin Ore-80; Sapwood-113900,"Wrought Iron Mace (Common) x250 (final)
        - Gather Impure Iron Ore x1000
          - Gather Sapwood x4000
        - External craft (skill_building) via Basic Charcoal Kiln Charcoal x80 -> Charcoal x2000 (80 crafts)
      - External craft (skill_blacksmithing) via Basic Furnace Iron Ingot x25 -> Iron Ingot x500 (25 crafts)
    - External craft (skill_blacksmithing) via Basic Forge Iron Sheet x250 -> Iron Sheet x250 (250 crafts)
          - Gather Rough Animal Hide x70
        - External craft (skill_leatherworking) via Simple Tanning Rack Rawhide x7 -> Rawhide x63 (7 crafts)
      - External craft (skill_leatherworking) via Simple Leatherworking Table Nubuck Leather x63 -> Nubuck Leather x63 (63 crafts)
    - External craft (skill_leatherworking) via Simple Leatherworking Table Coarse Leather Band x63 -> Coarse Leather Band x1250 (63 crafts)
          - Gather Tin Ore x80
          - Gather Copper Ore x80
          - Gather Sapwood x400
        - External craft (skill_blacksmithing) via Basic Furnace Bronze Ingot x4 -> Bronze Ingot x65 (4 crafts)
      - External craft (skill_blacksmithing) via Basic Forge Bronze Bar x13 -> Bronze Bar x13 (13 crafts)
    - External craft (skill_blacksmithing) via Basic Forge Bronze Studs x13 -> Bronze Studs x2500 (13 crafts)
  - External craft (skill_blacksmithing) via Basic Forge Mace Grip x250 -> Mace Grip x250 (250 crafts)
      - Gather Impure Iron Ore x1520
        - Gather Sapwood x6100
      - External craft (skill_building) via Basic Charcoal Kiln Charcoal x122 -> Charcoal x3040 (122 crafts)
    - External craft (skill_blacksmithing) via Basic Furnace Iron Ingot x38 -> Iron Ingot x750 (38 crafts)
      - Gather Sapwood x2000
    - External craft (skill_building) via Basic Charcoal Kiln Charcoal x40 -> Charcoal x1000 (40 crafts)
  - External craft (skill_blacksmithing) via Basic Furnace Wrought Iron Ingot x25 -> Wrought Iron Ingot x500 (25 crafts)
          - Gather Impure Iron Ore x18800
            - Gather Sapwood x75200
          - External craft (skill_building) via Basic Charcoal Kiln Charcoal x1504 -> Charcoal x37600 (1504 crafts)
        - External craft (skill_blacksmithing) via Basic Furnace Iron Ingot x470 -> Iron Ingot x9390 (470 crafts)
          - Gather Sapwood x25050
        - External craft (skill_building) via Basic Charcoal Kiln Charcoal x501 -> Charcoal x12520 (501 crafts)
      - External craft (skill_blacksmithing) via Basic Furnace Wrought Iron Ingot x313 -> Wrought Iron Ingot x6250 (313 crafts)
    - External craft (skill_blacksmithing) via Basic Forge Wrought Iron Bar x1250 -> Wrought Iron Bar x2500 (1250 crafts)
  - External craft (skill_blacksmithing) via Forge Wrought Iron Spike x500 -> Wrought Iron Spike x500 (500 crafts)
        - Gather Rough Animal Hide x70
      - External craft (skill_leatherworking) via Simple Tanning Rack Rawhide x7 -> Rawhide x63 (7 crafts)
    - External craft (skill_leatherworking) via Simple Leatherworking Table Nubuck Leather x63 -> Nubuck Leather x63 (63 crafts)
  - External craft (skill_leatherworking) via Simple Leatherworking Table Coarse Leather Band x63 -> Coarse Leather Band x1250 (63 crafts)
        - Gather Impure Iron Ore x280
          - Gather Sapwood x1150
        - External craft (skill_building) via Basic Charcoal Kiln Charcoal x23 -> Charcoal x560 (23 crafts)
      - External craft (skill_blacksmithing) via Basic Furnace Iron Ingot x7 -> Iron Ingot x125 (7 crafts)
    - External craft (skill_blacksmithing) via Basic Forge Iron Bar x25 -> Iron Bar x50 (25 crafts)
  - External craft (skill_blacksmithing) via Basic Forge Iron Nails x50 -> Iron Nails x2500 (50 crafts)
- Craft Wrought Iron Mace (Common) x250 (final)",Blacksmithing -> Bronze Bar x13; Blacksmithing -> Bronze Studs x2600; Blacksmithing -> Iron Bar x50; Blacksmithing -> Iron Nails x2500; Blacksmithing -> Iron Sheet x250; Blacksmithing -> Mace Grip x250; Blacksmithing -> Wrought Iron Bar x2500; Blacksmithing -> Wrought Iron Spike x500; Leatherworking -> Coarse Leather Band x2520; Leatherworking -> Nubuck Leather x126
skill_weapon_smithing,22,23,,3,recipe_wieldable_tool_skinning_knife_t3_common,Wrought Iron Skinning Knife (Common),,241,381.0,91821.0,472.36,Heartwood-245; Rough Animal Hide-30; Impure Iron Ore-5400; Sapwood-25600,"Wrought Iron Skinning Knife (Common) x241 (final)
        - Gather Impure Iron Ore x2440
          - Gather Sapwood x9800
        - External craft (skill_building) via Basic Charcoal Kiln Charcoal x196 -> Charcoal x4880 (196 crafts)
      - External craft (skill_blacksmithing) via Basic Furnace Iron Ingot x61 -> Iron Ingot x1205 (61 crafts)
    - External craft (skill_blacksmithing) via Basic Forge Iron Bar x241 -> Iron Bar x482 (241 crafts)
  - External craft (skill_blacksmithing) via Basic Forge Iron Knife Blade x241 -> Iron Knife Blade x241 (241 crafts)
        - Gather Impure Iron Ore x2960
          - Gather Sapwood x11850
        - External craft (skill_building) via Basic Charcoal Kiln Charcoal x237 -> Charcoal x5920 (237 crafts)
      - External craft (skill_blacksmithing) via Basic Furnace Iron Ingot x74 -> Iron Ingot x1470 (74 crafts)
        - Gather Sapwood x3950
      - External craft (skill_building) via Basic Charcoal Kiln Charcoal x79 -> Charcoal x1960 (79 crafts)
    - External craft (skill_blacksmithing) via Basic Furnace Wrought Iron Ingot x49 -> Wrought Iron Ingot x964 (49 crafts)
  - External craft (skill_blacksmithing) via Forge Wrought Iron Sheet x482 -> Wrought Iron Sheet x482 (482 crafts)
    - Gather Heartwood x245
  - External craft (skill_building) via Wood Chopping Block Long Fine Wood Stock x49 -> Long Fine Wood Stock x241 (49 crafts)
        - Gather Rough Animal Hide x30
      - External craft (skill_leatherworking) via Simple Tanning Rack Rawhide x3 -> Rawhide x25 (3 crafts)
    - External craft (skill_leatherworking) via Simple Leatherworking Table Nubuck Leather x25 -> Nubuck Leather x25 (25 crafts)
  - External craft (skill_leatherworking) via Simple Leatherworking Table Coarse Leather Band x25 -> Coarse Leather Band x482 (25 crafts)
- Craft Wrought Iron Skinning Knife (Common) x241 (final)",Blacksmithing -> Iron Bar x482; Blacksmithing -> Iron Knife Blade x241; Blacksmithing -> Wrought Iron Sheet x482; Carpentry -> Long Fine Wood Stock x245; Leatherworking -> Coarse Leather Band x500; Leatherworking -> Nubuck Leather x25
skill_armor_smithing,14,15,,1,recipe_wearable_metal_arms_pilgrim_0_t2_common,Pilgrim's Vambraces II (Common),,86,264.0,22704.0,727.85,Rough Animal Hide-10; Copper Ore-80; Impure Iron Ore-1800; Tin Ore-80; Sapwood-7650,"Pilgrim's Vambraces II (Common) x86 (final)
      - Gather Impure Iron Ore x1720
        - Gather Sapwood x6900
      - External craft (skill_building) via Basic Charcoal Kiln Charcoal x138 -> Charcoal x3440 (138 crafts)
    - External craft (skill_blacksmithing) via Basic Furnace Iron Ingot x43 -> Iron Ingot x860 (43 crafts)
  - External craft (skill_blacksmithing) via Basic Forge Iron Sheet x430 -> Iron Sheet x430 (430 crafts)
        - Gather Rough Animal Hide x10
      - External craft (skill_leatherworking) via Simple Tanning Rack Rawhide x1 -> Rawhide x9 (1 craft)
    - External craft (skill_leatherworking) via Simple Leatherworking Table Nubuck Leather x9 -> Nubuck Leather x9 (9 crafts)
  - External craft (skill_leatherworking) via Simple Leatherworking Table Coarse Leather Band x9 -> Coarse Leather Band x172 (9 crafts)
        - Gather Tin Ore x80
        - Gather Copper Ore x80
        - Gather Sapwood x400
      - External craft (skill_blacksmithing) via Basic Furnace Bronze Ingot x4 -> Bronze Ingot x70 (4 crafts)
    - External craft (skill_blacksmithing) via Basic Forge Bronze Sheet x35 -> Bronze Sheet x35 (35 crafts)
  - External craft (skill_blacksmithing) via Basic Forge Bronze Buckle x7 -> Bronze Buckle x172 (7 crafts)
        - Gather Impure Iron Ore x80
          - Gather Sapwood x350
        - External craft (skill_building) via Basic Charcoal Kiln Charcoal x7 -> Charcoal x160 (7 crafts)
      - External craft (skill_blacksmithing) via Basic Furnace Iron Ingot x2 -> Iron Ingot x25 (2 crafts)
    - External craft (skill_blacksmithing) via Basic Forge Iron Bar x5 -> Iron Bar x9 (5 crafts)
  - External craft (skill_blacksmithing) via Basic Forge Iron Studs x9 -> Iron Studs x1720 (9 crafts)
- Craft Pilgrim's Vambraces II (Common) x86 (final)",Blacksmithing -> Bronze Buckle x175; Blacksmithing -> Bronze Sheet x35; Blacksmithing -> Iron Bar x10; Blacksmithing -> Iron Sheet x430; Blacksmithing -> Iron Studs x1800; Leatherworking -> Coarse Leather Band x180; Leatherworking -> Nubuck Leather x9
skill_armor_smithing,14,15,,2,recipe_wearable_metal_feet_ironside_ds_t2_common,Ironside's Sabatons of Quiet Guard II (Common),,105,215.0,22575.0,1046.15,Rough Animal Hide-20; Copper Ore-100; Impure Iron Ore-4280; Tin Ore-100; Sapwood-17650,"Ironside's Sabatons of Quiet Guard II (Common) x105 (final)
      - Gather Impure Iron Ore x4200
        - Gather Sapwood x16800
      - External craft (skill_building) via Basic Charcoal Kiln Charcoal x336 -> Charcoal x8400 (336 crafts)
    - External craft (skill_blacksmithing) via Basic Furnace Iron Ingot x105 -> Iron Ingot x2100 (105 crafts)
  - External craft (skill_blacksmithing) via Basic Forge Iron Sheet x1050 -> Iron Sheet x1050 (1050 crafts)
        - Gather Rough Animal Hide x20
      - External craft (skill_leatherworking) via Simple Tanning Rack Rawhide x2 -> Rawhide x11 (2 crafts)
    - External craft (skill_leatherworking) via Simple Leatherworking Table Nubuck Leather x11 -> Nubuck Leather x11 (11 crafts)
  - External craft (skill_leatherworking) via Simple Leatherworking Table Coarse Leather Band x11 -> Coarse Leather Band x210 (11 crafts)
        - Gather Tin Ore x100
        - Gather Copper Ore x100
        - Gather Sapwood x500
      - External craft (skill_blacksmithing) via Basic Furnace Bronze Ingot x5 -> Bronze Ingot x90 (5 crafts)
    - External craft (skill_blacksmithing) via Basic Forge Bronze Sheet x45 -> Bronze Sheet x45 (45 crafts)
  - External craft (skill_blacksmithing) via Basic Forge Bronze Buckle x9 -> Bronze Buckle x210 (9 crafts)
        - Gather Impure Iron Ore x80
          - Gather Sapwood x350
        - External craft (skill_building) via Basic Charcoal Kiln Charcoal x7 -> Charcoal x160 (7 crafts)
      - External craft (skill_blacksmithing) via Basic Furnace Iron Ingot x2 -> Iron Ingot x30 (2 crafts)
    - External craft (skill_blacksmithing) via Basic Forge Iron Bar x6 -> Iron Bar x11 (6 crafts)
  - External craft (skill_blacksmithing) via Basic Forge Iron Studs x11 -> Iron Studs x2100 (11 crafts)
- Craft Ironside's Sabatons of Quiet Guard II (Common) x105 (final)",Blacksmithing -> Bronze Buckle x225; Blacksmithing -> Bronze Sheet x45; Blacksmithing -> Iron Bar x12; Blacksmithing -> Iron Sheet x1050; Blacksmithing -> Iron Studs x2200; Leatherworking -> Coarse Leather Band x220; Leatherworking -> Nubuck Leather x11
skill_armor_smithing,14,15,,3,recipe_wearable_metal_head_warrior_qr_t2_common,Warrior's Helm of Second Breath II (Common),,93,242.0,22506.0,966.27,Rough Animal Hide-20; Copper Ore-80; Impure Iron Ore-3800; Tin Ore-80; Sapwood-15650,"Warrior's Helm of Second Breath II (Common) x93 (final)
      - Gather Impure Iron Ore x3720
        - Gather Sapwood x14900
      - External craft (skill_building) via Basic Charcoal Kiln Charcoal x298 -> Charcoal x7440 (298 crafts)
    - External craft (skill_blacksmithing) via Basic Furnace Iron Ingot x93 -> Iron Ingot x1860 (93 crafts)
  - External craft (skill_blacksmithing) via Basic Forge Iron Sheet x930 -> Iron Sheet x930 (930 crafts)
        - Gather Rough Animal Hide x20
      - External craft (skill_leatherworking) via Simple Tanning Rack Rawhide x2 -> Rawhide x19 (2 crafts)
    - External craft (skill_leatherworking) via Simple Leatherworking Table Nubuck Leather x19 -> Nubuck Leather x19 (19 crafts)
  - External craft (skill_leatherworking) via Simple Leatherworking Table Coarse Leather Band x19 -> Coarse Leather Band x372 (19 crafts)
        - Gather Tin Ore x80
        - Gather Copper Ore x80
        - Gather Sapwood x400
      - External craft (skill_blacksmithing) via Basic Furnace Bronze Ingot x4 -> Bronze Ingot x80 (4 crafts)
    - External craft (skill_blacksmithing) via Basic Forge Bronze Sheet x40 -> Bronze Sheet x40 (40 crafts)
  - External craft (skill_blacksmithing) via Basic Forge Bronze Buckle x8 -> Bronze Buckle x186 (8 crafts)
        - Gather Impure Iron Ore x80
          - Gather Sapwood x350
        - External craft (skill_building) via Basic Charcoal Kiln Charcoal x7 -> Charcoal x160 (7 crafts)
      - External craft (skill_blacksmithing) via Basic Furnace Iron Ingot x2 -> Iron Ingot x25 (2 crafts)
    - External craft (skill_blacksmithing) via Basic Forge Iron Bar x5 -> Iron Bar x10 (5 crafts)
  - External craft (skill_blacksmithing) via Basic Forge Iron Studs x10 -> Iron Studs x1860 (10 crafts)
- Craft Warrior's Helm of Second Breath II (Common) x93 (final)",Blacksmithing -> Bronze Buckle x200; Blacksmithing -> Bronze Sheet x40; Blacksmithing -> Iron Bar x10; Blacksmithing -> Iron Sheet x930; Blacksmithing -> Iron Studs x2000; Leatherworking -> Coarse Leather Band x380; Leatherworking -> Nubuck Leather x19
skill_jewelerycrafting,14,15,,1,recipe_wearable_jewellery_bracelet_poor_9,Small Silver Bracelet (Poor),,72,314.0,22608.0,28.80,Impure Iron Ore-240; Sapwood-1350,"Small Silver Bracelet (Poor) x72 (final)
      - Gather Impure Iron Ore x240
        - Gather Sapwood x1000
      - External craft (skill_building) via Basic Charcoal Kiln Charcoal x20 -> Charcoal x480 (20 crafts)
    - External craft (skill_blacksmithing) via Basic Furnace Iron Ingot x6 -> Iron Ingot x120 (6 crafts)
      - Gather Sapwood x350
    - External craft (skill_building) via Basic Charcoal Kiln Charcoal x7 -> Charcoal x160 (7 crafts)
  - External craft (skill_blacksmithing) via Basic Furnace Wrought Iron Ingot x4 -> Wrought Iron Ingot x72 (4 crafts)
- Craft Small Silver Bracelet (Poor) x72 (final)",
skill_jewelerycrafting,14,15,,2,recipe_wearable_hat_jewellery_rp_diadem_01_bronze,Oakwarden’s Tiara,,111,203.0,22533.0,297.85,Bone Fragments-24; Copper Ore-1340; Tin Ore-1340; Sapwood-6700,"Oakwarden’s Tiara x111 (final)
    - Gather Tin Ore x1340
    - Gather Copper Ore x1340
    - Gather Sapwood x6700
  - External craft (skill_blacksmithing) via Basic Furnace Bronze Ingot x67 -> Bronze Ingot x1332 (67 crafts)
    - Gather Bone Fragments x24
  - External craft (skill_tailoring) via Simple Tailoring Table Sewing Needles x12 -> Sewing Needles x111 (12 crafts)
- Craft Oakwarden’s Tiara x111 (final)",Tailoring -> Sewing Needles x120
skill_jewelerycrafting,14,15,,3,recipe_wearable_jewellery_bracelet_common_7,Shiny Silver Bracelet (Common),,69,325.0,22425.0,27.60,Impure Iron Ore-240; Sapwood-1350,"Shiny Silver Bracelet (Common) x69 (final)
      - Gather Impure Iron Ore x240
        - Gather Sapwood x1000
      - External craft (skill_building) via Basic Charcoal Kiln Charcoal x20 -> Charcoal x480 (20 crafts)
    - External craft (skill_blacksmithing) via Basic Furnace Iron Ingot x6 -> Iron Ingot x120 (6 crafts)
      - Gather Sapwood x350
    - External craft (skill_building) via Basic Charcoal Kiln Charcoal x7 -> Charcoal x160 (7 crafts)
  - External craft (skill_blacksmithing) via Basic Furnace Wrought Iron Ingot x4 -> Wrought Iron Ingot x69 (4 crafts)
- Craft Shiny Silver Bracelet (Common) x69 (final)",
skill_alchemy,16,17,,1,recipe_activatable_potion_potion_of_protection_very_small_32,Aegis Potion V,,121,278.0,33638.0,470.34,Water-1093; Castor Plant-125; Sand-7280; Sapwood-7400,"Aegis Potion V x121 (final)
    - Gather Castor Plant x125
      - Gather Sapwood x100
    - External craft (skill_building) via Basic Charcoal Kiln Charcoal x2 -> Charcoal x50 (2 crafts)
    - Gather Water x125
  - Craft via Basic Reagent Distiller Castor Extract x25 -> Castor Extract x242 (25 crafts)
  - Gather Water x968
      - Gather Sand x7280
        - Gather Sapwood x7300
      - External craft (skill_building) via Basic Charcoal Kiln Charcoal x146 -> Charcoal x3640 (146 crafts)
    - External craft (skill_building) via Basic Furnace Rough Glass x182 -> Rough Glass x1815 (182 crafts)
  - External craft (skill_blacksmithing) via Basic Forge Small Vial x121 -> Small Vial x605 (121 crafts)
- Craft Aegis Potion V x121 (final)",Blacksmithing -> Small Vial x605
skill_alchemy,16,17,,2,recipe_activatable_potion_arcance_resistance_very_small_30,Cold Resistance I,,121,278.0,33638.0,537.14,Water-1093; Crane Flower-125; Sand-7280; Sapwood-7400,"Cold Resistance I x121 (final)
    - Gather Crane Flower x125
      - Gather Sapwood x100
    - External craft (skill_building) via Basic Charcoal Kiln Charcoal x2 -> Charcoal x50 (2 crafts)
    - Gather Water x125
  - Craft via Basic Reagent Distiller Crane Flower Extract x25 -> Crane Flower Extract x242 (25 crafts)
  - Gather Water x968
      - Gather Sand x7280
        - Gather Sapwood x7300
      - External craft (skill_building) via Basic Charcoal Kiln Charcoal x146 -> Charcoal x3640 (146 crafts)
    - External craft (skill_building) via Basic Furnace Rough Glass x182 -> Rough Glass x1815 (182 crafts)
  - External craft (skill_blacksmithing) via Basic Forge Small Vial x121 -> Small Vial x605 (121 crafts)
- Craft Cold Resistance I x121 (final)",Blacksmithing -> Small Vial x605
skill_alchemy,16,17,,3,recipe_activatable_potion_potion_of_vitality_very_small_27,Weak Tonic of Vitality III,,148,227.0,33596.0,554.63,Amanita Regalis-150; Water-1334; Sand-8880; Sapwood-9050,"Weak Tonic of Vitality III x148 (final)
    - Gather Amanita Regalis x150
      - Gather Sapwood x150
    - External craft (skill_building) via Basic Charcoal Kiln Charcoal x3 -> Charcoal x60 (3 crafts)
    - Gather Water x150
  - Craft via Basic Reagent Distiller Amanita Regalis Extract x30 -> Amanita Regalis Extract x296 (30 crafts)
  - Gather Water x1184
      - Gather Sand x8880
        - Gather Sapwood x8900
      - External craft (skill_building) via Basic Charcoal Kiln Charcoal x178 -> Charcoal x4440 (178 crafts)
    - External craft (skill_building) via Basic Furnace Rough Glass x222 -> Rough Glass x2220 (222 crafts)
  - External craft (skill_blacksmithing) via Basic Forge Small Vial x148 -> Small Vial x740 (148 crafts)
- Craft Weak Tonic of Vitality III x148 (final)",Blacksmithing -> Small Vial x740
skill_winery_and_brewing,16,17,,1,recipe_activatable_drink_mead_staminaregen_8,Weak Mead,,146,230.0,33580.0,245.77,Water-310; Barley Grain-160; Rye Grain-160,"Weak Mead x146 (final)
  - External craft (skill_cooking) via Basic Beehive Honey x146 -> Honey x730 (146 crafts)
      - Gather Barley Grain x160
    - Craft via Basic Fermenter Malt x8 -> Malt x150 (8 crafts)
      - Gather Water x160
        - Gather Rye Grain x160
      - External craft (skill_baking) via Millstone Rye Flour x8 -> Rye Flour x160 (8 crafts)
    - External craft (skill_baking) via Basic Fermenter Yeast x8 -> Yeast x150 (8 crafts)
    - Gather Water x150
  - Craft via Basic Fermenter Weak Mead Base x15 -> Weak Mead Base x146 (15 crafts)
- Craft Weak Mead x146 (final)",
skill_winery_and_brewing,16,17,,2,recipe_activatable_drink_mead_staminaregen_24,Raspberry Mead,,216,155.0,33480.0,495.56,Raspberry-1080; Water-440; Barley Grain-220; Rye Grain-220,"Raspberry Mead x216 (final)
  - External craft (skill_cooking) via Basic Beehive Honey x216 -> Honey x1080 (216 crafts)
      - Gather Barley Grain x220
    - Craft via Basic Fermenter Malt x11 -> Malt x220 (11 crafts)
      - Gather Water x220
        - Gather Rye Grain x220
      - External craft (skill_baking) via Millstone Rye Flour x11 -> Rye Flour x220 (11 crafts)
    - External craft (skill_baking) via Basic Fermenter Yeast x11 -> Yeast x220 (11 crafts)
    - Gather Water x220
  - Craft via Basic Fermenter Cloudy Mead Base x22 -> Cloudy Mead Base x216 (22 crafts)
  - Gather Raspberry x1080
- Craft Raspberry Mead x216 (final)",
skill_winery_and_brewing,16,17,,3,recipe_activatable_drink_mead_staminaregen_16,Blueberry Mead,,137,244.0,33428.0,274.46,Blueberry-685; Water-280; Barley Grain-140; Rye Grain-140,"Blueberry Mead x137 (final)
  - External craft (skill_cooking) via Basic Beehive Honey x137 -> Honey x685 (137 crafts)
      - Gather Barley Grain x140
    - Craft via Basic Fermenter Malt x7 -> Malt x140 (7 crafts)
      - Gather Water x140
        - Gather Rye Grain x140
      - External craft (skill_baking) via Millstone Rye Flour x7 -> Rye Flour x140 (7 crafts)
    - External craft (skill_baking) via Basic Fermenter Yeast x7 -> Yeast x140 (7 crafts)
    - Gather Water x140
  - Craft via Basic Fermenter Weak Mead Base x14 -> Weak Mead Base x137 (14 crafts)
  - Gather Blueberry x685
- Craft Blueberry Mead x137 (final)",
skill_fletching,17,18,,1,recipe_wieldable_bow_2h_0_t2_common,Longbow (Common),,1433,16.0,22928.0,4053.90,Boar Sinew-7165; Rough Animal Hide-720; Sapwood-4300; Resin-10031,"Longbow (Common) x1433 (final)
      - Gather Sapwood x4300
    - External craft (skill_building) via Wood Chopping Block Long Wood Stock x860 -> Long Wood Stock x4299 (860 crafts)
    - Gather Resin x10031
    - External craft (skill_cooking) via Basic Beehive Beeswax x2866 -> Beeswax x14330 (2866 crafts)
  - Craft via Basic Fletching Table Rough Bow Stave x1433 -> Rough Bow Stave x1433 (1433 crafts)
  - Gather Boar Sinew x7165
        - Gather Rough Animal Hide x720
      - External craft (skill_leatherworking) via Simple Tanning Rack Rawhide x72 -> Rawhide x717 (72 crafts)
    - External craft (skill_leatherworking) via Simple Leatherworking Table Nubuck Leather x717 -> Nubuck Leather x717 (717 crafts)
  - External craft (skill_leatherworking) via Simple Leatherworking Table Coarse Leather Band x717 -> Coarse Leather Band x14330 (717 crafts)
- Craft Longbow (Common) x1433 (final)",Carpentry -> Long Wood Stock x4300; Leatherworking -> Coarse Leather Band x14340; Leatherworking -> Nubuck Leather x717
skill_fletching,17,18,,2,recipe_item_bow_stave_rough,Rough Bow Stave,,3342,12.0,40104.0,10451.55,Sapwood-10030; Resin-23394,"Rough Bow Stave x3342 (final)
    - Gather Sapwood x10030
  - External craft (skill_building) via Wood Chopping Block Long Wood Stock x2006 -> Long Wood Stock x10026 (2006 crafts)
  - Gather Resin x23394
  - External craft (skill_cooking) via Basic Beehive Beeswax x6684 -> Beeswax x33420 (6684 crafts)
- Craft Rough Bow Stave x3342 (final)",Carpentry -> Long Wood Stock x10030
skill_fletching,17,18,,3,recipe_projectile_wrought_iron_head_arrow,Wrought Iron Tipped Arrow,,2005,20.0,40100.0,12731.75,Impure Iron Ore-6080; Sapwood-42475,"Wrought Iron Tipped Arrow x2005 (final)
    - Gather Sapwood x10025
  - External craft (skill_building) via Wood Chopping Block Long Wood Stock x2005 -> Long Wood Stock x10025 (2005 crafts)
        - Gather Impure Iron Ore x6080
          - Gather Sapwood x24350
        - External craft (skill_building) via Basic Charcoal Kiln Charcoal x487 -> Charcoal x12160 (487 crafts)
      - External craft (skill_blacksmithing) via Basic Furnace Iron Ingot x152 -> Iron Ingot x3030 (152 crafts)
        - Gather Sapwood x8100
      - External craft (skill_building) via Basic Charcoal Kiln Charcoal x162 -> Charcoal x4040 (162 crafts)
    - External craft (skill_blacksmithing) via Basic Furnace Wrought Iron Ingot x101 -> Wrought Iron Ingot x2005 (101 crafts)
  - External craft (skill_blacksmithing) via Forge Wrought Iron Arrowhead x401 -> Wrought Iron Arrowhead x10025 (401 crafts)
- Craft Wrought Iron Tipped Arrow x2005 (final)",Blacksmithing -> Wrought Iron Arrowhead x10025; Carpentry -> Long Wood Stock x10025
skill_baking,20,21,,1,recipe_item_material_dough_wheat,Wheat Dough,,255,263.0,67065.0,821.10,Water-1535; Rye Grain-260; Wheat Grain-520,"Wheat Dough x255 (final)
    - Gather Wheat Grain x520
  - Craft via Grain Mill Wheat Flour x26 -> Wheat Flour x510 (26 crafts)
    - Gather Water x260
      - Gather Rye Grain x260
    - Craft via Millstone Rye Flour x13 -> Rye Flour x260 (13 crafts)
  - Craft via Basic Fermenter Yeast x13 -> Yeast x255 (13 crafts)
  - Gather Water x1275
- Craft Wheat Dough x255 (final)",
skill_baking,20,21,,2,recipe_activatable_foodcooked_bread_hpregen_20,Barley and Rye Bread,,2913,23.0,66999.0,2929.99,Water-3515; Suet-2332; Barley Grain-1180; Rye Grain-6426,"Barley and Rye Bread x2913 (final)
      - Gather Barley Grain x1180
    - Craft via Millstone Barley Flour x59 -> Barley Flour x1166 (59 crafts)
      - Gather Water x600
        - Gather Rye Grain x600
      - Craft via Millstone Rye Flour x30 -> Rye Flour x600 (30 crafts)
    - Craft via Basic Fermenter Yeast x30 -> Yeast x583 (30 crafts)
    - Gather Water x2915
  - Craft via Basic Cooking Workbench Barley Dough x583 -> Barley Dough x2913 (583 crafts)
  - Gather Rye Grain x5826
    - Gather Suet x2332
  - External craft (skill_cooking) via Basic Cooking Hearth Tallow x1166 -> Tallow x5826 (1166 crafts)
- Craft Barley and Rye Bread x2913 (final)",Cooking -> Tallow x5830
skill_baking,20,21,,3,recipe_activatable_foodcooked_bread_hpregen_28,Plain Oat Bread,,216,304.0,65664.0,200.16,Water-280; Suet-174; Oat Grain-100; Rye Grain-60,"Plain Oat Bread x216 (final)
      - Gather Oat Grain x100
    - Craft via Grain Mill Oat Flour x5 -> Oat Flour x88 (5 crafts)
      - Gather Water x60
        - Gather Rye Grain x60
      - Craft via Millstone Rye Flour x3 -> Rye Flour x60 (3 crafts)
    - Craft via Basic Fermenter Yeast x3 -> Yeast x44 (3 crafts)
    - Gather Water x220
  - Craft via Basic Cooking Workbench Oat Dough x44 -> Oat Dough x216 (44 crafts)
    - Gather Suet x174
  - External craft (skill_cooking) via Basic Cooking Hearth Tallow x87 -> Tallow x432 (87 crafts)
- Craft Plain Oat Bread x216 (final)",Cooking -> Tallow x435
skill_charcuterie,24,25,,1,recipe_quality_butchered_wolf,Butchered Chamois,,350,368.0,128800.0,42.53,Chamois Carcass-350,"Butchered Chamois x350 (final)
  - Gather Chamois Carcass x350
- Craft Butchered Chamois x350 (final)",
skill_charcuterie,24,25,,2,recipe_quality_butchered_bear,Butchered Bear,,350,368.0,128800.0,44.63,Bear Carcass-350,"Butchered Bear x350 (final)
  - Gather Bear Carcass x350
- Craft Butchered Bear x350 (final)",
skill_charcuterie,24,25,,3,recipe_quality_butchered_boar,Butchered Boar,,346,372.0,128712.0,21.80,Boar Carcass-346,"Butchered Boar x346 (final)
  - Gather Boar Carcass x346
- Craft Butchered Boar x346 (final)",
skill_weapon_smithing,23,24,,1,recipe_wieldable_axe_2h_0_t3_common,Wrought Iron Battleaxe (Common),,332,329.0,109228.0,2727.93,Rough Animal Hide-180; Copper Ore-340; Impure Iron Ore-25160; Tin Ore-340; Sapwood-135815,"Wrought Iron Battleaxe (Common) x332 (final)
      - Gather Sapwood x665
    - External craft (skill_building) via Wood Chopping Block Long Wood Stock x133 -> Long Wood Stock x664 (133 crafts)
          - Gather Rough Animal Hide x90
        - External craft (skill_leatherworking) via Simple Tanning Rack Rawhide x9 -> Rawhide x83 (9 crafts)
      - External craft (skill_leatherworking) via Simple Leatherworking Table Nubuck Leather x83 -> Nubuck Leather x83 (83 crafts)
    - External craft (skill_leatherworking) via Simple Leatherworking Table Coarse Leather Band x83 -> Coarse Leather Band x1660 (83 crafts)
          - Gather Tin Ore x340
          - Gather Copper Ore x340
          - Gather Sapwood x1700
        - External craft (skill_blacksmithing) via Basic Furnace Bronze Ingot x17 -> Bronze Ingot x335 (17 crafts)
      - External craft (skill_blacksmithing) via Basic Forge Bronze Bar x67 -> Bronze Bar x67 (67 crafts)
    - External craft (skill_blacksmithing) via Basic Forge Bronze Nails x67 -> Bronze Nails x3320 (67 crafts)
  - External craft (skill_blacksmithing) via Basic Forge Axe Handle x332 -> Axe Handle x332 (332 crafts)
          - Gather Impure Iron Ore x9960
            - Gather Sapwood x39850
          - External craft (skill_building) via Basic Charcoal Kiln Charcoal x797 -> Charcoal x19920 (797 crafts)
        - External craft (skill_blacksmithing) via Basic Furnace Iron Ingot x249 -> Iron Ingot x4980 (249 crafts)
          - Gather Sapwood x13300
        - External craft (skill_building) via Basic Charcoal Kiln Charcoal x266 -> Charcoal x6640 (266 crafts)
      - External craft (skill_blacksmithing) via Basic Furnace Wrought Iron Ingot x166 -> Wrought Iron Ingot x3320 (166 crafts)
    - External craft (skill_blacksmithing) via Forge Wrought Iron Sheet x1660 -> Wrought Iron Sheet x1660 (1660 crafts)
        - Gather Impure Iron Ore x2040
          - Gather Sapwood x8200
        - External craft (skill_building) via Basic Charcoal Kiln Charcoal x164 -> Charcoal x4080 (164 crafts)
      - External craft (skill_blacksmithing) via Basic Furnace Iron Ingot x51 -> Iron Ingot x1020 (51 crafts)
        - Gather Sapwood x2750
      - External craft (skill_building) via Basic Charcoal Kiln Charcoal x55 -> Charcoal x1360 (55 crafts)
    - External craft (skill_blacksmithing) via Basic Furnace Wrought Iron Ingot x34 -> Wrought Iron Ingot x664 (34 crafts)
  - External craft (skill_blacksmithing) via Forge Wrought Iron Axe Head x332 -> Wrought Iron Axe Head x332 (332 crafts)
        - Gather Impure Iron Ore x680
          - Gather Sapwood x2750
        - External craft (skill_building) via Basic Charcoal Kiln Charcoal x55 -> Charcoal x1360 (55 crafts)
      - External craft (skill_blacksmithing) via Basic Furnace Iron Ingot x17 -> Iron Ingot x335 (17 crafts)
    - External craft (skill_blacksmithing) via Basic Forge Iron Bar x67 -> Iron Bar x133 (67 crafts)
  - External craft (skill_blacksmithing) via Basic Forge Iron Nails x133 -> Iron Nails x6640 (133 crafts)
        - Gather Rough Animal Hide x90
      - External craft (skill_leatherworking) via Simple Tanning Rack Rawhide x9 -> Rawhide x83 (9 crafts)
    - External craft (skill_leatherworking) via Simple Leatherworking Table Nubuck Leather x83 -> Nubuck Leather x83 (83 crafts)
  - External craft (skill_leatherworking) via Simple Leatherworking Table Coarse Leather Band x83 -> Coarse Leather Band x1660 (83 crafts)
          - Gather Impure Iron Ore x12480
            - Gather Sapwood x49950
          - External craft (skill_building) via Basic Charcoal Kiln Charcoal x999 -> Charcoal x24960 (999 crafts)
        - External craft (skill_blacksmithing) via Basic Furnace Iron Ingot x312 -> Iron Ingot x6240 (312 crafts)
          - Gather Sapwood x16650
        - External craft (skill_building) via Basic Charcoal Kiln Charcoal x333 -> Charcoal x8320 (333 crafts)
      - External craft (skill_blacksmithing) via Basic Furnace Wrought Iron Ingot x208 -> Wrought Iron Ingot x4150 (208 crafts)
    - External craft (skill_blacksmithing) via Basic Forge Wrought Iron Bar x830 -> Wrought Iron Bar x1660 (830 crafts)
  - External craft (skill_blacksmithing) via Forge Wrought Iron Spike x332 -> Wrought Iron Spike x332 (332 crafts)
- Craft Wrought Iron Battleaxe (Common) x332 (final)",Blacksmithing -> Axe Handle x332; Blacksmithing -> Bronze Bar x67; Blacksmithing -> Bronze Nails x3350; Blacksmithing -> Iron Bar x134; Blacksmithing -> Iron Nails x6650; Blacksmithing -> Wrought Iron Axe Head x332; Blacksmithing -> Wrought Iron Bar x1660; Blacksmithing -> Wrought Iron Sheet x1660; Blacksmithing -> Wrought Iron Spike x332; Carpentry -> Long Wood Stock x665; Leatherworking -> Coarse Leather Band x3320; Leatherworking -> Nubuck Leather x166
skill_weapon_smithing,23,24,,2,recipe_wieldable_mace_1h_0_t3_common,Wrought Iron Mace (Common),,260,420.0,109200.0,1560.22,Rough Animal Hide-140; Copper Ore-80; Impure Iron Ore-22400; Tin Ore-80; Sapwood-118200,"Wrought Iron Mace (Common) x260 (final)
        - Gather Impure Iron Ore x1040
          - Gather Sapwood x4200
        - External craft (skill_building) via Basic Charcoal Kiln Charcoal x84 -> Charcoal x2080 (84 crafts)
      - External craft (skill_blacksmithing) via Basic Furnace Iron Ingot x26 -> Iron Ingot x520 (26 crafts)
    - External craft (skill_blacksmithing) via Basic Forge Iron Sheet x260 -> Iron Sheet x260 (260 crafts)
          - Gather Rough Animal Hide x70
        - External craft (skill_leatherworking) via Simple Tanning Rack Rawhide x7 -> Rawhide x65 (7 crafts)
      - External craft (skill_leatherworking) via Simple Leatherworking Table Nubuck Leather x65 -> Nubuck Leather x65 (65 crafts)
    - External craft (skill_leatherworking) via Simple Leatherworking Table Coarse Leather Band x65 -> Coarse Leather Band x1300 (65 crafts)
          - Gather Tin Ore x80
          - Gather Copper Ore x80
          - Gather Sapwood x400
        - External craft (skill_blacksmithing) via Basic Furnace Bronze Ingot x4 -> Bronze Ingot x65 (4 crafts)
      - External craft (skill_blacksmithing) via Basic Forge Bronze Bar x13 -> Bronze Bar x13 (13 crafts)
    - External craft (skill_blacksmithing) via Basic Forge Bronze Studs x13 -> Bronze Studs x2600 (13 crafts)
  - External craft (skill_blacksmithing) via Basic Forge Mace Grip x260 -> Mace Grip x260 (260 crafts)
      - Gather Impure Iron Ore x1560
        - Gather Sapwood x6250
      - External craft (skill_building) via Basic Charcoal Kiln Charcoal x125 -> Charcoal x3120 (125 crafts)
    - External craft (skill_blacksmithing) via Basic Furnace Iron Ingot x39 -> Iron Ingot x780 (39 crafts)
      - Gather Sapwood x2100
    - External craft (skill_building) via Basic Charcoal Kiln Charcoal x42 -> Charcoal x1040 (42 crafts)
  - External craft (skill_blacksmithing) via Basic Furnace Wrought Iron Ingot x26 -> Wrought Iron Ingot x520 (26 crafts)
          - Gather Impure Iron Ore x19520
            - Gather Sapwood x78100
          - External craft (skill_building) via Basic Charcoal Kiln Charcoal x1562 -> Charcoal x39040 (1562 crafts)
        - External craft (skill_blacksmithing) via Basic Furnace Iron Ingot x488 -> Iron Ingot x9750 (488 crafts)
          - Gather Sapwood x26000
        - External craft (skill_building) via Basic Charcoal Kiln Charcoal x520 -> Charcoal x13000 (520 crafts)
      - External craft (skill_blacksmithing) via Basic Furnace Wrought Iron Ingot x325 -> Wrought Iron Ingot x6500 (325 crafts)
    - External craft (skill_blacksmithing) via Basic Forge Wrought Iron Bar x1300 -> Wrought Iron Bar x2600 (1300 crafts)
  - External craft (skill_blacksmithing) via Forge Wrought Iron Spike x520 -> Wrought Iron Spike x520 (520 crafts)
        - Gather Rough Animal Hide x70
      - External craft (skill_leatherworking) via Simple Tanning Rack Rawhide x7 -> Rawhide x65 (7 crafts)
    - External craft (skill_leatherworking) via Simple Leatherworking Table Nubuck Leather x65 -> Nubuck Leather x65 (65 crafts)
  - External craft (skill_leatherworking) via Simple Leatherworking Table Coarse Leather Band x65 -> Coarse Leather Band x1300 (65 crafts)
        - Gather Impure Iron Ore x280
          - Gather Sapwood x1150
        - External craft (skill_building) via Basic Charcoal Kiln Charcoal x23 -> Charcoal x560 (23 crafts)
      - External craft (skill_blacksmithing) via Basic Furnace Iron Ingot x7 -> Iron Ingot x130 (7 crafts)
    - External craft (skill_blacksmithing) via Basic Forge Iron Bar x26 -> Iron Bar x52 (26 crafts)
  - External craft (skill_blacksmithing) via Basic Forge Iron Nails x52 -> Iron Nails x2600 (52 crafts)
- Craft Wrought Iron Mace (Common) x260 (final)",Blacksmithing -> Bronze Bar x13; Blacksmithing -> Bronze Studs x2600; Blacksmithing -> Iron Bar x52; Blacksmithing -> Iron Nails x2600; Blacksmithing -> Iron Sheet x260; Blacksmithing -> Mace Grip x260; Blacksmithing -> Wrought Iron Bar x2600; Blacksmithing -> Wrought Iron Spike x520; Leatherworking -> Coarse Leather Band x2600; Leatherworking -> Nubuck Leather x130
skill_weapon_smithing,23,24,,3,recipe_wieldable_tool_skinning_knife_t3_common,Wrought Iron Skinning Knife (Common),,267,408.0,108936.0,523.32,Heartwood-270; Rough Animal Hide-30; Impure Iron Ore-5920; Sapwood-28100,"Wrought Iron Skinning Knife (Common) x267 (final)
        - Gather Impure Iron Ore x2680
          - Gather Sapwood x10750
        - External craft (skill_building) via Basic Charcoal Kiln Charcoal x215 -> Charcoal x5360 (215 crafts)
      - External craft (skill_blacksmithing) via Basic Furnace Iron Ingot x67 -> Iron Ingot x1335 (67 crafts)
    - External craft (skill_blacksmithing) via Basic Forge Iron Bar x267 -> Iron Bar x534 (267 crafts)
  - External craft (skill_blacksmithing) via Basic Forge Iron Knife Blade x267 -> Iron Knife Blade x267 (267 crafts)
        - Gather Impure Iron Ore x3240
          - Gather Sapwood x13000
        - External craft (skill_building) via Basic Charcoal Kiln Charcoal x260 -> Charcoal x6480 (260 crafts)
      - External craft (skill_blacksmithing) via Basic Furnace Iron Ingot x81 -> Iron Ingot x1620 (81 crafts)
        - Gather Sapwood x4350
      - External craft (skill_building) via Basic Charcoal Kiln Charcoal x87 -> Charcoal x2160 (87 crafts)
    - External craft (skill_blacksmithing) via Basic Furnace Wrought Iron Ingot x54 -> Wrought Iron Ingot x1068 (54 crafts)
  - External craft (skill_blacksmithing) via Forge Wrought Iron Sheet x534 -> Wrought Iron Sheet x534 (534 crafts)
    - Gather Heartwood x270
  - External craft (skill_building) via Wood Chopping Block Long Fine Wood Stock x54 -> Long Fine Wood Stock x267 (54 crafts)
        - Gather Rough Animal Hide x30
      - External craft (skill_leatherworking) via Simple Tanning Rack Rawhide x3 -> Rawhide x27 (3 crafts)
    - External craft (skill_leatherworking) via Simple Leatherworking Table Nubuck Leather x27 -> Nubuck Leather x27 (27 crafts)
  - External craft (skill_leatherworking) via Simple Leatherworking Table Coarse Leather Band x27 -> Coarse Leather Band x534 (27 crafts)
- Craft Wrought Iron Skinning Knife (Common) x267 (final)",Blacksmithing -> Iron Bar x534; Blacksmithing -> Iron Knife Blade x267; Blacksmithing -> Wrought Iron Sheet x534; Carpentry -> Long Fine Wood Stock x270; Leatherworking -> Coarse Leather Band x540; Leatherworking -> Nubuck Leather x27
skill_armor_smithing,15,16,,1,recipe_wearable_metal_head_warrior_qr_t2_common,Warrior's Helm of Second Breath II (Common),,122,227.0,27694.0,1267.58,Rough Animal Hide-30; Copper Ore-100; Impure Iron Ore-4960; Tin Ore-100; Sapwood-20400,"Warrior's Helm of Second Breath II (Common) x122 (final)
      - Gather Impure Iron Ore x4880
        - Gather Sapwood x19550
      - External craft (skill_building) via Basic Charcoal Kiln Charcoal x391 -> Charcoal x9760 (391 crafts)
    - External craft (skill_blacksmithing) via Basic Furnace Iron Ingot x122 -> Iron Ingot x2440 (122 crafts)
  - External craft (skill_blacksmithing) via Basic Forge Iron Sheet x1220 -> Iron Sheet x1220 (1220 crafts)
        - Gather Rough Animal Hide x30
      - External craft (skill_leatherworking) via Simple Tanning Rack Rawhide x3 -> Rawhide x25 (3 crafts)
    - External craft (skill_leatherworking) via Simple Leatherworking Table Nubuck Leather x25 -> Nubuck Leather x25 (25 crafts)
  - External craft (skill_leatherworking) via Simple Leatherworking Table Coarse Leather Band x25 -> Coarse Leather Band x488 (25 crafts)
        - Gather Tin Ore x100
        - Gather Copper Ore x100
        - Gather Sapwood x500
      - External craft (skill_blacksmithing) via Basic Furnace Bronze Ingot x5 -> Bronze Ingot x100 (5 crafts)
    - External craft (skill_blacksmithing) via Basic Forge Bronze Sheet x50 -> Bronze Sheet x50 (50 crafts)
  - External craft (skill_blacksmithing) via Basic Forge Bronze Buckle x10 -> Bronze Buckle x244 (10 crafts)
        - Gather Impure Iron Ore x80
          - Gather Sapwood x350
        - External craft (skill_building) via Basic Charcoal Kiln Charcoal x7 -> Charcoal x160 (7 crafts)
      - External craft (skill_blacksmithing) via Basic Furnace Iron Ingot x2 -> Iron Ingot x35 (2 crafts)
    - External craft (skill_blacksmithing) via Basic Forge Iron Bar x7 -> Iron Bar x13 (7 crafts)
  - External craft (skill_blacksmithing) via Basic Forge Iron Studs x13 -> Iron Studs x2440 (13 crafts)
- Craft Warrior's Helm of Second Breath II (Common) x122 (final)",Blacksmithing -> Bronze Buckle x250; Blacksmithing -> Bronze Sheet x50; Blacksmithing -> Iron Bar x14; Blacksmithing -> Iron Sheet x1220; Blacksmithing -> Iron Studs x2600; Leatherworking -> Coarse Leather Band x500; Leatherworking -> Nubuck Leather x25
skill_armor_smithing,15,16,,2,recipe_wearable_metal_head_ironside_f_t2_common,Ironside's Helm of Warcry II (Common),,122,227.0,27694.0,1267.58,Rough Animal Hide-30; Copper Ore-100; Impure Iron Ore-4960; Tin Ore-100; Sapwood-20400,"Ironside's Helm of Warcry II (Common) x122 (final)
      - Gather Impure Iron Ore x4880
        - Gather Sapwood x19550
      - External craft (skill_building) via Basic Charcoal Kiln Charcoal x391 -> Charcoal x9760 (391 crafts)
    - External craft (skill_blacksmithing) via Basic Furnace Iron Ingot x122 -> Iron Ingot x2440 (122 crafts)
  - External craft (skill_blacksmithing) via Basic Forge Iron Sheet x1220 -> Iron Sheet x1220 (1220 crafts)
        - Gather Rough Animal Hide x30
      - External craft (skill_leatherworking) via Simple Tanning Rack Rawhide x3 -> Rawhide x25 (3 crafts)
    - External craft (skill_leatherworking) via Simple Leatherworking Table Nubuck Leather x25 -> Nubuck Leather x25 (25 crafts)
  - External craft (skill_leatherworking) via Simple Leatherworking Table Coarse Leather Band x25 -> Coarse Leather Band x488 (25 crafts)
        - Gather Tin Ore x100
        - Gather Copper Ore x100
        - Gather Sapwood x500
      - External craft (skill_blacksmithing) via Basic Furnace Bronze Ingot x5 -> Bronze Ingot x100 (5 crafts)
    - External craft (skill_blacksmithing) via Basic Forge Bronze Sheet x50 -> Bronze Sheet x50 (50 crafts)
  - External craft (skill_blacksmithing) via Basic Forge Bronze Buckle x10 -> Bronze Buckle x244 (10 crafts)
        - Gather Impure Iron Ore x80
          - Gather Sapwood x350
        - External craft (skill_building) via Basic Charcoal Kiln Charcoal x7 -> Charcoal x160 (7 crafts)
      - External craft (skill_blacksmithing) via Basic Furnace Iron Ingot x2 -> Iron Ingot x35 (2 crafts)
    - External craft (skill_blacksmithing) via Basic Forge Iron Bar x7 -> Iron Bar x13 (7 crafts)
  - External craft (skill_blacksmithing) via Basic Forge Iron Studs x13 -> Iron Studs x2440 (13 crafts)
- Craft Ironside's Helm of Warcry II (Common) x122 (final)",Blacksmithing -> Bronze Buckle x250; Blacksmithing -> Bronze Sheet x50; Blacksmithing -> Iron Bar x14; Blacksmithing -> Iron Sheet x1220; Blacksmithing -> Iron Studs x2600; Leatherworking -> Coarse Leather Band x500; Leatherworking -> Nubuck Leather x25
skill_armor_smithing,15,16,,3,recipe_wearable_metal_arms_pilgrim_0_t2_common,Pilgrim's Vambraces II (Common),,109,254.0,27686.0,922.50,Rough Animal Hide-20; Copper Ore-100; Impure Iron Ore-2280; Tin Ore-100; Sapwood-9650,"Pilgrim's Vambraces II (Common) x109 (final)
      - Gather Impure Iron Ore x2200
        - Gather Sapwood x8800
      - External craft (skill_building) via Basic Charcoal Kiln Charcoal x176 -> Charcoal x4400 (176 crafts)
    - External craft (skill_blacksmithing) via Basic Furnace Iron Ingot x55 -> Iron Ingot x1090 (55 crafts)
  - External craft (skill_blacksmithing) via Basic Forge Iron Sheet x545 -> Iron Sheet x545 (545 crafts)
        - Gather Rough Animal Hide x20
      - External craft (skill_leatherworking) via Simple Tanning Rack Rawhide x2 -> Rawhide x11 (2 crafts)
    - External craft (skill_leatherworking) via Simple Leatherworking Table Nubuck Leather x11 -> Nubuck Leather x11 (11 crafts)
  - External craft (skill_leatherworking) via Simple Leatherworking Table Coarse Leather Band x11 -> Coarse Leather Band x218 (11 crafts)
        - Gather Tin Ore x100
        - Gather Copper Ore x100
        - Gather Sapwood x500
      - External craft (skill_blacksmithing) via Basic Furnace Bronze Ingot x5 -> Bronze Ingot x90 (5 crafts)
    - External craft (skill_blacksmithing) via Basic Forge Bronze Sheet x45 -> Bronze Sheet x45 (45 crafts)
  - External craft (skill_blacksmithing) via Basic Forge Bronze Buckle x9 -> Bronze Buckle x218 (9 crafts)
        - Gather Impure Iron Ore x80
          - Gather Sapwood x350
        - External craft (skill_building) via Basic Charcoal Kiln Charcoal x7 -> Charcoal x160 (7 crafts)
      - External craft (skill_blacksmithing) via Basic Furnace Iron Ingot x2 -> Iron Ingot x30 (2 crafts)
    - External craft (skill_blacksmithing) via Basic Forge Iron Bar x6 -> Iron Bar x11 (6 crafts)
  - External craft (skill_blacksmithing) via Basic Forge Iron Studs x11 -> Iron Studs x2180 (11 crafts)
- Craft Pilgrim's Vambraces II (Common) x109 (final)",Blacksmithing -> Bronze Buckle x225; Blacksmithing -> Bronze Sheet x45; Blacksmithing -> Iron Bar x12; Blacksmithing -> Iron Sheet x545; Blacksmithing -> Iron Studs x2200; Leatherworking -> Coarse Leather Band x220; Leatherworking -> Nubuck Leather x11
skill_jewelerycrafting,15,16,,1,recipe_wearable_jewellery_bracelet_common_7,Shiny Silver Bracelet (Common),,85,326.0,27710.0,34.00,Impure Iron Ore-320; Sapwood-1700,"Shiny Silver Bracelet (Common) x85 (final)
      - Gather Impure Iron Ore x320
        - Gather Sapwood x1300
      - External craft (skill_building) via Basic Charcoal Kiln Charcoal x26 -> Charcoal x640 (26 crafts)
    - External craft (skill_blacksmithing) via Basic Furnace Iron Ingot x8 -> Iron Ingot x150 (8 crafts)
      - Gather Sapwood x400
    - External craft (skill_building) via Basic Charcoal Kiln Charcoal x8 -> Charcoal x200 (8 crafts)
  - External craft (skill_blacksmithing) via Basic Furnace Wrought Iron Ingot x5 -> Wrought Iron Ingot x85 (5 crafts)
- Craft Shiny Silver Bracelet (Common) x85 (final)",
skill_jewelerycrafting,15,16,,2,recipe_wearable_hat_jewellery_rp_diadem_01_silver,Lunar Oak Tiara,,112,247.0,27664.0,728.37,Bone Fragments-24; Silver Ore-1345; Sapwood-26900,"Lunar Oak Tiara x112 (final)
    - Gather Silver Ore x1345
      - Gather Sapwood x26900
    - External craft (skill_building) via Basic Charcoal Kiln Charcoal x538 -> Charcoal x13450 (538 crafts)
  - External craft (skill_blacksmithing) via Furnace Silver Ingot x269 -> Silver Ingot x1344 (269 crafts)
    - Gather Bone Fragments x24
  - External craft (skill_tailoring) via Simple Tailoring Table Sewing Needles x12 -> Sewing Needles x112 (12 crafts)
- Craft Lunar Oak Tiara x112 (final)",Tailoring -> Sewing Needles x120
skill_jewelerycrafting,15,16,,3,recipe_wearable_jewellery_bracelet_poor_9,Small Silver Bracelet (Poor),,94,294.0,27636.0,37.60,Impure Iron Ore-320; Sapwood-1700,"Small Silver Bracelet (Poor) x94 (final)
      - Gather Impure Iron Ore x320
        - Gather Sapwood x1300
      - External craft (skill_building) via Basic Charcoal Kiln Charcoal x26 -> Charcoal x640 (26 crafts)
    - External craft (skill_blacksmithing) via Basic Furnace Iron Ingot x8 -> Iron Ingot x150 (8 crafts)
      - Gather Sapwood x400
    - External craft (skill_building) via Basic Charcoal Kiln Charcoal x8 -> Charcoal x200 (8 crafts)
  - External craft (skill_blacksmithing) via Basic Furnace Wrought Iron Ingot x5 -> Wrought Iron Ingot x94 (5 crafts)
- Craft Small Silver Bracelet (Poor) x94 (final)",
skill_alchemy,17,18,,1,recipe_activatable_potion_potion_of_protection_very_small_32,Aegis Potion V,,149,268.0,39932.0,579.18,Water-1342; Castor Plant-150; Sand-8960; Sapwood-9150,"Aegis Potion V x149 (final)
    - Gather Castor Plant x150
      - Gather Sapwood x150
    - External craft (skill_building) via Basic Charcoal Kiln Charcoal x3 -> Charcoal x60 (3 crafts)
    - Gather Water x150
  - Craft via Basic Reagent Distiller Castor Extract x30 -> Castor Extract x298 (30 crafts)
  - Gather Water x1192
      - Gather Sand x8960
        - Gather Sapwood x9000
      - External craft (skill_building) via Basic Charcoal Kiln Charcoal x180 -> Charcoal x4480 (180 crafts)
    - External craft (skill_building) via Basic Furnace Rough Glass x224 -> Rough Glass x2235 (224 crafts)
  - External craft (skill_blacksmithing) via Basic Forge Small Vial x149 -> Small Vial x745 (149 crafts)
- Craft Aegis Potion V x149 (final)",Blacksmithing -> Small Vial x745
skill_alchemy,17,18,,2,recipe_activatable_potion_arcance_resistance_very_small_30,Cold Resistance I,,149,268.0,39932.0,661.44,Water-1342; Crane Flower-150; Sand-8960; Sapwood-9150,"Cold Resistance I x149 (final)
    - Gather Crane Flower x150
      - Gather Sapwood x150
    - External craft (skill_building) via Basic Charcoal Kiln Charcoal x3 -> Charcoal x60 (3 crafts)
    - Gather Water x150
  - Craft via Basic Reagent Distiller Crane Flower Extract x30 -> Crane Flower Extract x298 (30 crafts)
  - Gather Water x1192
      - Gather Sand x8960
        - Gather Sapwood x9000
      - External craft (skill_building) via Basic Charcoal Kiln Charcoal x180 -> Charcoal x4480 (180 crafts)
    - External craft (skill_building) via Basic Furnace Rough Glass x224 -> Rough Glass x2235 (224 crafts)
  - External craft (skill_blacksmithing) via Basic Forge Small Vial x149 -> Small Vial x745 (149 crafts)
- Craft Cold Resistance I x149 (final)",Blacksmithing -> Small Vial x745
skill_alchemy,17,18,,3,recipe_activatable_potion_potion_of_vitality_very_small_27,Weak Tonic of Vitality III,,1245,32.0,39840.0,4665.64,Amanita Regalis-1245; Water-11205; Sand-74720; Sapwood-75750,"Weak Tonic of Vitality III x1245 (final)
    - Gather Amanita Regalis x1245
      - Gather Sapwood x1000
    - External craft (skill_building) via Basic Charcoal Kiln Charcoal x20 -> Charcoal x498 (20 crafts)
    - Gather Water x1245
  - Craft via Basic Reagent Distiller Amanita Regalis Extract x249 -> Amanita Regalis Extract x2490 (249 crafts)
  - Gather Water x9960
      - Gather Sand x74720
        - Gather Sapwood x74750
      - External craft (skill_building) via Basic Charcoal Kiln Charcoal x1495 -> Charcoal x37360 (1495 crafts)
    - External craft (skill_building) via Basic Furnace Rough Glass x1868 -> Rough Glass x18675 (1868 crafts)
  - External craft (skill_blacksmithing) via Basic Forge Small Vial x1245 -> Small Vial x6225 (1245 crafts)
- Craft Weak Tonic of Vitality III x1245 (final)",Blacksmithing -> Small Vial x6225
skill_winery_and_brewing,17,18,,1,recipe_activatable_drink_mead_staminaregen_8,Weak Mead,,165,243.0,40095.0,277.75,Water-350; Barley Grain-180; Rye Grain-180,"Weak Mead x165 (final)
  - External craft (skill_cooking) via Basic Beehive Honey x165 -> Honey x825 (165 crafts)
      - Gather Barley Grain x180
    - Craft via Basic Fermenter Malt x9 -> Malt x170 (9 crafts)
      - Gather Water x180
        - Gather Rye Grain x180
      - External craft (skill_baking) via Millstone Rye Flour x9 -> Rye Flour x180 (9 crafts)
    - External craft (skill_baking) via Basic Fermenter Yeast x9 -> Yeast x170 (9 crafts)
    - Gather Water x170
  - Craft via Basic Fermenter Weak Mead Base x17 -> Weak Mead Base x165 (17 crafts)
- Craft Weak Mead x165 (final)",
skill_winery_and_brewing,17,18,,2,recipe_activatable_drink_cider_maxstamina_14,Summer heat,,234,171.0,40014.0,1187.75,Raspberry-470; Red Apple-1638; Water-1640,"Summer heat x234 (final)
  - Gather Red Apple x1638
  - Gather Water x1170
  - External craft (skill_cooking) via Basic Beehive Honey x234 -> Honey x1170 (234 crafts)
    - Gather Water x470
    - Gather Raspberry x470
  - External craft (skill_cooking) via Basic Cooking Workbench Raspberry Syrup x94 -> Raspberry Syrup x468 (94 crafts)
- Craft Summer heat x234 (final)",Cooking -> Raspberry Syrup x470
skill_winery_and_brewing,17,18,,3,recipe_activatable_drink_mead_staminaregen_16,Blueberry Mead,,170,235.0,39950.0,340.57,Blueberry-850; Water-350; Barley Grain-180; Rye Grain-180,"Blueberry Mead x170 (final)
  - External craft (skill_cooking) via Basic Beehive Honey x170 -> Honey x850 (170 crafts)
      - Gather Barley Grain x180
    - Craft via Basic Fermenter Malt x9 -> Malt x170 (9 crafts)
      - Gather Water x180
        - Gather Rye Grain x180
      - External craft (skill_baking) via Millstone Rye Flour x9 -> Rye Flour x180 (9 crafts)
    - External craft (skill_baking) via Basic Fermenter Yeast x9 -> Yeast x170 (9 crafts)
    - Gather Water x170
  - Craft via Basic Fermenter Weak Mead Base x17 -> Weak Mead Base x170 (17 crafts)
  - Gather Blueberry x850
- Craft Blueberry Mead x170 (final)",
skill_fletching,18,19,,1,recipe_projectile_wrought_iron_head_arrow,Wrought Iron Tipped Arrow,,2789,17.0,47413.0,17710.15,Impure Iron Ore-8400; Sapwood-58745,"Wrought Iron Tipped Arrow x2789 (final)
    - Gather Sapwood x13945
  - External craft (skill_building) via Wood Chopping Block Long Wood Stock x2789 -> Long Wood Stock x13945 (2789 crafts)
        - Gather Impure Iron Ore x8400
          - Gather Sapwood x33600
        - External craft (skill_building) via Basic Charcoal Kiln Charcoal x672 -> Charcoal x16800 (672 crafts)
      - External craft (skill_blacksmithing) via Basic Furnace Iron Ingot x210 -> Iron Ingot x4200 (210 crafts)
        - Gather Sapwood x11200
      - External craft (skill_building) via Basic Charcoal Kiln Charcoal x224 -> Charcoal x5600 (224 crafts)
    - External craft (skill_blacksmithing) via Basic Furnace Wrought Iron Ingot x140 -> Wrought Iron Ingot x2790 (140 crafts)
  - External craft (skill_blacksmithing) via Forge Wrought Iron Arrowhead x558 -> Wrought Iron Arrowhead x13945 (558 crafts)
- Craft Wrought Iron Tipped Arrow x2789 (final)",Blacksmithing -> Wrought Iron Arrowhead x13950; Carpentry -> Long Wood Stock x13945
skill_fletching,18,19,,2,recipe_item_bow_stave_rough,Rough Bow Stave,,5267,9.0,47403.0,16471.66,Sapwood-15805; Resin-36869,"Rough Bow Stave x5267 (final)
    - Gather Sapwood x15805
  - External craft (skill_building) via Wood Chopping Block Long Wood Stock x3161 -> Long Wood Stock x15801 (3161 crafts)
  - Gather Resin x36869
  - External craft (skill_cooking) via Basic Beehive Beeswax x10534 -> Beeswax x52670 (10534 crafts)
- Craft Rough Bow Stave x5267 (final)",Carpentry -> Long Wood Stock x15805
skill_fletching,18,19,,3,recipe_wieldable_bow_2h_0_t2_common,Longbow (Common),,2155,13.0,28015.0,6096.41,Boar Sinew-10775; Rough Animal Hide-1080; Sapwood-6465; Resin-15085,"Longbow (Common) x2155 (final)
      - Gather Sapwood x6465
    - External craft (skill_building) via Wood Chopping Block Long Wood Stock x1293 -> Long Wood Stock x6465 (1293 crafts)
    - Gather Resin x15085
    - External craft (skill_cooking) via Basic Beehive Beeswax x4310 -> Beeswax x21550 (4310 crafts)
  - Craft via Basic Fletching Table Rough Bow Stave x2155 -> Rough Bow Stave x2155 (2155 crafts)
  - Gather Boar Sinew x10775
        - Gather Rough Animal Hide x1080
      - External craft (skill_leatherworking) via Simple Tanning Rack Rawhide x108 -> Rawhide x1078 (108 crafts)
    - External craft (skill_leatherworking) via Simple Leatherworking Table Nubuck Leather x1078 -> Nubuck Leather x1078 (1078 crafts)
  - External craft (skill_leatherworking) via Simple Leatherworking Table Coarse Leather Band x1078 -> Coarse Leather Band x21550 (1078 crafts)
- Craft Longbow (Common) x2155 (final)",Carpentry -> Long Wood Stock x6465; Leatherworking -> Coarse Leather Band x21560; Leatherworking -> Nubuck Leather x1078
skill_baking,21,22,,1,recipe_activatable_foodcooked_sweet_and_dessert_damagebuff_34,Whitbread,,187,351.0,65637.0,1156.28,Water-2250; Suet-748; Rye Grain-380; Wheat Grain-760,"Whitbread x187 (final)
      - Gather Wheat Grain x760
    - Craft via Grain Mill Wheat Flour x38 -> Wheat Flour x748 (38 crafts)
      - Gather Water x380
        - Gather Rye Grain x380
      - Craft via Millstone Rye Flour x19 -> Rye Flour x380 (19 crafts)
    - Craft via Basic Fermenter Yeast x19 -> Yeast x374 (19 crafts)
    - Gather Water x1870
  - Craft via Basic Cooking Workbench Wheat Dough x374 -> Wheat Dough x1870 (374 crafts)
    - Gather Suet x748
  - External craft (skill_cooking) via Basic Cooking Hearth Tallow x374 -> Tallow x1870 (374 crafts)
- Craft Whitbread x187 (final)",Cooking -> Tallow x1870
skill_baking,21,22,,2,recipe_activatable_foodcooked_pastry_staminaregen_22,Trail Pie,,3281,24.0,78744.0,16131.58,Water-39390; Animal Fat-13124; Barley Grain-13140; Rye Grain-6580,"Trail Pie x3281 (final)
      - Gather Barley Grain x13140
    - Craft via Millstone Barley Flour x657 -> Barley Flour x13124 (657 crafts)
      - Gather Water x6580
        - Gather Rye Grain x6580
      - Craft via Millstone Rye Flour x329 -> Rye Flour x6580 (329 crafts)
    - Craft via Basic Fermenter Yeast x329 -> Yeast x6562 (329 crafts)
    - Gather Water x32810
  - Craft via Basic Cooking Workbench Barley Dough x6562 -> Barley Dough x32810 (6562 crafts)
    - Gather Animal Fat x13124
  - External craft (skill_cooking) via Basic Cooking Hearth Lard x6562 -> Lard x32810 (6562 crafts)
- Craft Trail Pie x3281 (final)",Cooking -> Lard x32810
skill_baking,21,22,,3,recipe_activatable_foodcooked_bread_hpregen_28,Plain Oat Bread,,266,293.0,77938.0,246.49,Water-330; Suet-214; Oat Grain-120; Rye Grain-60,"Plain Oat Bread x266 (final)
      - Gather Oat Grain x120
    - Craft via Grain Mill Oat Flour x6 -> Oat Flour x108 (6 crafts)
      - Gather Water x60
        - Gather Rye Grain x60
      - Craft via Millstone Rye Flour x3 -> Rye Flour x60 (3 crafts)
    - Craft via Basic Fermenter Yeast x3 -> Yeast x54 (3 crafts)
    - Gather Water x270
  - Craft via Basic Cooking Workbench Oat Dough x54 -> Oat Dough x266 (54 crafts)
    - Gather Suet x214
  - External craft (skill_cooking) via Basic Cooking Hearth Tallow x107 -> Tallow x532 (107 crafts)
- Craft Plain Oat Bread x266 (final)",Cooking -> Tallow x535
skill_weapon_smithing,24,25,,1,recipe_wieldable_mace_1h_0_t3_common,Wrought Iron Mace (Common),,286,450.0,128700.0,1716.24,Rough Animal Hide-160; Copper Ore-80; Impure Iron Ore-24720; Tin Ore-80; Sapwood-130350,"Wrought Iron Mace (Common) x286 (final)
        - Gather Impure Iron Ore x1160
          - Gather Sapwood x4650
        - External craft (skill_building) via Basic Charcoal Kiln Charcoal x93 -> Charcoal x2320 (93 crafts)
      - External craft (skill_blacksmithing) via Basic Furnace Iron Ingot x29 -> Iron Ingot x572 (29 crafts)
    - External craft (skill_blacksmithing) via Basic Forge Iron Sheet x286 -> Iron Sheet x286 (286 crafts)
          - Gather Rough Animal Hide x80
        - External craft (skill_leatherworking) via Simple Tanning Rack Rawhide x8 -> Rawhide x72 (8 crafts)
      - External craft (skill_leatherworking) via Simple Leatherworking Table Nubuck Leather x72 -> Nubuck Leather x72 (72 crafts)
    - External craft (skill_leatherworking) via Simple Leatherworking Table Coarse Leather Band x72 -> Coarse Leather Band x1430 (72 crafts)
          - Gather Tin Ore x80
          - Gather Copper Ore x80
          - Gather Sapwood x400
        - External craft (skill_blacksmithing) via Basic Furnace Bronze Ingot x4 -> Bronze Ingot x75 (4 crafts)
      - External craft (skill_blacksmithing) via Basic Forge Bronze Bar x15 -> Bronze Bar x15 (15 crafts)
    - External craft (skill_blacksmithing) via Basic Forge Bronze Studs x15 -> Bronze Studs x2860 (15 crafts)
  - External craft (skill_blacksmithing) via Basic Forge Mace Grip x286 -> Mace Grip x286 (286 crafts)
      - Gather Impure Iron Ore x1760
        - Gather Sapwood x7050
      - External craft (skill_building) via Basic Charcoal Kiln Charcoal x141 -> Charcoal x3520 (141 crafts)
    - External craft (skill_blacksmithing) via Basic Furnace Iron Ingot x44 -> Iron Ingot x870 (44 crafts)
      - Gather Sapwood x2350
    - External craft (skill_building) via Basic Charcoal Kiln Charcoal x47 -> Charcoal x1160 (47 crafts)
  - External craft (skill_blacksmithing) via Basic Furnace Wrought Iron Ingot x29 -> Wrought Iron Ingot x572 (29 crafts)
          - Gather Impure Iron Ore x21480
            - Gather Sapwood x85950
          - External craft (skill_building) via Basic Charcoal Kiln Charcoal x1719 -> Charcoal x42960 (1719 crafts)
        - External craft (skill_blacksmithing) via Basic Furnace Iron Ingot x537 -> Iron Ingot x10740 (537 crafts)
          - Gather Sapwood x28650
        - External craft (skill_building) via Basic Charcoal Kiln Charcoal x573 -> Charcoal x14320 (573 crafts)
      - External craft (skill_blacksmithing) via Basic Furnace Wrought Iron Ingot x358 -> Wrought Iron Ingot x7150 (358 crafts)
    - External craft (skill_blacksmithing) via Basic Forge Wrought Iron Bar x1430 -> Wrought Iron Bar x2860 (1430 crafts)
  - External craft (skill_blacksmithing) via Forge Wrought Iron Spike x572 -> Wrought Iron Spike x572 (572 crafts)
        - Gather Rough Animal Hide x80
      - External craft (skill_leatherworking) via Simple Tanning Rack Rawhide x8 -> Rawhide x72 (8 crafts)
    - External craft (skill_leatherworking) via Simple Leatherworking Table Nubuck Leather x72 -> Nubuck Leather x72 (72 crafts)
  - External craft (skill_leatherworking) via Simple Leatherworking Table Coarse Leather Band x72 -> Coarse Leather Band x1430 (72 crafts)
        - Gather Impure Iron Ore x320
          - Gather Sapwood x1300
        - External craft (skill_building) via Basic Charcoal Kiln Charcoal x26 -> Charcoal x640 (26 crafts)
      - External craft (skill_blacksmithing) via Basic Furnace Iron Ingot x8 -> Iron Ingot x145 (8 crafts)
    - External craft (skill_blacksmithing) via Basic Forge Iron Bar x29 -> Iron Bar x58 (29 crafts)
  - External craft (skill_blacksmithing) via Basic Forge Iron Nails x58 -> Iron Nails x2860 (58 crafts)
- Craft Wrought Iron Mace (Common) x286 (final)",Blacksmithing -> Bronze Bar x15; Blacksmithing -> Bronze Studs x3000; Blacksmithing -> Iron Bar x58; Blacksmithing -> Iron Nails x2900; Blacksmithing -> Iron Sheet x286; Blacksmithing -> Mace Grip x286; Blacksmithing -> Wrought Iron Bar x2860; Blacksmithing -> Wrought Iron Spike x572; Leatherworking -> Coarse Leather Band x2880; Leatherworking -> Nubuck Leather x144
skill_weapon_smithing,24,25,,2,recipe_wieldable_tool_skinning_knife_t3_common,Wrought Iron Skinning Knife (Common),,310,415.0,128650.0,607.60,Heartwood-310; Rough Animal Hide-40; Impure Iron Ore-6840; Sapwood-32400,"Wrought Iron Skinning Knife (Common) x310 (final)
        - Gather Impure Iron Ore x3120
          - Gather Sapwood x12500
        - External craft (skill_building) via Basic Charcoal Kiln Charcoal x250 -> Charcoal x6240 (250 crafts)
      - External craft (skill_blacksmithing) via Basic Furnace Iron Ingot x78 -> Iron Ingot x1550 (78 crafts)
    - External craft (skill_blacksmithing) via Basic Forge Iron Bar x310 -> Iron Bar x620 (310 crafts)
  - External craft (skill_blacksmithing) via Basic Forge Iron Knife Blade x310 -> Iron Knife Blade x310 (310 crafts)
        - Gather Impure Iron Ore x3720
          - Gather Sapwood x14900
        - External craft (skill_building) via Basic Charcoal Kiln Charcoal x298 -> Charcoal x7440 (298 crafts)
      - External craft (skill_blacksmithing) via Basic Furnace Iron Ingot x93 -> Iron Ingot x1860 (93 crafts)
        - Gather Sapwood x5000
      - External craft (skill_building) via Basic Charcoal Kiln Charcoal x100 -> Charcoal x2480 (100 crafts)
    - External craft (skill_blacksmithing) via Basic Furnace Wrought Iron Ingot x62 -> Wrought Iron Ingot x1240 (62 crafts)
  - External craft (skill_blacksmithing) via Forge Wrought Iron Sheet x620 -> Wrought Iron Sheet x620 (620 crafts)
    - Gather Heartwood x310
  - External craft (skill_building) via Wood Chopping Block Long Fine Wood Stock x62 -> Long Fine Wood Stock x310 (62 crafts)
        - Gather Rough Animal Hide x40
      - External craft (skill_leatherworking) via Simple Tanning Rack Rawhide x4 -> Rawhide x31 (4 crafts)
    - External craft (skill_leatherworking) via Simple Leatherworking Table Nubuck Leather x31 -> Nubuck Leather x31 (31 crafts)
  - External craft (skill_leatherworking) via Simple Leatherworking Table Coarse Leather Band x31 -> Coarse Leather Band x620 (31 crafts)
- Craft Wrought Iron Skinning Knife (Common) x310 (final)",Blacksmithing -> Iron Bar x620; Blacksmithing -> Iron Knife Blade x310; Blacksmithing -> Wrought Iron Sheet x620; Carpentry -> Long Fine Wood Stock x310; Leatherworking -> Coarse Leather Band x620; Leatherworking -> Nubuck Leather x31
skill_weapon_smithing,24,25,,3,recipe_wieldable_tool_woodcutting_axe_t3_common,Wrought Iron Chopping Axe (Common),,353,364.0,128492.0,1389.05,Rough Animal Hide-180; Copper Ore-720; Impure Iron Ore-12800; Tin Ore-720; Sapwood-72660,"Wrought Iron Chopping Axe (Common) x353 (final)
      - Gather Sapwood x710
    - External craft (skill_building) via Wood Chopping Block Long Wood Stock x142 -> Long Wood Stock x706 (142 crafts)
          - Gather Rough Animal Hide x90
        - External craft (skill_leatherworking) via Simple Tanning Rack Rawhide x9 -> Rawhide x89 (9 crafts)
      - External craft (skill_leatherworking) via Simple Leatherworking Table Nubuck Leather x89 -> Nubuck Leather x89 (89 crafts)
    - External craft (skill_leatherworking) via Simple Leatherworking Table Coarse Leather Band x89 -> Coarse Leather Band x1765 (89 crafts)
          - Gather Tin Ore x360
          - Gather Copper Ore x360
          - Gather Sapwood x1800
        - External craft (skill_blacksmithing) via Basic Furnace Bronze Ingot x18 -> Bronze Ingot x355 (18 crafts)
      - External craft (skill_blacksmithing) via Basic Forge Bronze Bar x71 -> Bronze Bar x71 (71 crafts)
    - External craft (skill_blacksmithing) via Basic Forge Bronze Nails x71 -> Bronze Nails x3530 (71 crafts)
  - External craft (skill_blacksmithing) via Basic Forge Axe Handle x353 -> Axe Handle x353 (353 crafts)
          - Gather Impure Iron Ore x10640
            - Gather Sapwood x42600
          - External craft (skill_building) via Basic Charcoal Kiln Charcoal x852 -> Charcoal x21280 (852 crafts)
        - External craft (skill_blacksmithing) via Basic Furnace Iron Ingot x266 -> Iron Ingot x5310 (266 crafts)
          - Gather Sapwood x14200
        - External craft (skill_building) via Basic Charcoal Kiln Charcoal x284 -> Charcoal x7080 (284 crafts)
      - External craft (skill_blacksmithing) via Basic Furnace Wrought Iron Ingot x177 -> Wrought Iron Ingot x3530 (177 crafts)
    - External craft (skill_blacksmithing) via Forge Wrought Iron Sheet x1765 -> Wrought Iron Sheet x1765 (1765 crafts)
        - Gather Impure Iron Ore x2160
          - Gather Sapwood x8650
        - External craft (skill_building) via Basic Charcoal Kiln Charcoal x173 -> Charcoal x4320 (173 crafts)
      - External craft (skill_blacksmithing) via Basic Furnace Iron Ingot x54 -> Iron Ingot x1080 (54 crafts)
        - Gather Sapwood x2900
      - External craft (skill_building) via Basic Charcoal Kiln Charcoal x58 -> Charcoal x1440 (58 crafts)
    - External craft (skill_blacksmithing) via Basic Furnace Wrought Iron Ingot x36 -> Wrought Iron Ingot x706 (36 crafts)
  - External craft (skill_blacksmithing) via Forge Wrought Iron Axe Head x353 -> Wrought Iron Axe Head x353 (353 crafts)
        - Gather Tin Ore x360
        - Gather Copper Ore x360
        - Gather Sapwood x1800
      - External craft (skill_blacksmithing) via Basic Furnace Bronze Ingot x18 -> Bronze Ingot x355 (18 crafts)
    - External craft (skill_blacksmithing) via Basic Forge Bronze Bar x71 -> Bronze Bar x71 (71 crafts)
  - External craft (skill_blacksmithing) via Basic Forge Bronze Nails x71 -> Bronze Nails x3530 (71 crafts)
        - Gather Rough Animal Hide x90
      - External craft (skill_leatherworking) via Simple Tanning Rack Rawhide x9 -> Rawhide x89 (9 crafts)
    - External craft (skill_leatherworking) via Simple Leatherworking Table Nubuck Leather x89 -> Nubuck Leather x89 (89 crafts)
  - External craft (skill_leatherworking) via Simple Leatherworking Table Coarse Leather Band x89 -> Coarse Leather Band x1765 (89 crafts)
- Craft Wrought Iron Chopping Axe (Common) x353 (final)",Blacksmithing -> Axe Handle x353; Blacksmithing -> Bronze Bar x142; Blacksmithing -> Bronze Nails x7100; Blacksmithing -> Wrought Iron Axe Head x353; Blacksmithing -> Wrought Iron Sheet x1765; Carpentry -> Long Wood Stock x710; Leatherworking -> Coarse Leather Band x3560; Leatherworking -> Nubuck Leather x178
skill_armor_smithing,16,17,,1,recipe_wearable_metal_arms_pilgrim_0_t2_common,Pilgrim's Vambraces II (Common),,140,239.0,33460.0,1184.87,Rough Animal Hide-20; Copper Ore-120; Impure Iron Ore-2880; Tin Ore-120; Sapwood-12150,"Pilgrim's Vambraces II (Common) x140 (final)
      - Gather Impure Iron Ore x2800
        - Gather Sapwood x11200
      - External craft (skill_building) via Basic Charcoal Kiln Charcoal x224 -> Charcoal x5600 (224 crafts)
    - External craft (skill_blacksmithing) via Basic Furnace Iron Ingot x70 -> Iron Ingot x1400 (70 crafts)
  - External craft (skill_blacksmithing) via Basic Forge Iron Sheet x700 -> Iron Sheet x700 (700 crafts)
        - Gather Rough Animal Hide x20
      - External craft (skill_leatherworking) via Simple Tanning Rack Rawhide x2 -> Rawhide x14 (2 crafts)
    - External craft (skill_leatherworking) via Simple Leatherworking Table Nubuck Leather x14 -> Nubuck Leather x14 (14 crafts)
  - External craft (skill_leatherworking) via Simple Leatherworking Table Coarse Leather Band x14 -> Coarse Leather Band x280 (14 crafts)
        - Gather Tin Ore x120
        - Gather Copper Ore x120
        - Gather Sapwood x600
      - External craft (skill_blacksmithing) via Basic Furnace Bronze Ingot x6 -> Bronze Ingot x120 (6 crafts)
    - External craft (skill_blacksmithing) via Basic Forge Bronze Sheet x60 -> Bronze Sheet x60 (60 crafts)
  - External craft (skill_blacksmithing) via Basic Forge Bronze Buckle x12 -> Bronze Buckle x280 (12 crafts)
        - Gather Impure Iron Ore x80
          - Gather Sapwood x350
        - External craft (skill_building) via Basic Charcoal Kiln Charcoal x7 -> Charcoal x160 (7 crafts)
      - External craft (skill_blacksmithing) via Basic Furnace Iron Ingot x2 -> Iron Ingot x35 (2 crafts)
    - External craft (skill_blacksmithing) via Basic Forge Iron Bar x7 -> Iron Bar x14 (7 crafts)
  - External craft (skill_blacksmithing) via Basic Forge Iron Studs x14 -> Iron Studs x2800 (14 crafts)
- Craft Pilgrim's Vambraces II (Common) x140 (final)",Blacksmithing -> Bronze Buckle x300; Blacksmithing -> Bronze Sheet x60; Blacksmithing -> Iron Bar x14; Blacksmithing -> Iron Sheet x700; Blacksmithing -> Iron Studs x2800; Leatherworking -> Coarse Leather Band x280; Leatherworking -> Nubuck Leather x14
skill_armor_smithing,16,17,,2,recipe_wearable_metal_hands_pilgrim_0_t2_common,Pilgrim's Gauntlets II (Common),,138,242.0,33396.0,1714.88,Impure Iron Ore-5520; Flax Fiber-8280; Sapwood-22100,"Pilgrim's Gauntlets II (Common) x138 (final)
      - Gather Impure Iron Ore x5520
        - Gather Sapwood x22100
      - External craft (skill_building) via Basic Charcoal Kiln Charcoal x442 -> Charcoal x11040 (442 crafts)
    - External craft (skill_blacksmithing) via Basic Furnace Iron Ingot x138 -> Iron Ingot x2760 (138 crafts)
  - External craft (skill_blacksmithing) via Basic Forge Iron Wire x1380 -> Iron Wire x5520 (1380 crafts)
      - Gather Flax Fiber x8280
    - External craft (skill_tailoring) via Spinning Wheel Linen String x276 -> Linen String x2760 (276 crafts)
  - External craft (skill_tailoring) via Simple Tailoring Table Coarse Linen Cloth x276 -> Coarse Linen Cloth x276 (276 crafts)
- Craft Pilgrim's Gauntlets II (Common) x138 (final)",Blacksmithing -> Iron Wire x5520; Tailoring -> Coarse Linen Cloth x276; Tailoring -> Linen String x2760
skill_armor_smithing,16,17,,3,recipe_wearable_metal_arms_pilgrim_0_t1_common,Pilgrim's Vambraces (Common),,11096,3.0,33288.0,2367.15,Copper Ore-22200; Tin Ore-22200; Sapwood-111000,"Pilgrim's Vambraces (Common) x11096 (final)
      - Gather Tin Ore x22200
      - Gather Copper Ore x22200
      - Gather Sapwood x111000
    - External craft (skill_blacksmithing) via Basic Furnace Bronze Ingot x1110 -> Bronze Ingot x22192 (1110 crafts)
  - External craft (skill_blacksmithing) via Basic Forge Bronze Sheet x11096 -> Bronze Sheet x11096 (11096 crafts)
- Craft Pilgrim's Vambraces (Common) x11096 (final)",Blacksmithing -> Bronze Sheet x11096
skill_jewelerycrafting,16,17,,1,recipe_wearable_jewellery_bracelet_common_7,Shiny Silver Bracelet (Common),,107,314.0,33598.0,42.80,Impure Iron Ore-360; Sapwood-1950,"Shiny Silver Bracelet (Common) x107 (final)
      - Gather Impure Iron Ore x360
        - Gather Sapwood x1450
      - External craft (skill_building) via Basic Charcoal Kiln Charcoal x29 -> Charcoal x720 (29 crafts)
    - External craft (skill_blacksmithing) via Basic Furnace Iron Ingot x9 -> Iron Ingot x180 (9 crafts)
      - Gather Sapwood x500
    - External craft (skill_building) via Basic Charcoal Kiln Charcoal x10 -> Charcoal x240 (10 crafts)
  - External craft (skill_blacksmithing) via Basic Furnace Wrought Iron Ingot x6 -> Wrought Iron Ingot x107 (6 crafts)
- Craft Shiny Silver Bracelet (Common) x107 (final)",
skill_jewelerycrafting,16,17,,2,recipe_wearable_hat_jewellery_rp_diadem_01_silver,Lunar Oak Tiara,,128,262.0,33536.0,832.43,Bone Fragments-26; Silver Ore-1540; Sapwood-30800,"Lunar Oak Tiara x128 (final)
    - Gather Silver Ore x1540
      - Gather Sapwood x30800
    - External craft (skill_building) via Basic Charcoal Kiln Charcoal x616 -> Charcoal x15400 (616 crafts)
  - External craft (skill_blacksmithing) via Furnace Silver Ingot x308 -> Silver Ingot x1536 (308 crafts)
    - Gather Bone Fragments x26
  - External craft (skill_tailoring) via Simple Tailoring Table Sewing Needles x13 -> Sewing Needles x128 (13 crafts)
- Craft Lunar Oak Tiara x128 (final)",Tailoring -> Sewing Needles x130
skill_jewelerycrafting,16,17,,3,recipe_wearable_jewellery_earring_common_3,Slender Bronze Earring (Common),,1448,23.0,33304.0,299.25,Copper Ore-2900; Sapwood-8700,"Slender Bronze Earring (Common) x1448 (final)
    - Gather Copper Ore x2900
      - Gather Sapwood x8700
    - External craft (skill_building) via Basic Charcoal Kiln Charcoal x174 -> Charcoal x4350 (174 crafts)
  - External craft (skill_blacksmithing) via Basic Furnace Copper Ingot x145 -> Copper Ingot x1448 (145 crafts)
- Craft Slender Bronze Earring (Common) x1448 (final)",
skill_alchemy,18,19,,1,recipe_activatable_potion_potion_of_protection_very_small_32,Aegis Potion V,,189,251.0,47439.0,734.66,Water-1702; Castor Plant-190; Sand-11360; Sapwood-11600,"Aegis Potion V x189 (final)
    - Gather Castor Plant x190
      - Gather Sapwood x200
    - External craft (skill_building) via Basic Charcoal Kiln Charcoal x4 -> Charcoal x76 (4 crafts)
    - Gather Water x190
  - Craft via Basic Reagent Distiller Castor Extract x38 -> Castor Extract x378 (38 crafts)
  - Gather Water x1512
      - Gather Sand x11360
        - Gather Sapwood x11400
      - External craft (skill_building) via Basic Charcoal Kiln Charcoal x228 -> Charcoal x5680 (228 crafts)
    - External craft (skill_building) via Basic Furnace Rough Glass x284 -> Rough Glass x2835 (284 crafts)
  - External craft (skill_blacksmithing) via Basic Forge Small Vial x189 -> Small Vial x945 (189 crafts)
- Craft Aegis Potion V x189 (final)",Blacksmithing -> Small Vial x945
skill_alchemy,18,19,,2,recipe_activatable_potion_arcance_resistance_very_small_30,Cold Resistance I,,189,251.0,47439.0,839.00,Water-1702; Crane Flower-190; Sand-11360; Sapwood-11600,"Cold Resistance I x189 (final)
    - Gather Crane Flower x190
      - Gather Sapwood x200
    - External craft (skill_building) via Basic Charcoal Kiln Charcoal x4 -> Charcoal x76 (4 crafts)
    - Gather Water x190
  - Craft via Basic Reagent Distiller Crane Flower Extract x38 -> Crane Flower Extract x378 (38 crafts)
  - Gather Water x1512
      - Gather Sand x11360
        - Gather Sapwood x11400
      - External craft (skill_building) via Basic Charcoal Kiln Charcoal x228 -> Charcoal x5680 (228 crafts)
    - External craft (skill_building) via Basic Furnace Rough Glass x284 -> Rough Glass x2835 (284 crafts)
  - External craft (skill_blacksmithing) via Basic Forge Small Vial x189 -> Small Vial x945 (189 crafts)
- Craft Cold Resistance I x189 (final)",Blacksmithing -> Small Vial x945
skill_alchemy,18,19,,3,recipe_activatable_potion_potion_of_vitality_very_small_27,Weak Tonic of Vitality III,,1632,29.0,47328.0,6115.92,Amanita Regalis-1635; Water-14691; Sand-97920; Sapwood-99300,"Weak Tonic of Vitality III x1632 (final)
    - Gather Amanita Regalis x1635
      - Gather Sapwood x1350
    - External craft (skill_building) via Basic Charcoal Kiln Charcoal x27 -> Charcoal x654 (27 crafts)
    - Gather Water x1635
  - Craft via Basic Reagent Distiller Amanita Regalis Extract x327 -> Amanita Regalis Extract x3264 (327 crafts)
  - Gather Water x13056
      - Gather Sand x97920
        - Gather Sapwood x97950
      - External craft (skill_building) via Basic Charcoal Kiln Charcoal x1959 -> Charcoal x48960 (1959 crafts)
    - External craft (skill_building) via Basic Furnace Rough Glass x2448 -> Rough Glass x24480 (2448 crafts)
  - External craft (skill_blacksmithing) via Basic Forge Small Vial x1632 -> Small Vial x8160 (1632 crafts)
- Craft Weak Tonic of Vitality III x1632 (final)",Blacksmithing -> Small Vial x8160
skill_winery_and_brewing,18,19,,1,recipe_activatable_drink_mead_staminaregen_24,Raspberry Mead,,195,243.0,47385.0,447.38,Raspberry-975; Water-400; Barley Grain-200; Rye Grain-200,"Raspberry Mead x195 (final)
  - External craft (skill_cooking) via Basic Beehive Honey x195 -> Honey x975 (195 crafts)
      - Gather Barley Grain x200
    - Craft via Basic Fermenter Malt x10 -> Malt x200 (10 crafts)
      - Gather Water x200
        - Gather Rye Grain x200
      - External craft (skill_baking) via Millstone Rye Flour x10 -> Rye Flour x200 (10 crafts)
    - External craft (skill_baking) via Basic Fermenter Yeast x10 -> Yeast x200 (10 crafts)
    - Gather Water x200
  - Craft via Basic Fermenter Cloudy Mead Base x20 -> Cloudy Mead Base x195 (20 crafts)
  - Gather Raspberry x975
- Craft Raspberry Mead x195 (final)",
skill_winery_and_brewing,18,19,,2,recipe_activatable_drink_mead_staminaregen_8,Weak Mead,,194,244.0,47336.0,326.57,Water-400; Barley Grain-200; Rye Grain-200,"Weak Mead x194 (final)
  - External craft (skill_cooking) via Basic Beehive Honey x194 -> Honey x970 (194 crafts)
      - Gather Barley Grain x200
    - Craft via Basic Fermenter Malt x10 -> Malt x200 (10 crafts)
      - Gather Water x200
        - Gather Rye Grain x200
      - External craft (skill_baking) via Millstone Rye Flour x10 -> Rye Flour x200 (10 crafts)
    - External craft (skill_baking) via Basic Fermenter Yeast x10 -> Yeast x200 (10 crafts)
    - Gather Water x200
  - Craft via Basic Fermenter Weak Mead Base x20 -> Weak Mead Base x194 (20 crafts)
- Craft Weak Mead x194 (final)",
skill_winery_and_brewing,18,19,,3,recipe_activatable_drink_mead_staminaregen_16,Blueberry Mead,,214,221.0,47294.0,428.71,Blueberry-1070; Water-440; Barley Grain-220; Rye Grain-220,"Blueberry Mead x214 (final)
  - External craft (skill_cooking) via Basic Beehive Honey x214 -> Honey x1070 (214 crafts)
      - Gather Barley Grain x220
    - Craft via Basic Fermenter Malt x11 -> Malt x220 (11 crafts)
      - Gather Water x220
        - Gather Rye Grain x220
      - External craft (skill_baking) via Millstone Rye Flour x11 -> Rye Flour x220 (11 crafts)
    - External craft (skill_baking) via Basic Fermenter Yeast x11 -> Yeast x220 (11 crafts)
    - Gather Water x220
  - Craft via Basic Fermenter Weak Mead Base x22 -> Weak Mead Base x214 (22 crafts)
  - Gather Blueberry x1070
- Craft Blueberry Mead x214 (final)",
skill_fletching,19,20,,1,recipe_projectile_wrought_iron_head_arrow,Wrought Iron Tipped Arrow,,4050,14.0,56700.0,25717.50,Impure Iron Ore-12200; Sapwood-85300,"Wrought Iron Tipped Arrow x4050 (final)
    - Gather Sapwood x20250
  - External craft (skill_building) via Wood Chopping Block Long Wood Stock x4050 -> Long Wood Stock x20250 (4050 crafts)
        - Gather Impure Iron Ore x12200
          - Gather Sapwood x48800
        - External craft (skill_building) via Basic Charcoal Kiln Charcoal x976 -> Charcoal x24400 (976 crafts)
      - External craft (skill_blacksmithing) via Basic Furnace Iron Ingot x305 -> Iron Ingot x6090 (305 crafts)
        - Gather Sapwood x16250
      - External craft (skill_building) via Basic Charcoal Kiln Charcoal x325 -> Charcoal x8120 (325 crafts)
    - External craft (skill_blacksmithing) via Basic Furnace Wrought Iron Ingot x203 -> Wrought Iron Ingot x4050 (203 crafts)
  - External craft (skill_blacksmithing) via Forge Wrought Iron Arrowhead x810 -> Wrought Iron Arrowhead x20250 (810 crafts)
- Craft Wrought Iron Tipped Arrow x4050 (final)",Blacksmithing -> Wrought Iron Arrowhead x20250; Carpentry -> Long Wood Stock x20250
skill_fletching,19,20,,2,recipe_item_bow_stave_rough,Rough Bow Stave,,9448,6.0,56688.0,29547.05,Sapwood-28345; Resin-66136,"Rough Bow Stave x9448 (final)
    - Gather Sapwood x28345
  - External craft (skill_building) via Wood Chopping Block Long Wood Stock x5669 -> Long Wood Stock x28344 (5669 crafts)
  - Gather Resin x66136
  - External craft (skill_cooking) via Basic Beehive Beeswax x18896 -> Beeswax x94480 (18896 crafts)
- Craft Rough Bow Stave x9448 (final)",Carpentry -> Long Wood Stock x28345
skill_fletching,19,20,,3,recipe_wieldable_bow_2h_0_t2_common,Longbow (Common),,3543,10.0,35430.0,10023.00,Boar Sinew-17715; Rough Animal Hide-1780; Sapwood-10630; Resin-24801,"Longbow (Common) x3543 (final)
      - Gather Sapwood x10630
    - External craft (skill_building) via Wood Chopping Block Long Wood Stock x2126 -> Long Wood Stock x10629 (2126 crafts)
    - Gather Resin x24801
    - External craft (skill_cooking) via Basic Beehive Beeswax x7086 -> Beeswax x35430 (7086 crafts)
  - Craft via Basic Fletching Table Rough Bow Stave x3543 -> Rough Bow Stave x3543 (3543 crafts)
  - Gather Boar Sinew x17715
        - Gather Rough Animal Hide x1780
      - External craft (skill_leatherworking) via Simple Tanning Rack Rawhide x178 -> Rawhide x1772 (178 crafts)
    - External craft (skill_leatherworking) via Simple Leatherworking Table Nubuck Leather x1772 -> Nubuck Leather x1772 (1772 crafts)
  - External craft (skill_leatherworking) via Simple Leatherworking Table Coarse Leather Band x1772 -> Coarse Leather Band x35430 (1772 crafts)
- Craft Longbow (Common) x3543 (final)",Carpentry -> Long Wood Stock x10630; Leatherworking -> Coarse Leather Band x35440; Leatherworking -> Nubuck Leather x1772
skill_baking,22,23,,1,recipe_activatable_foodcooked_sweet_and_dessert_damagebuff_52,Heavy Whitbread,,610,85.0,51850.0,3771.83,Water-7320; Suet-2440; Rye Grain-1220; Wheat Grain-2440,"Heavy Whitbread x610 (final)
      - Gather Wheat Grain x2440
    - Craft via Grain Mill Wheat Flour x122 -> Wheat Flour x2440 (122 crafts)
      - Gather Water x1220
        - Gather Rye Grain x1220
      - Craft via Millstone Rye Flour x61 -> Rye Flour x1220 (61 crafts)
    - Craft via Basic Fermenter Yeast x61 -> Yeast x1220 (61 crafts)
    - Gather Water x6100
  - Craft via Basic Cooking Workbench Wheat Dough x1220 -> Wheat Dough x6100 (1220 crafts)
    - Gather Suet x2440
  - External craft (skill_cooking) via Basic Cooking Hearth Tallow x1220 -> Tallow x6100 (1220 crafts)
- Craft Heavy Whitbread x610 (final)",Cooking -> Tallow x6100
skill_baking,22,23,,2,recipe_activatable_foodcooked_bread_hpregen_20,Barley and Rye Bread,,5412,17.0,92004.0,5443.57,Water-6515; Suet-4330; Barley Grain-2180; Rye Grain-11924,"Barley and Rye Bread x5412 (final)
      - Gather Barley Grain x2180
    - Craft via Millstone Barley Flour x109 -> Barley Flour x2166 (109 crafts)
      - Gather Water x1100
        - Gather Rye Grain x1100
      - Craft via Millstone Rye Flour x55 -> Rye Flour x1100 (55 crafts)
    - Craft via Basic Fermenter Yeast x55 -> Yeast x1083 (55 crafts)
    - Gather Water x5415
  - Craft via Basic Cooking Workbench Barley Dough x1083 -> Barley Dough x5412 (1083 crafts)
  - Gather Rye Grain x10824
    - Gather Suet x4330
  - External craft (skill_cooking) via Basic Cooking Hearth Tallow x2165 -> Tallow x10824 (2165 crafts)
- Craft Barley and Rye Bread x5412 (final)",Cooking -> Tallow x10825
skill_baking,22,23,,3,recipe_activatable_foodcooked_bread_hpregen_28,Plain Oat Bread,,334,275.0,91850.0,309.51,Water-415; Suet-268; Oat Grain-140; Rye Grain-80,"Plain Oat Bread x334 (final)
      - Gather Oat Grain x140
    - Craft via Grain Mill Oat Flour x7 -> Oat Flour x134 (7 crafts)
      - Gather Water x80
        - Gather Rye Grain x80
      - Craft via Millstone Rye Flour x4 -> Rye Flour x80 (4 crafts)
    - Craft via Basic Fermenter Yeast x4 -> Yeast x67 (4 crafts)
    - Gather Water x335
  - Craft via Basic Cooking Workbench Oat Dough x67 -> Oat Dough x334 (67 crafts)
    - Gather Suet x268
  - External craft (skill_cooking) via Basic Cooking Hearth Tallow x134 -> Tallow x668 (134 crafts)
- Craft Plain Oat Bread x334 (final)",Cooking -> Tallow x670
skill_armor_smithing,17,18,,1,recipe_wearable_metal_hands_pilgrim_0_t2_common,Pilgrim's Gauntlets II (Common),,176,227.0,39952.0,2187.09,Impure Iron Ore-7040; Flax Fiber-10560; Sapwood-28200,"Pilgrim's Gauntlets II (Common) x176 (final)
      - Gather Impure Iron Ore x7040
        - Gather Sapwood x28200
      - External craft (skill_building) via Basic Charcoal Kiln Charcoal x564 -> Charcoal x14080 (564 crafts)
    - External craft (skill_blacksmithing) via Basic Furnace Iron Ingot x176 -> Iron Ingot x3520 (176 crafts)
  - External craft (skill_blacksmithing) via Basic Forge Iron Wire x1760 -> Iron Wire x7040 (1760 crafts)
      - Gather Flax Fiber x10560
    - External craft (skill_tailoring) via Spinning Wheel Linen String x352 -> Linen String x3520 (352 crafts)
  - External craft (skill_tailoring) via Simple Tailoring Table Coarse Linen Cloth x352 -> Coarse Linen Cloth x352 (352 crafts)
- Craft Pilgrim's Gauntlets II (Common) x176 (final)",Blacksmithing -> Iron Wire x7040; Tailoring -> Coarse Linen Cloth x352; Tailoring -> Linen String x3520
skill_armor_smithing,17,18,,2,recipe_wearable_metal_feet_pilgrim_boj_t2_common,Pilgrim's Sabatons II (Common),,1997,20.0,39940.0,19896.78,Rough Animal Hide-200; Copper Ore-1600; Impure Iron Ore-80880; Tin Ore-1600; Sapwood-331550,"Pilgrim's Sabatons II (Common) x1997 (final)
      - Gather Impure Iron Ore x79880
        - Gather Sapwood x319550
      - External craft (skill_building) via Basic Charcoal Kiln Charcoal x6391 -> Charcoal x159760 (6391 crafts)
    - External craft (skill_blacksmithing) via Basic Furnace Iron Ingot x1997 -> Iron Ingot x39940 (1997 crafts)
  - External craft (skill_blacksmithing) via Basic Forge Iron Sheet x19970 -> Iron Sheet x19970 (19970 crafts)
        - Gather Rough Animal Hide x200
      - External craft (skill_leatherworking) via Simple Tanning Rack Rawhide x20 -> Rawhide x200 (20 crafts)
    - External craft (skill_leatherworking) via Simple Leatherworking Table Nubuck Leather x200 -> Nubuck Leather x200 (200 crafts)
  - External craft (skill_leatherworking) via Simple Leatherworking Table Coarse Leather Band x200 -> Coarse Leather Band x3994 (200 crafts)
        - Gather Tin Ore x1600
        - Gather Copper Ore x1600
        - Gather Sapwood x8000
      - External craft (skill_blacksmithing) via Basic Furnace Bronze Ingot x80 -> Bronze Ingot x1600 (80 crafts)
    - External craft (skill_blacksmithing) via Basic Forge Bronze Sheet x800 -> Bronze Sheet x800 (800 crafts)
  - External craft (skill_blacksmithing) via Basic Forge Bronze Buckle x160 -> Bronze Buckle x3994 (160 crafts)
        - Gather Impure Iron Ore x1000
          - Gather Sapwood x4000
        - External craft (skill_building) via Basic Charcoal Kiln Charcoal x80 -> Charcoal x2000 (80 crafts)
      - External craft (skill_blacksmithing) via Basic Furnace Iron Ingot x25 -> Iron Ingot x500 (25 crafts)
    - External craft (skill_blacksmithing) via Basic Forge Iron Bar x100 -> Iron Bar x200 (100 crafts)
  - External craft (skill_blacksmithing) via Basic Forge Iron Studs x200 -> Iron Studs x39940 (200 crafts)
- Craft Pilgrim's Sabatons II (Common) x1997 (final)",Blacksmithing -> Bronze Buckle x4000; Blacksmithing -> Bronze Sheet x800; Blacksmithing -> Iron Bar x200; Blacksmithing -> Iron Sheet x19970; Blacksmithing -> Iron Studs x40000; Leatherworking -> Coarse Leather Band x4000; Leatherworking -> Nubuck Leather x200
skill_armor_smithing,17,18,,3,recipe_wearable_metal_arms_pilgrim_0_t2_common,Pilgrim's Vambraces II (Common),,1248,32.0,39936.0,10562.24,Rough Animal Hide-130; Copper Ore-1000; Impure Iron Ore-25600; Tin Ore-1000; Sapwood-107450,"Pilgrim's Vambraces II (Common) x1248 (final)
      - Gather Impure Iron Ore x24960
        - Gather Sapwood x99850
      - External craft (skill_building) via Basic Charcoal Kiln Charcoal x1997 -> Charcoal x49920 (1997 crafts)
    - External craft (skill_blacksmithing) via Basic Furnace Iron Ingot x624 -> Iron Ingot x12480 (624 crafts)
  - External craft (skill_blacksmithing) via Basic Forge Iron Sheet x6240 -> Iron Sheet x6240 (6240 crafts)
        - Gather Rough Animal Hide x130
      - External craft (skill_leatherworking) via Simple Tanning Rack Rawhide x13 -> Rawhide x125 (13 crafts)
    - External craft (skill_leatherworking) via Simple Leatherworking Table Nubuck Leather x125 -> Nubuck Leather x125 (125 crafts)
  - External craft (skill_leatherworking) via Simple Leatherworking Table Coarse Leather Band x125 -> Coarse Leather Band x2496 (125 crafts)
        - Gather Tin Ore x1000
        - Gather Copper Ore x1000
        - Gather Sapwood x5000
      - External craft (skill_blacksmithing) via Basic Furnace Bronze Ingot x50 -> Bronze Ingot x1000 (50 crafts)
    - External craft (skill_blacksmithing) via Basic Forge Bronze Sheet x500 -> Bronze Sheet x500 (500 crafts)
  - External craft (skill_blacksmithing) via Basic Forge Bronze Buckle x100 -> Bronze Buckle x2496 (100 crafts)
        - Gather Impure Iron Ore x640
          - Gather Sapwood x2600
        - External craft (skill_building) via Basic Charcoal Kiln Charcoal x52 -> Charcoal x1280 (52 crafts)
      - External craft (skill_blacksmithing) via Basic Furnace Iron Ingot x16 -> Iron Ingot x315 (16 crafts)
    - External craft (skill_blacksmithing) via Basic Forge Iron Bar x63 -> Iron Bar x125 (63 crafts)
  - External craft (skill_blacksmithing) via Basic Forge Iron Studs x125 -> Iron Studs x24960 (125 crafts)
- Craft Pilgrim's Vambraces II (Common) x1248 (final)",Blacksmithing -> Bronze Buckle x2500; Blacksmithing -> Bronze Sheet x500; Blacksmithing -> Iron Bar x126; Blacksmithing -> Iron Sheet x6240; Blacksmithing -> Iron Studs x25000; Leatherworking -> Coarse Leather Band x2500; Leatherworking -> Nubuck Leather x125
skill_jewelerycrafting,17,18,,1,recipe_wearable_jewellery_bracelet_common_7,Shiny Silver Bracelet (Common),,136,294.0,39984.0,54.40,Impure Iron Ore-440; Sapwood-2400,"Shiny Silver Bracelet (Common) x136 (final)
      - Gather Impure Iron Ore x440
        - Gather Sapwood x1800
      - External craft (skill_building) via Basic Charcoal Kiln Charcoal x36 -> Charcoal x880 (36 crafts)
    - External craft (skill_blacksmithing) via Basic Furnace Iron Ingot x11 -> Iron Ingot x210 (11 crafts)
      - Gather Sapwood x600
    - External craft (skill_building) via Basic Charcoal Kiln Charcoal x12 -> Charcoal x280 (12 crafts)
  - External craft (skill_blacksmithing) via Basic Furnace Wrought Iron Ingot x7 -> Wrought Iron Ingot x136 (7 crafts)
- Craft Shiny Silver Bracelet (Common) x136 (final)",
skill_jewelerycrafting,17,18,,2,recipe_wearable_hat_jewellery_rp_diadem_01_silver,Lunar Oak Tiara,,152,263.0,39976.0,988.51,Bone Fragments-32; Silver Ore-1825; Sapwood-36500,"Lunar Oak Tiara x152 (final)
    - Gather Silver Ore x1825
      - Gather Sapwood x36500
    - External craft (skill_building) via Basic Charcoal Kiln Charcoal x730 -> Charcoal x18250 (730 crafts)
  - External craft (skill_blacksmithing) via Furnace Silver Ingot x365 -> Silver Ingot x1824 (365 crafts)
    - Gather Bone Fragments x32
  - External craft (skill_tailoring) via Simple Tailoring Table Sewing Needles x16 -> Sewing Needles x152 (16 crafts)
- Craft Lunar Oak Tiara x152 (final)",Tailoring -> Sewing Needles x160
skill_jewelerycrafting,17,18,,3,recipe_wearable_jewellery_earring_common_3,Slender Bronze Earring (Common),,1991,20.0,39820.0,411.47,Copper Ore-4000; Sapwood-12000,"Slender Bronze Earring (Common) x1991 (final)
    - Gather Copper Ore x4000
      - Gather Sapwood x12000
    - External craft (skill_building) via Basic Charcoal Kiln Charcoal x240 -> Charcoal x6000 (240 crafts)
  - External craft (skill_blacksmithing) via Basic Furnace Copper Ingot x200 -> Copper Ingot x1991 (200 crafts)
- Craft Slender Bronze Earring (Common) x1991 (final)",
skill_alchemy,19,20,,1,recipe_activatable_potion_potion_of_protection_very_small_32,Aegis Potion V,,1664,34.0,56576.0,6468.11,Water-14977; Castor Plant-1665; Sand-99840; Sapwood-101200,"Aegis Potion V x1664 (final)
    - Gather Castor Plant x1665
      - Gather Sapwood x1350
    - External craft (skill_building) via Basic Charcoal Kiln Charcoal x27 -> Charcoal x666 (27 crafts)
    - Gather Water x1665
  - Craft via Basic Reagent Distiller Castor Extract x333 -> Castor Extract x3328 (333 crafts)
  - Gather Water x13312
      - Gather Sand x99840
        - Gather Sapwood x99850
      - External craft (skill_building) via Basic Charcoal Kiln Charcoal x1997 -> Charcoal x49920 (1997 crafts)
    - External craft (skill_building) via Basic Furnace Rough Glass x2496 -> Rough Glass x24960 (2496 crafts)
  - External craft (skill_blacksmithing) via Basic Forge Small Vial x1664 -> Small Vial x8320 (1664 crafts)
- Craft Aegis Potion V x1664 (final)",Blacksmithing -> Small Vial x8320
skill_alchemy,19,20,,2,recipe_activatable_potion_arcance_resistance_very_small_30,Cold Resistance I,,1664,34.0,56576.0,7386.77,Water-14977; Crane Flower-1665; Sand-99840; Sapwood-101200,"Cold Resistance I x1664 (final)
    - Gather Crane Flower x1665
      - Gather Sapwood x1350
    - External craft (skill_building) via Basic Charcoal Kiln Charcoal x27 -> Charcoal x666 (27 crafts)
    - Gather Water x1665
  - Craft via Basic Reagent Distiller Crane Flower Extract x333 -> Crane Flower Extract x3328 (333 crafts)
  - Gather Water x13312
      - Gather Sand x99840
        - Gather Sapwood x99850
      - External craft (skill_building) via Basic Charcoal Kiln Charcoal x1997 -> Charcoal x49920 (1997 crafts)
    - External craft (skill_building) via Basic Furnace Rough Glass x2496 -> Rough Glass x24960 (2496 crafts)
  - External craft (skill_blacksmithing) via Basic Forge Small Vial x1664 -> Small Vial x8320 (1664 crafts)
- Craft Cold Resistance I x1664 (final)",Blacksmithing -> Small Vial x8320
skill_alchemy,19,20,,3,recipe_activatable_potion_potion_of_vitality_very_small_27,Weak Tonic of Vitality III,,2176,26.0,56576.0,8154.56,Amanita Regalis-2180; Water-19588; Sand-130560; Sapwood-132350,"Weak Tonic of Vitality III x2176 (final)
    - Gather Amanita Regalis x2180
      - Gather Sapwood x1750
    - External craft (skill_building) via Basic Charcoal Kiln Charcoal x35 -> Charcoal x872 (35 crafts)
    - Gather Water x2180
  - Craft via Basic Reagent Distiller Amanita Regalis Extract x436 -> Amanita Regalis Extract x4352 (436 crafts)
  - Gather Water x17408
      - Gather Sand x130560
        - Gather Sapwood x130600
      - External craft (skill_building) via Basic Charcoal Kiln Charcoal x2612 -> Charcoal x65280 (2612 crafts)
    - External craft (skill_building) via Basic Furnace Rough Glass x3264 -> Rough Glass x32640 (3264 crafts)
  - External craft (skill_blacksmithing) via Basic Forge Small Vial x2176 -> Small Vial x10880 (2176 crafts)
- Craft Weak Tonic of Vitality III x2176 (final)",Blacksmithing -> Small Vial x10880
skill_winery_and_brewing,19,20,,1,recipe_activatable_drink_mead_staminaregen_24,Raspberry Mead,,207,274.0,56718.0,474.91,Raspberry-1035; Water-430; Barley Grain-220; Rye Grain-220,"Raspberry Mead x207 (final)
  - External craft (skill_cooking) via Basic Beehive Honey x207 -> Honey x1035 (207 crafts)
      - Gather Barley Grain x220
    - Craft via Basic Fermenter Malt x11 -> Malt x210 (11 crafts)
      - Gather Water x220
        - Gather Rye Grain x220
      - External craft (skill_baking) via Millstone Rye Flour x11 -> Rye Flour x220 (11 crafts)
    - External craft (skill_baking) via Basic Fermenter Yeast x11 -> Yeast x210 (11 crafts)
    - Gather Water x210
  - Craft via Basic Fermenter Cloudy Mead Base x21 -> Cloudy Mead Base x207 (21 crafts)
  - Gather Raspberry x1035
- Craft Raspberry Mead x207 (final)",
skill_winery_and_brewing,19,20,,2,recipe_activatable_drink_ale_maxhp_42,Duskfire Ale,,308,184.0,56672.0,2039.99,Water-6160; Barley Grain-4620; Rye Grain-3080; Rosemary-3080,"Duskfire Ale x308 (final)
      - Gather Barley Grain x4620
    - Craft via Basic Fermenter Malt x231 -> Malt x4620 (231 crafts)
      - Gather Water x1540
        - Gather Rye Grain x1540
      - External craft (skill_baking) via Millstone Rye Flour x77 -> Rye Flour x1540 (77 crafts)
    - External craft (skill_baking) via Basic Fermenter Yeast x77 -> Yeast x1540 (77 crafts)
    - Gather Water x1540
  - Craft via Basic Fermenter Cloudy Ale Base x154 -> Cloudy Ale Base x1540 (154 crafts)
    - Gather Water x1540
      - Gather Rye Grain x1540
    - External craft (skill_baking) via Millstone Rye Flour x77 -> Rye Flour x1540 (77 crafts)
  - External craft (skill_baking) via Basic Fermenter Yeast x77 -> Yeast x1540 (77 crafts)
  - Gather Water x1540
  - Gather Rosemary x3080
- Craft Duskfire Ale x308 (final)",
skill_winery_and_brewing,19,20,,3,recipe_activatable_drink_mead_staminaregen_8,Weak Mead,,241,235.0,56635.0,405.68,Water-510; Barley Grain-260; Rye Grain-260,"Weak Mead x241 (final)
  - External craft (skill_cooking) via Basic Beehive Honey x241 -> Honey x1205 (241 crafts)
      - Gather Barley Grain x260
    - Craft via Basic Fermenter Malt x13 -> Malt x250 (13 crafts)
      - Gather Water x260
        - Gather Rye Grain x260
      - External craft (skill_baking) via Millstone Rye Flour x13 -> Rye Flour x260 (13 crafts)
    - External craft (skill_baking) via Basic Fermenter Yeast x13 -> Yeast x250 (13 crafts)
    - Gather Water x250
  - Craft via Basic Fermenter Weak Mead Base x25 -> Weak Mead Base x241 (25 crafts)
- Craft Weak Mead x241 (final)",
skill_fletching,20,21,,1,recipe_wieldable_bow_2h_0_t2_common,Longbow (Common),,6699,7.0,46893.0,18951.19,Boar Sinew-33495; Rough Animal Hide-3350; Sapwood-20100; Resin-46893,"Longbow (Common) x6699 (final)
      - Gather Sapwood x20100
    - External craft (skill_building) via Wood Chopping Block Long Wood Stock x4020 -> Long Wood Stock x20097 (4020 crafts)
    - Gather Resin x46893
    - External craft (skill_cooking) via Basic Beehive Beeswax x13398 -> Beeswax x66990 (13398 crafts)
  - Craft via Basic Fletching Table Rough Bow Stave x6699 -> Rough Bow Stave x6699 (6699 crafts)
  - Gather Boar Sinew x33495
        - Gather Rough Animal Hide x3350
      - External craft (skill_leatherworking) via Simple Tanning Rack Rawhide x335 -> Rawhide x3350 (335 crafts)
    - External craft (skill_leatherworking) via Simple Leatherworking Table Nubuck Leather x3350 -> Nubuck Leather x3350 (3350 crafts)
  - External craft (skill_leatherworking) via Simple Leatherworking Table Coarse Leather Band x3350 -> Coarse Leather Band x66990 (3350 crafts)
- Craft Longbow (Common) x6699 (final)",Carpentry -> Long Wood Stock x20100; Leatherworking -> Coarse Leather Band x67000; Leatherworking -> Nubuck Leather x3350
skill_fletching,20,21,,2,recipe_projectile_wrought_iron_head_arrow,Wrought Iron Tipped Arrow,,6090,11.0,66990.0,38671.50,Impure Iron Ore-18320; Sapwood-128150,"Wrought Iron Tipped Arrow x6090 (final)
    - Gather Sapwood x30450
  - External craft (skill_building) via Wood Chopping Block Long Wood Stock x6090 -> Long Wood Stock x30450 (6090 crafts)
        - Gather Impure Iron Ore x18320
          - Gather Sapwood x73300
        - External craft (skill_building) via Basic Charcoal Kiln Charcoal x1466 -> Charcoal x36640 (1466 crafts)
      - External craft (skill_blacksmithing) via Basic Furnace Iron Ingot x458 -> Iron Ingot x9150 (458 crafts)
        - Gather Sapwood x24400
      - External craft (skill_building) via Basic Charcoal Kiln Charcoal x488 -> Charcoal x12200 (488 crafts)
    - External craft (skill_blacksmithing) via Basic Furnace Wrought Iron Ingot x305 -> Wrought Iron Ingot x6090 (305 crafts)
  - External craft (skill_blacksmithing) via Forge Wrought Iron Arrowhead x1218 -> Wrought Iron Arrowhead x30450 (1218 crafts)
- Craft Wrought Iron Tipped Arrow x6090 (final)",Blacksmithing -> Wrought Iron Arrowhead x30450; Carpentry -> Long Wood Stock x30450
skill_fletching,20,21,,3,recipe_item_bow_stave_rough,Rough Bow Stave,,22329,3.0,66987.0,69830.23,Sapwood-66990; Resin-156303,"Rough Bow Stave x22329 (final)
    - Gather Sapwood x66990
  - External craft (skill_building) via Wood Chopping Block Long Wood Stock x13398 -> Long Wood Stock x66987 (13398 crafts)
  - Gather Resin x156303
  - External craft (skill_cooking) via Basic Beehive Beeswax x44658 -> Beeswax x223290 (44658 crafts)
- Craft Rough Bow Stave x22329 (final)",Carpentry -> Long Wood Stock x66990
skill_baking,23,24,,1,recipe_activatable_foodcooked_sweet_and_dessert_damagebuff_34,Whitbread,,266,352.0,93632.0,1644.77,Water-3200; Suet-1064; Rye Grain-540; Wheat Grain-1080,"Whitbread x266 (final)
      - Gather Wheat Grain x1080
    - Craft via Grain Mill Wheat Flour x54 -> Wheat Flour x1064 (54 crafts)
      - Gather Water x540
        - Gather Rye Grain x540
      - Craft via Millstone Rye Flour x27 -> Rye Flour x540 (27 crafts)
    - Craft via Basic Fermenter Yeast x27 -> Yeast x532 (27 crafts)
    - Gather Water x2660
  - Craft via Basic Cooking Workbench Wheat Dough x532 -> Wheat Dough x2660 (532 crafts)
    - Gather Suet x1064
  - External craft (skill_cooking) via Basic Cooking Hearth Tallow x532 -> Tallow x2660 (532 crafts)
- Craft Whitbread x266 (final)",Cooking -> Tallow x2660
skill_baking,23,24,,2,recipe_activatable_foodcooked_bread_hpregen_44,Rosy Oat Bread,,459,238.0,109242.0,2691.65,Rosehip-9180; Water-560; Suet-368; Oat Grain-200; Rye Grain-100,"Rosy Oat Bread x459 (final)
      - Gather Oat Grain x200
    - Craft via Grain Mill Oat Flour x10 -> Oat Flour x184 (10 crafts)
      - Gather Water x100
        - Gather Rye Grain x100
      - Craft via Millstone Rye Flour x5 -> Rye Flour x100 (5 crafts)
    - Craft via Basic Fermenter Yeast x5 -> Yeast x92 (5 crafts)
    - Gather Water x460
  - Craft via Basic Cooking Workbench Oat Dough x92 -> Oat Dough x459 (92 crafts)
  - Gather Rosehip x9180
    - Gather Suet x368
  - External craft (skill_cooking) via Basic Cooking Hearth Tallow x184 -> Tallow x918 (184 crafts)
- Craft Rosy Oat Bread x459 (final)",Cooking -> Tallow x920
skill_baking,23,24,,3,recipe_activatable_foodcooked_bread_hpregen_54,Malt Bread,,867,96.0,83232.0,1264.38,Water-1050; Suet-694; Barley Grain-880; Oat Grain-1734; Rye Grain-180; Wheat Grain-360,"Malt Bread x867 (final)
      - Gather Wheat Grain x360
    - Craft via Grain Mill Wheat Flour x18 -> Wheat Flour x348 (18 crafts)
      - Gather Water x180
        - Gather Rye Grain x180
      - Craft via Millstone Rye Flour x9 -> Rye Flour x180 (9 crafts)
    - Craft via Basic Fermenter Yeast x9 -> Yeast x174 (9 crafts)
    - Gather Water x870
  - Craft via Basic Cooking Workbench Wheat Dough x174 -> Wheat Dough x867 (174 crafts)
  - Gather Oat Grain x1734
    - Gather Barley Grain x880
  - External craft (skill_winery_and_brewing) via Basic Fermenter Malt x44 -> Malt x867 (44 crafts)
    - Gather Suet x694
  - External craft (skill_cooking) via Basic Cooking Hearth Tallow x347 -> Tallow x1734 (347 crafts)
- Craft Malt Bread x867 (final)",Cooking -> Tallow x1735
skill_armor_smithing,18,19,,1,recipe_wearable_metal_head_warrior_qr_t2_common,Warrior's Helm of Second Breath II (Common),,1896,25.0,47400.0,19699.44,Rough Animal Hide-380; Copper Ore-1520; Impure Iron Ore-76800; Tin Ore-1520; Sapwood-314850,"Warrior's Helm of Second Breath II (Common) x1896 (final)
      - Gather Impure Iron Ore x75840
        - Gather Sapwood x303400
      - External craft (skill_building) via Basic Charcoal Kiln Charcoal x6068 -> Charcoal x151680 (6068 crafts)
    - External craft (skill_blacksmithing) via Basic Furnace Iron Ingot x1896 -> Iron Ingot x37920 (1896 crafts)
  - External craft (skill_blacksmithing) via Basic Forge Iron Sheet x18960 -> Iron Sheet x18960 (18960 crafts)
        - Gather Rough Animal Hide x380
      - External craft (skill_leatherworking) via Simple Tanning Rack Rawhide x38 -> Rawhide x380 (38 crafts)
    - External craft (skill_leatherworking) via Simple Leatherworking Table Nubuck Leather x380 -> Nubuck Leather x380 (380 crafts)
  - External craft (skill_leatherworking) via Simple Leatherworking Table Coarse Leather Band x380 -> Coarse Leather Band x7584 (380 crafts)
        - Gather Tin Ore x1520
        - Gather Copper Ore x1520
        - Gather Sapwood x7600
      - External craft (skill_blacksmithing) via Basic Furnace Bronze Ingot x76 -> Bronze Ingot x1520 (76 crafts)
    - External craft (skill_blacksmithing) via Basic Forge Bronze Sheet x760 -> Bronze Sheet x760 (760 crafts)
  - External craft (skill_blacksmithing) via Basic Forge Bronze Buckle x152 -> Bronze Buckle x3792 (152 crafts)
        - Gather Impure Iron Ore x960
          - Gather Sapwood x3850
        - External craft (skill_building) via Basic Charcoal Kiln Charcoal x77 -> Charcoal x1920 (77 crafts)
      - External craft (skill_blacksmithing) via Basic Furnace Iron Ingot x24 -> Iron Ingot x475 (24 crafts)
    - External craft (skill_blacksmithing) via Basic Forge Iron Bar x95 -> Iron Bar x190 (95 crafts)
  - External craft (skill_blacksmithing) via Basic Forge Iron Studs x190 -> Iron Studs x37920 (190 crafts)
- Craft Warrior's Helm of Second Breath II (Common) x1896 (final)",Blacksmithing -> Bronze Buckle x3800; Blacksmithing -> Bronze Sheet x760; Blacksmithing -> Iron Bar x190; Blacksmithing -> Iron Sheet x18960; Blacksmithing -> Iron Studs x38000; Leatherworking -> Coarse Leather Band x7600; Leatherworking -> Nubuck Leather x380
skill_armor_smithing,18,19,,2,recipe_wearable_metal_head_ironside_f_t2_common,Ironside's Helm of Warcry II (Common),,1896,25.0,47400.0,19699.44,Rough Animal Hide-380; Copper Ore-1520; Impure Iron Ore-76800; Tin Ore-1520; Sapwood-314850,"Ironside's Helm of Warcry II (Common) x1896 (final)
      - Gather Impure Iron Ore x75840
        - Gather Sapwood x303400
      - External craft (skill_building) via Basic Charcoal Kiln Charcoal x6068 -> Charcoal x151680 (6068 crafts)
    - External craft (skill_blacksmithing) via Basic Furnace Iron Ingot x1896 -> Iron Ingot x37920 (1896 crafts)
  - External craft (skill_blacksmithing) via Basic Forge Iron Sheet x18960 -> Iron Sheet x18960 (18960 crafts)
        - Gather Rough Animal Hide x380
      - External craft (skill_leatherworking) via Simple Tanning Rack Rawhide x38 -> Rawhide x380 (38 crafts)
    - External craft (skill_leatherworking) via Simple Leatherworking Table Nubuck Leather x380 -> Nubuck Leather x380 (380 crafts)
  - External craft (skill_leatherworking) via Simple Leatherworking Table Coarse Leather Band x380 -> Coarse Leather Band x7584 (380 crafts)
        - Gather Tin Ore x1520
        - Gather Copper Ore x1520
        - Gather Sapwood x7600
      - External craft (skill_blacksmithing) via Basic Furnace Bronze Ingot x76 -> Bronze Ingot x1520 (76 crafts)
    - External craft (skill_blacksmithing) via Basic Forge Bronze Sheet x760 -> Bronze Sheet x760 (760 crafts)
  - External craft (skill_blacksmithing) via Basic Forge Bronze Buckle x152 -> Bronze Buckle x3792 (152 crafts)
        - Gather Impure Iron Ore x960
          - Gather Sapwood x3850
        - External craft (skill_building) via Basic Charcoal Kiln Charcoal x77 -> Charcoal x1920 (77 crafts)
      - External craft (skill_blacksmithing) via Basic Furnace Iron Ingot x24 -> Iron Ingot x475 (24 crafts)
    - External craft (skill_blacksmithing) via Basic Forge Iron Bar x95 -> Iron Bar x190 (95 crafts)
  - External craft (skill_blacksmithing) via Basic Forge Iron Studs x190 -> Iron Studs x37920 (190 crafts)
- Craft Ironside's Helm of Warcry II (Common) x1896 (final)",Blacksmithing -> Bronze Buckle x3800; Blacksmithing -> Bronze Sheet x760; Blacksmithing -> Iron Bar x190; Blacksmithing -> Iron Sheet x18960; Blacksmithing -> Iron Studs x38000; Leatherworking -> Coarse Leather Band x7600; Leatherworking -> Nubuck Leather x380
skill_armor_smithing,18,19,,3,recipe_wearable_metal_arms_pilgrim_0_t2_common,Pilgrim's Vambraces II (Common),,1634,29.0,47386.0,13829.09,Rough Animal Hide-170; Copper Ore-1320; Impure Iron Ore-33520; Tin Ore-1320; Sapwood-140750,"Pilgrim's Vambraces II (Common) x1634 (final)
      - Gather Impure Iron Ore x32680
        - Gather Sapwood x130750
      - External craft (skill_building) via Basic Charcoal Kiln Charcoal x2615 -> Charcoal x65360 (2615 crafts)
    - External craft (skill_blacksmithing) via Basic Furnace Iron Ingot x817 -> Iron Ingot x16340 (817 crafts)
  - External craft (skill_blacksmithing) via Basic Forge Iron Sheet x8170 -> Iron Sheet x8170 (8170 crafts)
        - Gather Rough Animal Hide x170
      - External craft (skill_leatherworking) via Simple Tanning Rack Rawhide x17 -> Rawhide x164 (17 crafts)
    - External craft (skill_leatherworking) via Simple Leatherworking Table Nubuck Leather x164 -> Nubuck Leather x164 (164 crafts)
  - External craft (skill_leatherworking) via Simple Leatherworking Table Coarse Leather Band x164 -> Coarse Leather Band x3268 (164 crafts)
        - Gather Tin Ore x1320
        - Gather Copper Ore x1320
        - Gather Sapwood x6600
      - External craft (skill_blacksmithing) via Basic Furnace Bronze Ingot x66 -> Bronze Ingot x1310 (66 crafts)
    - External craft (skill_blacksmithing) via Basic Forge Bronze Sheet x655 -> Bronze Sheet x655 (655 crafts)
  - External craft (skill_blacksmithing) via Basic Forge Bronze Buckle x131 -> Bronze Buckle x3268 (131 crafts)
        - Gather Impure Iron Ore x840
          - Gather Sapwood x3400
        - External craft (skill_building) via Basic Charcoal Kiln Charcoal x68 -> Charcoal x1680 (68 crafts)
      - External craft (skill_blacksmithing) via Basic Furnace Iron Ingot x21 -> Iron Ingot x410 (21 crafts)
    - External craft (skill_blacksmithing) via Basic Forge Iron Bar x82 -> Iron Bar x164 (82 crafts)
  - External craft (skill_blacksmithing) via Basic Forge Iron Studs x164 -> Iron Studs x32680 (164 crafts)
- Craft Pilgrim's Vambraces II (Common) x1634 (final)",Blacksmithing -> Bronze Buckle x3275; Blacksmithing -> Bronze Sheet x655; Blacksmithing -> Iron Bar x164; Blacksmithing -> Iron Sheet x8170; Blacksmithing -> Iron Studs x32800; Leatherworking -> Coarse Leather Band x3280; Leatherworking -> Nubuck Leather x164
skill_jewelerycrafting,18,19,,1,recipe_wearable_hat_jewellery_rp_diadem_01_silver,Lunar Oak Tiara,,186,254.0,47244.0,1209.62,Bone Fragments-38; Silver Ore-2235; Sapwood-44700,"Lunar Oak Tiara x186 (final)
    - Gather Silver Ore x2235
      - Gather Sapwood x44700
    - External craft (skill_building) via Basic Charcoal Kiln Charcoal x894 -> Charcoal x22350 (894 crafts)
  - External craft (skill_blacksmithing) via Furnace Silver Ingot x447 -> Silver Ingot x2232 (447 crafts)
    - Gather Bone Fragments x38
  - External craft (skill_tailoring) via Simple Tailoring Table Sewing Needles x19 -> Sewing Needles x186 (19 crafts)
- Craft Lunar Oak Tiara x186 (final)",Tailoring -> Sewing Needles x190
skill_jewelerycrafting,18,19,,2,recipe_wearable_hat_jewellery_rp_hat_18_silver,Silver Thread Circlet,,186,254.0,47244.0,1209.62,Bone Fragments-38; Silver Ore-2235; Sapwood-44700,"Silver Thread Circlet x186 (final)
    - Gather Silver Ore x2235
      - Gather Sapwood x44700
    - External craft (skill_building) via Basic Charcoal Kiln Charcoal x894 -> Charcoal x22350 (894 crafts)
  - External craft (skill_blacksmithing) via Furnace Silver Ingot x447 -> Silver Ingot x2232 (447 crafts)
    - Gather Bone Fragments x38
  - External craft (skill_tailoring) via Simple Tailoring Table Sewing Needles x19 -> Sewing Needles x186 (19 crafts)
- Craft Silver Thread Circlet x186 (final)",Tailoring -> Sewing Needles x190
skill_jewelerycrafting,18,19,,3,recipe_wearable_jewellery_earring_common_3,Slender Bronze Earring (Common),,2778,17.0,47226.0,574.12,Copper Ore-5560; Sapwood-16700,"Slender Bronze Earring (Common) x2778 (final)
    - Gather Copper Ore x5560
      - Gather Sapwood x16700
    - External craft (skill_building) via Basic Charcoal Kiln Charcoal x334 -> Charcoal x8340 (334 crafts)
  - External craft (skill_blacksmithing) via Basic Furnace Copper Ingot x278 -> Copper Ingot x2778 (278 crafts)
- Craft Slender Bronze Earring (Common) x2778 (final)",
skill_alchemy,20,21,,1,recipe_activatable_potion_potion_of_vitality_very_small_27,Weak Tonic of Vitality III,,2913,23.0,66999.0,10916.47,Amanita Regalis-2915; Water-26219; Sand-174800; Sapwood-177150,"Weak Tonic of Vitality III x2913 (final)
    - Gather Amanita Regalis x2915
      - Gather Sapwood x2350
    - External craft (skill_building) via Basic Charcoal Kiln Charcoal x47 -> Charcoal x1166 (47 crafts)
    - Gather Water x2915
  - Craft via Basic Reagent Distiller Amanita Regalis Extract x583 -> Amanita Regalis Extract x5826 (583 crafts)
  - Gather Water x23304
      - Gather Sand x174800
        - Gather Sapwood x174800
      - External craft (skill_building) via Basic Charcoal Kiln Charcoal x3496 -> Charcoal x87400 (3496 crafts)
    - External craft (skill_building) via Basic Furnace Rough Glass x4370 -> Rough Glass x43695 (4370 crafts)
  - External craft (skill_blacksmithing) via Basic Forge Small Vial x2913 -> Small Vial x14565 (2913 crafts)
- Craft Weak Tonic of Vitality III x2913 (final)",Blacksmithing -> Small Vial x14565
skill_alchemy,20,21,,2,recipe_activatable_potion_potion_of_spirit_very_small_26,Small Potion of Spirit III,,2913,23.0,66999.0,11323.07,Water-26219; Datura's Leaves-2915; Sand-174800; Sapwood-177150,"Small Potion of Spirit III x2913 (final)
    - Gather Datura's Leaves x2915
      - Gather Sapwood x2350
    - External craft (skill_building) via Basic Charcoal Kiln Charcoal x47 -> Charcoal x1166 (47 crafts)
    - Gather Water x2915
  - Craft via Basic Reagent Distiller Datura Leaf Extract x583 -> Datura Leaf Extract x5826 (583 crafts)
  - Gather Water x23304
      - Gather Sand x174800
        - Gather Sapwood x174800
      - External craft (skill_building) via Basic Charcoal Kiln Charcoal x3496 -> Charcoal x87400 (3496 crafts)
    - External craft (skill_building) via Basic Furnace Rough Glass x4370 -> Rough Glass x43695 (4370 crafts)
  - External craft (skill_blacksmithing) via Basic Forge Small Vial x2913 -> Small Vial x14565 (2913 crafts)
- Craft Small Potion of Spirit III x2913 (final)",Blacksmithing -> Small Vial x14565
skill_alchemy,20,21,,3,recipe_activatable_potion_potion_of_protection_very_small_32,Aegis Potion V,,2161,31.0,66991.0,8399.99,Water-19453; Castor Plant-2165; Sand-129680; Sapwood-131450,"Aegis Potion V x2161 (final)
    - Gather Castor Plant x2165
      - Gather Sapwood x1750
    - External craft (skill_building) via Basic Charcoal Kiln Charcoal x35 -> Charcoal x866 (35 crafts)
    - Gather Water x2165
  - Craft via Basic Reagent Distiller Castor Extract x433 -> Castor Extract x4322 (433 crafts)
  - Gather Water x17288
      - Gather Sand x129680
        - Gather Sapwood x129700
      - External craft (skill_building) via Basic Charcoal Kiln Charcoal x2594 -> Charcoal x64840 (2594 crafts)
    - External craft (skill_building) via Basic Furnace Rough Glass x3242 -> Rough Glass x32415 (3242 crafts)
  - External craft (skill_blacksmithing) via Basic Forge Small Vial x2161 -> Small Vial x10805 (2161 crafts)
- Craft Aegis Potion V x2161 (final)",Blacksmithing -> Small Vial x10805
skill_winery_and_brewing,20,21,,1,recipe_activatable_drink_cider_maxstamina_14,Summer heat,,215,312.0,67080.0,1091.30,Raspberry-430; Red Apple-1505; Water-1505,"Summer heat x215 (final)
  - Gather Red Apple x1505
  - Gather Water x1075
  - External craft (skill_cooking) via Basic Beehive Honey x215 -> Honey x1075 (215 crafts)
    - Gather Water x430
    - Gather Raspberry x430
  - External craft (skill_cooking) via Basic Cooking Workbench Raspberry Syrup x86 -> Raspberry Syrup x430 (86 crafts)
- Craft Summer heat x215 (final)",Cooking -> Raspberry Syrup x430
skill_winery_and_brewing,20,21,,2,recipe_activatable_drink_mead_staminaregen_24,Raspberry Mead,,231,290.0,66990.0,529.98,Raspberry-1155; Water-480; Barley Grain-240; Rye Grain-240,"Raspberry Mead x231 (final)
  - External craft (skill_cooking) via Basic Beehive Honey x231 -> Honey x1155 (231 crafts)
      - Gather Barley Grain x240
    - Craft via Basic Fermenter Malt x12 -> Malt x240 (12 crafts)
      - Gather Water x240
        - Gather Rye Grain x240
      - External craft (skill_baking) via Millstone Rye Flour x12 -> Rye Flour x240 (12 crafts)
    - External craft (skill_baking) via Basic Fermenter Yeast x12 -> Yeast x240 (12 crafts)
    - Gather Water x240
  - Craft via Basic Fermenter Cloudy Mead Base x24 -> Cloudy Mead Base x231 (24 crafts)
  - Gather Raspberry x1155
- Craft Raspberry Mead x231 (final)",
skill_winery_and_brewing,20,21,,3,recipe_activatable_drink_mead_staminaregen_8,Weak Mead,,303,221.0,66963.0,510.05,Water-630; Barley Grain-320; Rye Grain-320,"Weak Mead x303 (final)
  - External craft (skill_cooking) via Basic Beehive Honey x303 -> Honey x1515 (303 crafts)
      - Gather Barley Grain x320
    - Craft via Basic Fermenter Malt x16 -> Malt x310 (16 crafts)
      - Gather Water x320
        - Gather Rye Grain x320
      - External craft (skill_baking) via Millstone Rye Flour x16 -> Rye Flour x320 (16 crafts)
    - External craft (skill_baking) via Basic Fermenter Yeast x16 -> Yeast x310 (16 crafts)
    - Gather Water x310
  - Craft via Basic Fermenter Weak Mead Base x31 -> Weak Mead Base x303 (31 crafts)
- Craft Weak Mead x303 (final)",
skill_fletching,21,21,Unlock Fletching Table,1,recipe_crafter_fletching_workbench_2,Fletching Table,,1,0.0,0.0,5.01,Water-5; Suet-20; Heartwood-20; Rough Animal Hide-10; Impure Iron Ore-80; Flax Seeds-50; Limestone-5; Sapwood-405,"Fletching Table x1 (final)
        - Gather Rough Animal Hide x10
          - Gather Limestone x5
          - Gather Sapwood x5
        - External craft (skill_blacksmithing) via Basic Charcoal Kiln Lime x1 -> Lime x5 (1 craft)
        - Gather Water x5
      - External craft (skill_leatherworking) via Simple Tanning Rack Inferior Leather x1 -> Inferior Leather x2 (1 craft)
    - External craft (skill_leatherworking) via Leatherworking Table Heavy Top Grain Leather x2 -> Heavy Top Grain Leather x2 (2 crafts)
          - Gather Impure Iron Ore x40
            - Gather Sapwood x200
          - External craft (skill_building) via Basic Charcoal Kiln Charcoal x4 -> Charcoal x80 (4 crafts)
        - External craft (skill_blacksmithing) via Basic Furnace Iron Ingot x1 -> Iron Ingot x5 (1 craft)
      - External craft (skill_blacksmithing) via Basic Forge Iron Bar x1 -> Iron Bar x2 (1 craft)
    - External craft (skill_blacksmithing) via Basic Forge Iron Knife Blade x1 -> Iron Knife Blade x1 (1 craft)
          - Gather Impure Iron Ore x40
            - Gather Sapwood x200
          - External craft (skill_building) via Basic Charcoal Kiln Charcoal x4 -> Charcoal x80 (4 crafts)
        - External craft (skill_blacksmithing) via Basic Furnace Iron Ingot x1 -> Iron Ingot x5 (1 craft)
      - External craft (skill_blacksmithing) via Basic Forge Iron Bar x1 -> Iron Bar x1 (1 craft)
    - External craft (skill_blacksmithing) via Basic Forge Iron Nails x1 -> Iron Nails x10 (1 craft)
      - Gather Flax Seeds x50
        - Gather Suet x20
      - External craft (skill_cooking) via Basic Cooking Hearth Tallow x10 -> Tallow x50 (10 crafts)
    - External craft (skill_leatherworking) via Leatherworking Table Linseed Oil x5 -> Linseed Oil x5 (5 crafts)
  - Craft via Basic Fletching Table Fletching Tools x1 -> Fletching Tools x1 (1 craft)
    - Gather Heartwood x10
  - External craft (skill_building) via Wood Chopping Block Fine Wood Beam x1 -> Fine Wood Beam x4 (1 craft)
    - Gather Heartwood x10
  - External craft (skill_building) via Wood Chopping Block Fine Wooden Plank x1 -> Fine Wooden Plank x6 (1 craft)
- Craft Fletching Table x1 (final)",Blacksmithing -> Iron Bar x4; Blacksmithing -> Iron Knife Blade x1; Blacksmithing -> Iron Nails x50; Carpentry -> Fine Wood Beam x5; Carpentry -> Fine Wooden Plank x10; Cooking -> Tallow x50; Leatherworking -> Heavy Top Grain Leather x2; Leatherworking -> Linseed Oil x5
skill_baking,24,25,,1,recipe_activatable_foodcooked_sweet_and_dessert_damagebuff_34,Whitbread,,330,337.0,111210.0,2040.50,Water-3960; Suet-1320; Rye Grain-660; Wheat Grain-1320,"Whitbread x330 (final)
      - Gather Wheat Grain x1320
    - Craft via Grain Mill Wheat Flour x66 -> Wheat Flour x1320 (66 crafts)
      - Gather Water x660
        - Gather Rye Grain x660
      - Craft via Millstone Rye Flour x33 -> Rye Flour x660 (33 crafts)
    - Craft via Basic Fermenter Yeast x33 -> Yeast x660 (33 crafts)
    - Gather Water x3300
  - Craft via Basic Cooking Workbench Wheat Dough x660 -> Wheat Dough x3300 (660 crafts)
    - Gather Suet x1320
  - External craft (skill_cooking) via Basic Cooking Hearth Tallow x660 -> Tallow x3300 (660 crafts)
- Craft Whitbread x330 (final)",Cooking -> Tallow x3300
skill_baking,24,25,,2,recipe_activatable_foodcooked_bread_hpregen_44,Rosy Oat Bread,,414,311.0,128754.0,2427.76,Rosehip-8280; Water-515; Suet-332; Oat Grain-180; Rye Grain-100,"Rosy Oat Bread x414 (final)
      - Gather Oat Grain x180
    - Craft via Grain Mill Oat Flour x9 -> Oat Flour x166 (9 crafts)
      - Gather Water x100
        - Gather Rye Grain x100
      - Craft via Millstone Rye Flour x5 -> Rye Flour x100 (5 crafts)
    - Craft via Basic Fermenter Yeast x5 -> Yeast x83 (5 crafts)
    - Gather Water x415
  - Craft via Basic Cooking Workbench Oat Dough x83 -> Oat Dough x414 (83 crafts)
  - Gather Rosehip x8280
    - Gather Suet x332
  - External craft (skill_cooking) via Basic Cooking Hearth Tallow x166 -> Tallow x828 (166 crafts)
- Craft Rosy Oat Bread x414 (final)",Cooking -> Tallow x830
skill_baking,24,25,,3,recipe_activatable_foodcooked_bread_hpregen_54,Malt Bread,,1047,96.0,100512.0,1526.88,Water-1270; Suet-838; Barley Grain-1060; Oat Grain-2094; Rye Grain-220; Wheat Grain-420,"Malt Bread x1047 (final)
      - Gather Wheat Grain x420
    - Craft via Grain Mill Wheat Flour x21 -> Wheat Flour x420 (21 crafts)
      - Gather Water x220
        - Gather Rye Grain x220
      - Craft via Millstone Rye Flour x11 -> Rye Flour x220 (11 crafts)
    - Craft via Basic Fermenter Yeast x11 -> Yeast x210 (11 crafts)
    - Gather Water x1050
  - Craft via Basic Cooking Workbench Wheat Dough x210 -> Wheat Dough x1047 (210 crafts)
  - Gather Oat Grain x2094
    - Gather Barley Grain x1060
  - External craft (skill_winery_and_brewing) via Basic Fermenter Malt x53 -> Malt x1047 (53 crafts)
    - Gather Suet x838
  - External craft (skill_cooking) via Basic Cooking Hearth Tallow x419 -> Tallow x2094 (419 crafts)
- Craft Malt Bread x1047 (final)",Cooking -> Tallow x2095
skill_armor_smithing,19,20,,1,recipe_wearable_metal_hands_pilgrim_0_t2_common,Pilgrim's Gauntlets II (Common),,1890,30.0,56700.0,23486.40,Impure Iron Ore-75600; Flax Fiber-113400; Sapwood-302400,"Pilgrim's Gauntlets II (Common) x1890 (final)
      - Gather Impure Iron Ore x75600
        - Gather Sapwood x302400
      - External craft (skill_building) via Basic Charcoal Kiln Charcoal x6048 -> Charcoal x151200 (6048 crafts)
    - External craft (skill_blacksmithing) via Basic Furnace Iron Ingot x1890 -> Iron Ingot x37800 (1890 crafts)
  - External craft (skill_blacksmithing) via Basic Forge Iron Wire x18900 -> Iron Wire x75600 (18900 crafts)
      - Gather Flax Fiber x113400
    - External craft (skill_tailoring) via Spinning Wheel Linen String x3780 -> Linen String x37800 (3780 crafts)
  - External craft (skill_tailoring) via Simple Tailoring Table Coarse Linen Cloth x3780 -> Coarse Linen Cloth x3780 (3780 crafts)
- Craft Pilgrim's Gauntlets II (Common) x1890 (final)",Blacksmithing -> Iron Wire x75600; Tailoring -> Coarse Linen Cloth x3780; Tailoring -> Linen String x37800
skill_armor_smithing,19,20,,2,recipe_wearable_metal_head_warrior_qr_t2_common,Warrior's Helm of Second Breath II (Common),,2577,22.0,56694.0,26775.03,Rough Animal Hide-520; Copper Ore-2080; Impure Iron Ore-104400; Tin Ore-2080; Sapwood-428050,"Warrior's Helm of Second Breath II (Common) x2577 (final)
      - Gather Impure Iron Ore x103080
        - Gather Sapwood x412350
      - External craft (skill_building) via Basic Charcoal Kiln Charcoal x8247 -> Charcoal x206160 (8247 crafts)
    - External craft (skill_blacksmithing) via Basic Furnace Iron Ingot x2577 -> Iron Ingot x51540 (2577 crafts)
  - External craft (skill_blacksmithing) via Basic Forge Iron Sheet x25770 -> Iron Sheet x25770 (25770 crafts)
        - Gather Rough Animal Hide x520
      - External craft (skill_leatherworking) via Simple Tanning Rack Rawhide x52 -> Rawhide x516 (52 crafts)
    - External craft (skill_leatherworking) via Simple Leatherworking Table Nubuck Leather x516 -> Nubuck Leather x516 (516 crafts)
  - External craft (skill_leatherworking) via Simple Leatherworking Table Coarse Leather Band x516 -> Coarse Leather Band x10308 (516 crafts)
        - Gather Tin Ore x2080
        - Gather Copper Ore x2080
        - Gather Sapwood x10400
      - External craft (skill_blacksmithing) via Basic Furnace Bronze Ingot x104 -> Bronze Ingot x2070 (104 crafts)
    - External craft (skill_blacksmithing) via Basic Forge Bronze Sheet x1035 -> Bronze Sheet x1035 (1035 crafts)
  - External craft (skill_blacksmithing) via Basic Forge Bronze Buckle x207 -> Bronze Buckle x5154 (207 crafts)
        - Gather Impure Iron Ore x1320
          - Gather Sapwood x5300
        - External craft (skill_building) via Basic Charcoal Kiln Charcoal x106 -> Charcoal x2640 (106 crafts)
      - External craft (skill_blacksmithing) via Basic Furnace Iron Ingot x33 -> Iron Ingot x645 (33 crafts)
    - External craft (skill_blacksmithing) via Basic Forge Iron Bar x129 -> Iron Bar x258 (129 crafts)
  - External craft (skill_blacksmithing) via Basic Forge Iron Studs x258 -> Iron Studs x51540 (258 crafts)
- Craft Warrior's Helm of Second Breath II (Common) x2577 (final)",Blacksmithing -> Bronze Buckle x5175; Blacksmithing -> Bronze Sheet x1035; Blacksmithing -> Iron Bar x258; Blacksmithing -> Iron Sheet x25770; Blacksmithing -> Iron Studs x51600; Leatherworking -> Coarse Leather Band x10320; Leatherworking -> Nubuck Leather x516
skill_armor_smithing,19,20,,3,recipe_wearable_metal_arms_pilgrim_0_t2_common,Pilgrim's Vambraces II (Common),,2180,26.0,56680.0,18450.07,Rough Animal Hide-220; Copper Ore-1760; Impure Iron Ore-44720; Tin Ore-1760; Sapwood-187700,"Pilgrim's Vambraces II (Common) x2180 (final)
      - Gather Impure Iron Ore x43600
        - Gather Sapwood x174400
      - External craft (skill_building) via Basic Charcoal Kiln Charcoal x3488 -> Charcoal x87200 (3488 crafts)
    - External craft (skill_blacksmithing) via Basic Furnace Iron Ingot x1090 -> Iron Ingot x21800 (1090 crafts)
  - External craft (skill_blacksmithing) via Basic Forge Iron Sheet x10900 -> Iron Sheet x10900 (10900 crafts)
        - Gather Rough Animal Hide x220
      - External craft (skill_leatherworking) via Simple Tanning Rack Rawhide x22 -> Rawhide x218 (22 crafts)
    - External craft (skill_leatherworking) via Simple Leatherworking Table Nubuck Leather x218 -> Nubuck Leather x218 (218 crafts)
  - External craft (skill_leatherworking) via Simple Leatherworking Table Coarse Leather Band x218 -> Coarse Leather Band x4360 (218 crafts)
        - Gather Tin Ore x1760
        - Gather Copper Ore x1760
        - Gather Sapwood x8800
      - External craft (skill_blacksmithing) via Basic Furnace Bronze Ingot x88 -> Bronze Ingot x1750 (88 crafts)
    - External craft (skill_blacksmithing) via Basic Forge Bronze Sheet x875 -> Bronze Sheet x875 (875 crafts)
  - External craft (skill_blacksmithing) via Basic Forge Bronze Buckle x175 -> Bronze Buckle x4360 (175 crafts)
        - Gather Impure Iron Ore x1120
          - Gather Sapwood x4500
        - External craft (skill_building) via Basic Charcoal Kiln Charcoal x90 -> Charcoal x2240 (90 crafts)
      - External craft (skill_blacksmithing) via Basic Furnace Iron Ingot x28 -> Iron Ingot x545 (28 crafts)
    - External craft (skill_blacksmithing) via Basic Forge Iron Bar x109 -> Iron Bar x218 (109 crafts)
  - External craft (skill_blacksmithing) via Basic Forge Iron Studs x218 -> Iron Studs x43600 (218 crafts)
- Craft Pilgrim's Vambraces II (Common) x2180 (final)",Blacksmithing -> Bronze Buckle x4375; Blacksmithing -> Bronze Sheet x875; Blacksmithing -> Iron Bar x218; Blacksmithing -> Iron Sheet x10900; Blacksmithing -> Iron Studs x43600; Leatherworking -> Coarse Leather Band x4360; Leatherworking -> Nubuck Leather x218
skill_jewelerycrafting,19,20,,1,recipe_wearable_hat_jewellery_rp_diadem_01_silver,Lunar Oak Tiara,,238,239.0,56882.0,1547.79,Bone Fragments-48; Silver Ore-2860; Sapwood-57200,"Lunar Oak Tiara x238 (final)
    - Gather Silver Ore x2860
      - Gather Sapwood x57200
    - External craft (skill_building) via Basic Charcoal Kiln Charcoal x1144 -> Charcoal x28600 (1144 crafts)
  - External craft (skill_blacksmithing) via Furnace Silver Ingot x572 -> Silver Ingot x2856 (572 crafts)
    - Gather Bone Fragments x48
  - External craft (skill_tailoring) via Simple Tailoring Table Sewing Needles x24 -> Sewing Needles x238 (24 crafts)
- Craft Lunar Oak Tiara x238 (final)",Tailoring -> Sewing Needles x240
skill_jewelerycrafting,19,20,,2,recipe_wearable_hat_jewellery_rp_hat_18_silver,Silver Thread Circlet,,238,239.0,56882.0,1547.79,Bone Fragments-48; Silver Ore-2860; Sapwood-57200,"Silver Thread Circlet x238 (final)
    - Gather Silver Ore x2860
      - Gather Sapwood x57200
    - External craft (skill_building) via Basic Charcoal Kiln Charcoal x1144 -> Charcoal x28600 (1144 crafts)
  - External craft (skill_blacksmithing) via Furnace Silver Ingot x572 -> Silver Ingot x2856 (572 crafts)
    - Gather Bone Fragments x48
  - External craft (skill_tailoring) via Simple Tailoring Table Sewing Needles x24 -> Sewing Needles x238 (24 crafts)
- Craft Silver Thread Circlet x238 (final)",Tailoring -> Sewing Needles x240
skill_jewelerycrafting,19,20,,3,recipe_wearable_jewellery_earring_common_3,Slender Bronze Earring (Common),,4049,14.0,56686.0,836.79,Copper Ore-8100; Sapwood-24300,"Slender Bronze Earring (Common) x4049 (final)
    - Gather Copper Ore x8100
      - Gather Sapwood x24300
    - External craft (skill_building) via Basic Charcoal Kiln Charcoal x486 -> Charcoal x12150 (486 crafts)
  - External craft (skill_blacksmithing) via Basic Furnace Copper Ingot x405 -> Copper Ingot x4049 (405 crafts)
- Craft Slender Bronze Earring (Common) x4049 (final)",
skill_alchemy,21,22,,1,recipe_activatable_potion_potion_of_vitality_very_small_27,Weak Tonic of Vitality III,,3940,20.0,78800.0,14765.15,Amanita Regalis-3940; Water-35460; Sand-236400; Sapwood-239600,"Weak Tonic of Vitality III x3940 (final)
    - Gather Amanita Regalis x3940
      - Gather Sapwood x3200
    - External craft (skill_building) via Basic Charcoal Kiln Charcoal x64 -> Charcoal x1576 (64 crafts)
    - Gather Water x3940
  - Craft via Basic Reagent Distiller Amanita Regalis Extract x788 -> Amanita Regalis Extract x7880 (788 crafts)
  - Gather Water x31520
      - Gather Sand x236400
        - Gather Sapwood x236400
      - External craft (skill_building) via Basic Charcoal Kiln Charcoal x4728 -> Charcoal x118200 (4728 crafts)
    - External craft (skill_building) via Basic Furnace Rough Glass x5910 -> Rough Glass x59100 (5910 crafts)
  - External craft (skill_blacksmithing) via Basic Forge Small Vial x3940 -> Small Vial x19700 (3940 crafts)
- Craft Weak Tonic of Vitality III x3940 (final)",Blacksmithing -> Small Vial x19700
skill_alchemy,21,22,,2,recipe_activatable_potion_potion_of_spirit_very_small_26,Small Potion of Spirit III,,3940,20.0,78800.0,15315.11,Water-35460; Datura's Leaves-3940; Sand-236400; Sapwood-239600,"Small Potion of Spirit III x3940 (final)
    - Gather Datura's Leaves x3940
      - Gather Sapwood x3200
    - External craft (skill_building) via Basic Charcoal Kiln Charcoal x64 -> Charcoal x1576 (64 crafts)
    - Gather Water x3940
  - Craft via Basic Reagent Distiller Datura Leaf Extract x788 -> Datura Leaf Extract x7880 (788 crafts)
  - Gather Water x31520
      - Gather Sand x236400
        - Gather Sapwood x236400
      - External craft (skill_building) via Basic Charcoal Kiln Charcoal x4728 -> Charcoal x118200 (4728 crafts)
    - External craft (skill_building) via Basic Furnace Rough Glass x5910 -> Rough Glass x59100 (5910 crafts)
  - External craft (skill_blacksmithing) via Basic Forge Small Vial x3940 -> Small Vial x19700 (3940 crafts)
- Craft Small Potion of Spirit III x3940 (final)",Blacksmithing -> Small Vial x19700
skill_alchemy,21,22,,3,recipe_activatable_potion_potion_of_protection_very_small_32,Aegis Potion V,,2814,28.0,78792.0,10938.25,Water-25327; Castor Plant-2815; Sand-168840; Sapwood-171150,"Aegis Potion V x2814 (final)
    - Gather Castor Plant x2815
      - Gather Sapwood x2300
    - External craft (skill_building) via Basic Charcoal Kiln Charcoal x46 -> Charcoal x1126 (46 crafts)
    - Gather Water x2815
  - Craft via Basic Reagent Distiller Castor Extract x563 -> Castor Extract x5628 (563 crafts)
  - Gather Water x22512
      - Gather Sand x168840
        - Gather Sapwood x168850
      - External craft (skill_building) via Basic Charcoal Kiln Charcoal x3377 -> Charcoal x84420 (3377 crafts)
    - External craft (skill_building) via Basic Furnace Rough Glass x4221 -> Rough Glass x42210 (4221 crafts)
  - External craft (skill_blacksmithing) via Basic Forge Small Vial x2814 -> Small Vial x14070 (2814 crafts)
- Craft Aegis Potion V x2814 (final)",Blacksmithing -> Small Vial x14070
skill_winery_and_brewing,21,22,,1,recipe_activatable_drink_cider_maxstamina_14,Summer heat,,236,334.0,78824.0,1197.90,Raspberry-475; Red Apple-1652; Water-1655,"Summer heat x236 (final)
  - Gather Red Apple x1652
  - Gather Water x1180
  - External craft (skill_cooking) via Basic Beehive Honey x236 -> Honey x1180 (236 crafts)
    - Gather Water x475
    - Gather Raspberry x475
  - External craft (skill_cooking) via Basic Cooking Workbench Raspberry Syrup x95 -> Raspberry Syrup x472 (95 crafts)
- Craft Summer heat x236 (final)",Cooking -> Raspberry Syrup x475
skill_winery_and_brewing,21,22,,2,recipe_activatable_drink_ale_maxhp_42,Duskfire Ale,,268,294.0,78792.0,1775.05,Water-5360; Barley Grain-4020; Rye Grain-2680; Rosemary-2680,"Duskfire Ale x268 (final)
      - Gather Barley Grain x4020
    - Craft via Basic Fermenter Malt x201 -> Malt x4020 (201 crafts)
      - Gather Water x1340
        - Gather Rye Grain x1340
      - External craft (skill_baking) via Millstone Rye Flour x67 -> Rye Flour x1340 (67 crafts)
    - External craft (skill_baking) via Basic Fermenter Yeast x67 -> Yeast x1340 (67 crafts)
    - Gather Water x1340
  - Craft via Basic Fermenter Cloudy Ale Base x134 -> Cloudy Ale Base x1340 (134 crafts)
    - Gather Water x1340
      - Gather Rye Grain x1340
    - External craft (skill_baking) via Millstone Rye Flour x67 -> Rye Flour x1340 (67 crafts)
  - External craft (skill_baking) via Basic Fermenter Yeast x67 -> Yeast x1340 (67 crafts)
  - Gather Water x1340
  - Gather Rosemary x2680
- Craft Duskfire Ale x268 (final)",
skill_winery_and_brewing,21,22,,3,recipe_activatable_drink_beer_damagebuff_26,Small Beer,,351,224.0,78624.0,460.69,Water-720; Barley Grain-360; Rye Grain-360; Hops-360,"Small Beer x351 (final)
      - Gather Barley Grain x360
    - Craft via Basic Fermenter Malt x18 -> Malt x360 (18 crafts)
    - Gather Hops x360
    - Gather Water x360
      - Gather Water x360
        - Gather Rye Grain x360
      - External craft (skill_baking) via Millstone Rye Flour x18 -> Rye Flour x360 (18 crafts)
    - External craft (skill_baking) via Basic Fermenter Yeast x18 -> Yeast x360 (18 crafts)
  - Craft via Fermenter Weak Beer Base x36 -> Weak Beer Base x351 (36 crafts)
- Craft Small Beer x351 (final)",
skill_fletching,21,22,,1,recipe_item_bow_stave,Bow Stave,,287,275.0,78925.0,1529.90,Heartwood-575; Resin-2009,"Bow Stave x287 (final)
    - Gather Heartwood x575
  - External craft (skill_building) via Wood Chopping Block Long Fine Wood Stock x115 -> Long Fine Wood Stock x574 (115 crafts)
  - Gather Resin x2009
  - External craft (skill_cooking) via Basic Beehive Beeswax x1148 -> Beeswax x5740 (1148 crafts)
- Craft Bow Stave x287 (final)",Carpentry -> Long Fine Wood Stock x575
skill_fletching,21,22,,2,recipe_projectile_silver_head_arrow,Silver Tipped Arrow,,496,159.0,78864.0,3800.60,Silver Ore-500; Sapwood-12480,"Silver Tipped Arrow x496 (final)
    - Gather Sapwood x2480
  - External craft (skill_building) via Wood Chopping Block Long Wood Stock x496 -> Long Wood Stock x2480 (496 crafts)
      - Gather Silver Ore x500
        - Gather Sapwood x10000
      - External craft (skill_building) via Basic Charcoal Kiln Charcoal x200 -> Charcoal x5000 (200 crafts)
    - External craft (skill_blacksmithing) via Furnace Silver Ingot x100 -> Silver Ingot x500 (100 crafts)
  - External craft (skill_blacksmithing) via Forge Silver Arrowhead x100 -> Silver Arrowhead x2480 (100 crafts)
- Craft Silver Tipped Arrow x496 (final)",Blacksmithing -> Silver Arrowhead x2500; Carpentry -> Long Wood Stock x2480
skill_fletching,21,22,,3,recipe_wieldable_bow_2h_0_t3_common,Hunter's Bow (Common),,91,318.0,28938.0,449.39,Boar Sinew-455; Suet-1820; Heartwood-190; Rough Animal Hide-50; Flax Seeds-4550; Resin-665,"Hunter's Bow (Common) x91 (final)
      - Gather Heartwood x190
    - External craft (skill_building) via Wood Chopping Block Long Fine Wood Stock x38 -> Long Fine Wood Stock x190 (38 crafts)
    - Gather Resin x665
    - External craft (skill_cooking) via Basic Beehive Beeswax x380 -> Beeswax x1900 (380 crafts)
  - Craft via Fletching Table Bow Stave x95 -> Bow Stave x91 (~95 attempts @ 96.0%)
  - Gather Boar Sinew x455
    - Gather Flax Seeds x4550
      - Gather Suet x1820
    - External craft (skill_cooking) via Basic Cooking Hearth Tallow x910 -> Tallow x4550 (910 crafts)
  - External craft (skill_leatherworking) via Leatherworking Table Linseed Oil x455 -> Linseed Oil x455 (455 crafts)
        - Gather Rough Animal Hide x50
      - External craft (skill_leatherworking) via Simple Tanning Rack Rawhide x5 -> Rawhide x46 (5 crafts)
    - External craft (skill_leatherworking) via Simple Leatherworking Table Nubuck Leather x46 -> Nubuck Leather x46 (46 crafts)
  - External craft (skill_leatherworking) via Simple Leatherworking Table Coarse Leather Band x46 -> Coarse Leather Band x910 (46 crafts)
- Craft Hunter's Bow (Common) x91 (final)",Carpentry -> Long Fine Wood Stock x190; Cooking -> Tallow x4550; Leatherworking -> Coarse Leather Band x920; Leatherworking -> Nubuck Leather x46; Leatherworking -> Linseed Oil x455
skill_armor_smithing,20,21,,1,recipe_wearable_metal_head_warrior_qr_t2_common,Warrior's Helm of Second Breath II (Common),,3526,19.0,66994.0,36635.14,Rough Animal Hide-710; Copper Ore-2840; Impure Iron Ore-142840; Tin Ore-2840; Sapwood-585600,"Warrior's Helm of Second Breath II (Common) x3526 (final)
      - Gather Impure Iron Ore x141040
        - Gather Sapwood x564200
      - External craft (skill_building) via Basic Charcoal Kiln Charcoal x11284 -> Charcoal x282080 (11284 crafts)
    - External craft (skill_blacksmithing) via Basic Furnace Iron Ingot x3526 -> Iron Ingot x70520 (3526 crafts)
  - External craft (skill_blacksmithing) via Basic Forge Iron Sheet x35260 -> Iron Sheet x35260 (35260 crafts)
        - Gather Rough Animal Hide x710
      - External craft (skill_leatherworking) via Simple Tanning Rack Rawhide x71 -> Rawhide x706 (71 crafts)
    - External craft (skill_leatherworking) via Simple Leatherworking Table Nubuck Leather x706 -> Nubuck Leather x706 (706 crafts)
  - External craft (skill_leatherworking) via Simple Leatherworking Table Coarse Leather Band x706 -> Coarse Leather Band x14104 (706 crafts)
        - Gather Tin Ore x2840
        - Gather Copper Ore x2840
        - Gather Sapwood x14200
      - External craft (skill_blacksmithing) via Basic Furnace Bronze Ingot x142 -> Bronze Ingot x2830 (142 crafts)
    - External craft (skill_blacksmithing) via Basic Forge Bronze Sheet x1415 -> Bronze Sheet x1415 (1415 crafts)
  - External craft (skill_blacksmithing) via Basic Forge Bronze Buckle x283 -> Bronze Buckle x7052 (283 crafts)
        - Gather Impure Iron Ore x1800
          - Gather Sapwood x7200
        - External craft (skill_building) via Basic Charcoal Kiln Charcoal x144 -> Charcoal x3600 (144 crafts)
      - External craft (skill_blacksmithing) via Basic Furnace Iron Ingot x45 -> Iron Ingot x885 (45 crafts)
    - External craft (skill_blacksmithing) via Basic Forge Iron Bar x177 -> Iron Bar x353 (177 crafts)
  - External craft (skill_blacksmithing) via Basic Forge Iron Studs x353 -> Iron Studs x70520 (353 crafts)
- Craft Warrior's Helm of Second Breath II (Common) x3526 (final)",Blacksmithing -> Bronze Buckle x7075; Blacksmithing -> Bronze Sheet x1415; Blacksmithing -> Iron Bar x354; Blacksmithing -> Iron Sheet x35260; Blacksmithing -> Iron Studs x70600; Leatherworking -> Coarse Leather Band x14120; Leatherworking -> Nubuck Leather x706
skill_armor_smithing,20,21,,2,recipe_wearable_metal_head_ironside_f_t2_common,Ironside's Helm of Warcry II (Common),,3526,19.0,66994.0,36635.14,Rough Animal Hide-710; Copper Ore-2840; Impure Iron Ore-142840; Tin Ore-2840; Sapwood-585600,"Ironside's Helm of Warcry II (Common) x3526 (final)
      - Gather Impure Iron Ore x141040
        - Gather Sapwood x564200
      - External craft (skill_building) via Basic Charcoal Kiln Charcoal x11284 -> Charcoal x282080 (11284 crafts)
    - External craft (skill_blacksmithing) via Basic Furnace Iron Ingot x3526 -> Iron Ingot x70520 (3526 crafts)
  - External craft (skill_blacksmithing) via Basic Forge Iron Sheet x35260 -> Iron Sheet x35260 (35260 crafts)
        - Gather Rough Animal Hide x710
      - External craft (skill_leatherworking) via Simple Tanning Rack Rawhide x71 -> Rawhide x706 (71 crafts)
    - External craft (skill_leatherworking) via Simple Leatherworking Table Nubuck Leather x706 -> Nubuck Leather x706 (706 crafts)
  - External craft (skill_leatherworking) via Simple Leatherworking Table Coarse Leather Band x706 -> Coarse Leather Band x14104 (706 crafts)
        - Gather Tin Ore x2840
        - Gather Copper Ore x2840
        - Gather Sapwood x14200
      - External craft (skill_blacksmithing) via Basic Furnace Bronze Ingot x142 -> Bronze Ingot x2830 (142 crafts)
    - External craft (skill_blacksmithing) via Basic Forge Bronze Sheet x1415 -> Bronze Sheet x1415 (1415 crafts)
  - External craft (skill_blacksmithing) via Basic Forge Bronze Buckle x283 -> Bronze Buckle x7052 (283 crafts)
        - Gather Impure Iron Ore x1800
          - Gather Sapwood x7200
        - External craft (skill_building) via Basic Charcoal Kiln Charcoal x144 -> Charcoal x3600 (144 crafts)
      - External craft (skill_blacksmithing) via Basic Furnace Iron Ingot x45 -> Iron Ingot x885 (45 crafts)
    - External craft (skill_blacksmithing) via Basic Forge Iron Bar x177 -> Iron Bar x353 (177 crafts)
  - External craft (skill_blacksmithing) via Basic Forge Iron Studs x353 -> Iron Studs x70520 (353 crafts)
- Craft Ironside's Helm of Warcry II (Common) x3526 (final)",Blacksmithing -> Bronze Buckle x7075; Blacksmithing -> Bronze Sheet x1415; Blacksmithing -> Iron Bar x354; Blacksmithing -> Iron Sheet x35260; Blacksmithing -> Iron Studs x70600; Leatherworking -> Coarse Leather Band x14120; Leatherworking -> Nubuck Leather x706
skill_armor_smithing,20,21,,3,recipe_wearable_metal_arms_pilgrim_0_t2_common,Pilgrim's Vambraces II (Common),,2912,23.0,66976.0,24645.23,Rough Animal Hide-300; Copper Ore-2340; Impure Iron Ore-59720; Tin Ore-2340; Sapwood-250650,"Pilgrim's Vambraces II (Common) x2912 (final)
      - Gather Impure Iron Ore x58240
        - Gather Sapwood x233000
      - External craft (skill_building) via Basic Charcoal Kiln Charcoal x4660 -> Charcoal x116480 (4660 crafts)
    - External craft (skill_blacksmithing) via Basic Furnace Iron Ingot x1456 -> Iron Ingot x29120 (1456 crafts)
  - External craft (skill_blacksmithing) via Basic Forge Iron Sheet x14560 -> Iron Sheet x14560 (14560 crafts)
        - Gather Rough Animal Hide x300
      - External craft (skill_leatherworking) via Simple Tanning Rack Rawhide x30 -> Rawhide x292 (30 crafts)
    - External craft (skill_leatherworking) via Simple Leatherworking Table Nubuck Leather x292 -> Nubuck Leather x292 (292 crafts)
  - External craft (skill_leatherworking) via Simple Leatherworking Table Coarse Leather Band x292 -> Coarse Leather Band x5824 (292 crafts)
        - Gather Tin Ore x2340
        - Gather Copper Ore x2340
        - Gather Sapwood x11700
      - External craft (skill_blacksmithing) via Basic Furnace Bronze Ingot x117 -> Bronze Ingot x2330 (117 crafts)
    - External craft (skill_blacksmithing) via Basic Forge Bronze Sheet x1165 -> Bronze Sheet x1165 (1165 crafts)
  - External craft (skill_blacksmithing) via Basic Forge Bronze Buckle x233 -> Bronze Buckle x5824 (233 crafts)
        - Gather Impure Iron Ore x1480
          - Gather Sapwood x5950
        - External craft (skill_building) via Basic Charcoal Kiln Charcoal x119 -> Charcoal x2960 (119 crafts)
      - External craft (skill_blacksmithing) via Basic Furnace Iron Ingot x37 -> Iron Ingot x730 (37 crafts)
    - External craft (skill_blacksmithing) via Basic Forge Iron Bar x146 -> Iron Bar x292 (146 crafts)
  - External craft (skill_blacksmithing) via Basic Forge Iron Studs x292 -> Iron Studs x58240 (292 crafts)
- Craft Pilgrim's Vambraces II (Common) x2912 (final)",Blacksmithing -> Bronze Buckle x5825; Blacksmithing -> Bronze Sheet x1165; Blacksmithing -> Iron Bar x292; Blacksmithing -> Iron Sheet x14560; Blacksmithing -> Iron Studs x58400; Leatherworking -> Coarse Leather Band x5840; Leatherworking -> Nubuck Leather x292
skill_jewelerycrafting,20,21,,1,recipe_wearable_hat_jewellery_rp_diadem_01_gold,Solar Oak Tiara,,206,325.0,66950.0,1483.89,Bone Fragments-42; Aurum Ore-4950; Sapwood-19800,"Solar Oak Tiara x206 (final)
    - Gather Aurum Ore x4950
      - Gather Sapwood x19800
    - External craft (skill_building) via Basic Charcoal Kiln Charcoal x396 -> Charcoal x9900 (396 crafts)
  - External craft (skill_blacksmithing) via Furnace Aurum Ingot x495 -> Aurum Ingot x2472 (495 crafts)
    - Gather Bone Fragments x42
  - External craft (skill_tailoring) via Simple Tailoring Table Sewing Needles x21 -> Sewing Needles x206 (21 crafts)
- Craft Solar Oak Tiara x206 (final)",Tailoring -> Sewing Needles x210
skill_jewelerycrafting,20,21,,2,recipe_wearable_hat_jewellery_rp_hat_18_gold,Golden Braid Circlet,,206,325.0,66950.0,1483.89,Bone Fragments-42; Aurum Ore-4950; Sapwood-19800,"Golden Braid Circlet x206 (final)
    - Gather Aurum Ore x4950
      - Gather Sapwood x19800
    - External craft (skill_building) via Basic Charcoal Kiln Charcoal x396 -> Charcoal x9900 (396 crafts)
  - External craft (skill_blacksmithing) via Furnace Aurum Ingot x495 -> Aurum Ingot x2472 (495 crafts)
    - Gather Bone Fragments x42
  - External craft (skill_tailoring) via Simple Tailoring Table Sewing Needles x21 -> Sewing Needles x206 (21 crafts)
- Craft Golden Braid Circlet x206 (final)",Tailoring -> Sewing Needles x210
skill_jewelerycrafting,20,21,,3,recipe_wearable_jewellery_bracelet_common_7,Shiny Silver Bracelet (Common),,2474,27.0,66798.0,989.60,Impure Iron Ore-7440; Sapwood-39750,"Shiny Silver Bracelet (Common) x2474 (final)
      - Gather Impure Iron Ore x7440
        - Gather Sapwood x29800
      - External craft (skill_building) via Basic Charcoal Kiln Charcoal x596 -> Charcoal x14880 (596 crafts)
    - External craft (skill_blacksmithing) via Basic Furnace Iron Ingot x186 -> Iron Ingot x3720 (186 crafts)
      - Gather Sapwood x9950
    - External craft (skill_building) via Basic Charcoal Kiln Charcoal x199 -> Charcoal x4960 (199 crafts)
  - External craft (skill_blacksmithing) via Basic Furnace Wrought Iron Ingot x124 -> Wrought Iron Ingot x2474 (124 crafts)
- Craft Shiny Silver Bracelet (Common) x2474 (final)",
skill_alchemy,22,23,,1,recipe_activatable_potion_potion_of_protection_very_small_32,Aegis Potion V,,3680,25.0,92000.0,14304.47,Water-33120; Castor Plant-3680; Sand-220800; Sapwood-223750,"Aegis Potion V x3680 (final)
    - Gather Castor Plant x3680
      - Gather Sapwood x2950
    - External craft (skill_building) via Basic Charcoal Kiln Charcoal x59 -> Charcoal x1472 (59 crafts)
    - Gather Water x3680
  - Craft via Basic Reagent Distiller Castor Extract x736 -> Castor Extract x7360 (736 crafts)
  - Gather Water x29440
      - Gather Sand x220800
        - Gather Sapwood x220800
      - External craft (skill_building) via Basic Charcoal Kiln Charcoal x4416 -> Charcoal x110400 (4416 crafts)
    - External craft (skill_building) via Basic Furnace Rough Glass x5520 -> Rough Glass x55200 (5520 crafts)
  - External craft (skill_blacksmithing) via Basic Forge Small Vial x3680 -> Small Vial x18400 (3680 crafts)
- Craft Aegis Potion V x3680 (final)",Blacksmithing -> Small Vial x18400
skill_alchemy,22,23,,2,recipe_activatable_potion_arcance_resistance_very_small_30,Cold Resistance I,,3680,25.0,92000.0,16336.13,Water-33120; Crane Flower-3680; Sand-220800; Sapwood-223750,"Cold Resistance I x3680 (final)
    - Gather Crane Flower x3680
      - Gather Sapwood x2950
    - External craft (skill_building) via Basic Charcoal Kiln Charcoal x59 -> Charcoal x1472 (59 crafts)
    - Gather Water x3680
  - Craft via Basic Reagent Distiller Crane Flower Extract x736 -> Crane Flower Extract x7360 (736 crafts)
  - Gather Water x29440
      - Gather Sand x220800
        - Gather Sapwood x220800
      - External craft (skill_building) via Basic Charcoal Kiln Charcoal x4416 -> Charcoal x110400 (4416 crafts)
    - External craft (skill_building) via Basic Furnace Rough Glass x5520 -> Rough Glass x55200 (5520 crafts)
  - External craft (skill_blacksmithing) via Basic Forge Small Vial x3680 -> Small Vial x18400 (3680 crafts)
- Craft Cold Resistance I x3680 (final)",Blacksmithing -> Small Vial x18400
skill_alchemy,22,23,,3,recipe_activatable_potion_potion_of_vitality_very_small_27,Weak Tonic of Vitality III,,5411,17.0,91987.0,20277.72,Amanita Regalis-5415; Water-48703; Sand-324680; Sapwood-329050,"Weak Tonic of Vitality III x5411 (final)
    - Gather Amanita Regalis x5415
      - Gather Sapwood x4350
    - External craft (skill_building) via Basic Charcoal Kiln Charcoal x87 -> Charcoal x2166 (87 crafts)
    - Gather Water x5415
  - Craft via Basic Reagent Distiller Amanita Regalis Extract x1083 -> Amanita Regalis Extract x10822 (1083 crafts)
  - Gather Water x43288
      - Gather Sand x324680
        - Gather Sapwood x324700
      - External craft (skill_building) via Basic Charcoal Kiln Charcoal x6494 -> Charcoal x162340 (6494 crafts)
    - External craft (skill_building) via Basic Furnace Rough Glass x8117 -> Rough Glass x81165 (8117 crafts)
  - External craft (skill_blacksmithing) via Basic Forge Small Vial x5411 -> Small Vial x27055 (5411 crafts)
- Craft Weak Tonic of Vitality III x5411 (final)",Blacksmithing -> Small Vial x27055
skill_winery_and_brewing,22,23,,1,recipe_activatable_drink_mead_staminaregen_24,Raspberry Mead,,328,280.0,91840.0,752.52,Raspberry-1640; Water-670; Barley Grain-340; Rye Grain-340,"Raspberry Mead x328 (final)
  - External craft (skill_cooking) via Basic Beehive Honey x328 -> Honey x1640 (328 crafts)
      - Gather Barley Grain x340
    - Craft via Basic Fermenter Malt x17 -> Malt x330 (17 crafts)
      - Gather Water x340
        - Gather Rye Grain x340
      - External craft (skill_baking) via Millstone Rye Flour x17 -> Rye Flour x340 (17 crafts)
    - External craft (skill_baking) via Basic Fermenter Yeast x17 -> Yeast x330 (17 crafts)
    - Gather Water x330
  - Craft via Basic Fermenter Cloudy Mead Base x33 -> Cloudy Mead Base x328 (33 crafts)
  - Gather Raspberry x1640
- Craft Raspberry Mead x328 (final)",
skill_winery_and_brewing,22,23,,2,recipe_activatable_drink_cider_maxstamina_14,Summer heat,,270,340.0,91800.0,1370.48,Raspberry-540; Red Apple-1890; Water-1890,"Summer heat x270 (final)
  - Gather Red Apple x1890
  - Gather Water x1350
  - External craft (skill_cooking) via Basic Beehive Honey x270 -> Honey x1350 (270 crafts)
    - Gather Water x540
    - Gather Raspberry x540
  - External craft (skill_cooking) via Basic Cooking Workbench Raspberry Syrup x108 -> Raspberry Syrup x540 (108 crafts)
- Craft Summer heat x270 (final)",Cooking -> Raspberry Syrup x540
skill_winery_and_brewing,22,23,,3,recipe_activatable_drink_beer_damagebuff_26,Small Beer,,335,274.0,91790.0,439.69,Water-680; Barley Grain-340; Rye Grain-340; Hops-340,"Small Beer x335 (final)
      - Gather Barley Grain x340
    - Craft via Basic Fermenter Malt x17 -> Malt x340 (17 crafts)
    - Gather Hops x340
    - Gather Water x340
      - Gather Water x340
        - Gather Rye Grain x340
      - External craft (skill_baking) via Millstone Rye Flour x17 -> Rye Flour x340 (17 crafts)
    - External craft (skill_baking) via Basic Fermenter Yeast x17 -> Yeast x340 (17 crafts)
  - Craft via Fermenter Weak Beer Base x34 -> Weak Beer Base x335 (34 crafts)
- Craft Small Beer x335 (final)",
skill_fletching,22,23,,1,recipe_wieldable_bow_2h_0_t3_common,Hunter's Bow (Common),,274,299.0,81926.0,1353.10,Boar Sinew-1370; Suet-5480; Heartwood-550; Rough Animal Hide-140; Flax Seeds-13700; Resin-1918,"Hunter's Bow (Common) x274 (final)
      - Gather Heartwood x550
    - External craft (skill_building) via Wood Chopping Block Long Fine Wood Stock x110 -> Long Fine Wood Stock x548 (110 crafts)
    - Gather Resin x1918
    - External craft (skill_cooking) via Basic Beehive Beeswax x1096 -> Beeswax x5480 (1096 crafts)
  - Craft via Fletching Table Bow Stave x274 -> Bow Stave x274 (274 crafts)
  - Gather Boar Sinew x1370
    - Gather Flax Seeds x13700
      - Gather Suet x5480
    - External craft (skill_cooking) via Basic Cooking Hearth Tallow x2740 -> Tallow x13700 (2740 crafts)
  - External craft (skill_leatherworking) via Leatherworking Table Linseed Oil x1370 -> Linseed Oil x1370 (1370 crafts)
        - Gather Rough Animal Hide x140
      - External craft (skill_leatherworking) via Simple Tanning Rack Rawhide x14 -> Rawhide x137 (14 crafts)
    - External craft (skill_leatherworking) via Simple Leatherworking Table Nubuck Leather x137 -> Nubuck Leather x137 (137 crafts)
  - External craft (skill_leatherworking) via Simple Leatherworking Table Coarse Leather Band x137 -> Coarse Leather Band x2740 (137 crafts)
- Craft Hunter's Bow (Common) x274 (final)",Carpentry -> Long Fine Wood Stock x550; Cooking -> Tallow x13700; Leatherworking -> Coarse Leather Band x2740; Leatherworking -> Nubuck Leather x137; Leatherworking -> Linseed Oil x1370
skill_fletching,22,23,,2,recipe_projectile_silver_head_arrow,Silver Tipped Arrow,,424,217.0,92008.0,3248.90,Silver Ore-425; Sapwood-10620,"Silver Tipped Arrow x424 (final)
    - Gather Sapwood x2120
  - External craft (skill_building) via Wood Chopping Block Long Wood Stock x424 -> Long Wood Stock x2120 (424 crafts)
      - Gather Silver Ore x425
        - Gather Sapwood x8500
      - External craft (skill_building) via Basic Charcoal Kiln Charcoal x170 -> Charcoal x4250 (170 crafts)
    - External craft (skill_blacksmithing) via Furnace Silver Ingot x85 -> Silver Ingot x425 (85 crafts)
  - External craft (skill_blacksmithing) via Forge Silver Arrowhead x85 -> Silver Arrowhead x2120 (85 crafts)
- Craft Silver Tipped Arrow x424 (final)",Blacksmithing -> Silver Arrowhead x2125; Carpentry -> Long Wood Stock x2120
skill_fletching,22,23,,3,recipe_item_bow_stave,Bow Stave,,2484,37.0,91908.0,13241.38,Heartwood-4970; Resin-17388,"Bow Stave x2484 (final)
    - Gather Heartwood x4970
  - External craft (skill_building) via Wood Chopping Block Long Fine Wood Stock x994 -> Long Fine Wood Stock x4968 (994 crafts)
  - Gather Resin x17388
  - External craft (skill_cooking) via Basic Beehive Beeswax x9936 -> Beeswax x49680 (9936 crafts)
- Craft Bow Stave x2484 (final)",Carpentry -> Long Fine Wood Stock x4970
skill_armor_smithing,21,22,,1,recipe_wearable_metal_arms_pilgrim_0_t2_common,Pilgrim's Vambraces II (Common),,3940,20.0,78800.0,33345.53,Rough Animal Hide-400; Copper Ore-3160; Impure Iron Ore-80800; Tin Ore-3160; Sapwood-339000,"Pilgrim's Vambraces II (Common) x3940 (final)
      - Gather Impure Iron Ore x78800
        - Gather Sapwood x315200
      - External craft (skill_building) via Basic Charcoal Kiln Charcoal x6304 -> Charcoal x157600 (6304 crafts)
    - External craft (skill_blacksmithing) via Basic Furnace Iron Ingot x1970 -> Iron Ingot x39400 (1970 crafts)
  - External craft (skill_blacksmithing) via Basic Forge Iron Sheet x19700 -> Iron Sheet x19700 (19700 crafts)
        - Gather Rough Animal Hide x400
      - External craft (skill_leatherworking) via Simple Tanning Rack Rawhide x40 -> Rawhide x394 (40 crafts)
    - External craft (skill_leatherworking) via Simple Leatherworking Table Nubuck Leather x394 -> Nubuck Leather x394 (394 crafts)
  - External craft (skill_leatherworking) via Simple Leatherworking Table Coarse Leather Band x394 -> Coarse Leather Band x7880 (394 crafts)
        - Gather Tin Ore x3160
        - Gather Copper Ore x3160
        - Gather Sapwood x15800
      - External craft (skill_blacksmithing) via Basic Furnace Bronze Ingot x158 -> Bronze Ingot x3160 (158 crafts)
    - External craft (skill_blacksmithing) via Basic Forge Bronze Sheet x1580 -> Bronze Sheet x1580 (1580 crafts)
  - External craft (skill_blacksmithing) via Basic Forge Bronze Buckle x316 -> Bronze Buckle x7880 (316 crafts)
        - Gather Impure Iron Ore x2000
          - Gather Sapwood x8000
        - External craft (skill_building) via Basic Charcoal Kiln Charcoal x160 -> Charcoal x4000 (160 crafts)
      - External craft (skill_blacksmithing) via Basic Furnace Iron Ingot x50 -> Iron Ingot x985 (50 crafts)
    - External craft (skill_blacksmithing) via Basic Forge Iron Bar x197 -> Iron Bar x394 (197 crafts)
  - External craft (skill_blacksmithing) via Basic Forge Iron Studs x394 -> Iron Studs x78800 (394 crafts)
- Craft Pilgrim's Vambraces II (Common) x3940 (final)",Blacksmithing -> Bronze Buckle x7900; Blacksmithing -> Bronze Sheet x1580; Blacksmithing -> Iron Bar x394; Blacksmithing -> Iron Sheet x19700; Blacksmithing -> Iron Studs x78800; Leatherworking -> Coarse Leather Band x7880; Leatherworking -> Nubuck Leather x394
skill_armor_smithing,21,22,,2,recipe_wearable_metal_hands_pilgrim_0_t2_common,Pilgrim's Gauntlets II (Common),,3283,24.0,78792.0,40796.75,Impure Iron Ore-131320; Flax Fiber-196980; Sapwood-525300,"Pilgrim's Gauntlets II (Common) x3283 (final)
      - Gather Impure Iron Ore x131320
        - Gather Sapwood x525300
      - External craft (skill_building) via Basic Charcoal Kiln Charcoal x10506 -> Charcoal x262640 (10506 crafts)
    - External craft (skill_blacksmithing) via Basic Furnace Iron Ingot x3283 -> Iron Ingot x65660 (3283 crafts)
  - External craft (skill_blacksmithing) via Basic Forge Iron Wire x32830 -> Iron Wire x131320 (32830 crafts)
      - Gather Flax Fiber x196980
    - External craft (skill_tailoring) via Spinning Wheel Linen String x6566 -> Linen String x65660 (6566 crafts)
  - External craft (skill_tailoring) via Simple Tailoring Table Coarse Linen Cloth x6566 -> Coarse Linen Cloth x6566 (6566 crafts)
- Craft Pilgrim's Gauntlets II (Common) x3283 (final)",Blacksmithing -> Iron Wire x131320; Tailoring -> Coarse Linen Cloth x6566; Tailoring -> Linen String x65660
skill_armor_smithing,21,22,,3,recipe_wearable_metal_head_warrior_qr_t2_common,Warrior's Helm of Second Breath II (Common),,4924,16.0,78784.0,51160.36,Rough Animal Hide-990; Copper Ore-3940; Impure Iron Ore-199440; Tin Ore-3940; Sapwood-817500,"Warrior's Helm of Second Breath II (Common) x4924 (final)
      - Gather Impure Iron Ore x196960
        - Gather Sapwood x787850
      - External craft (skill_building) via Basic Charcoal Kiln Charcoal x15757 -> Charcoal x393920 (15757 crafts)
    - External craft (skill_blacksmithing) via Basic Furnace Iron Ingot x4924 -> Iron Ingot x98480 (4924 crafts)
  - External craft (skill_blacksmithing) via Basic Forge Iron Sheet x49240 -> Iron Sheet x49240 (49240 crafts)
        - Gather Rough Animal Hide x990
      - External craft (skill_leatherworking) via Simple Tanning Rack Rawhide x99 -> Rawhide x985 (99 crafts)
    - External craft (skill_leatherworking) via Simple Leatherworking Table Nubuck Leather x985 -> Nubuck Leather x985 (985 crafts)
  - External craft (skill_leatherworking) via Simple Leatherworking Table Coarse Leather Band x985 -> Coarse Leather Band x19696 (985 crafts)
        - Gather Tin Ore x3940
        - Gather Copper Ore x3940
        - Gather Sapwood x19700
      - External craft (skill_blacksmithing) via Basic Furnace Bronze Ingot x197 -> Bronze Ingot x3940 (197 crafts)
    - External craft (skill_blacksmithing) via Basic Forge Bronze Sheet x1970 -> Bronze Sheet x1970 (1970 crafts)
  - External craft (skill_blacksmithing) via Basic Forge Bronze Buckle x394 -> Bronze Buckle x9848 (394 crafts)
        - Gather Impure Iron Ore x2480
          - Gather Sapwood x9950
        - External craft (skill_building) via Basic Charcoal Kiln Charcoal x199 -> Charcoal x4960 (199 crafts)
      - External craft (skill_blacksmithing) via Basic Furnace Iron Ingot x62 -> Iron Ingot x1235 (62 crafts)
    - External craft (skill_blacksmithing) via Basic Forge Iron Bar x247 -> Iron Bar x493 (247 crafts)
  - External craft (skill_blacksmithing) via Basic Forge Iron Studs x493 -> Iron Studs x98480 (493 crafts)
- Craft Warrior's Helm of Second Breath II (Common) x4924 (final)",Blacksmithing -> Bronze Buckle x9850; Blacksmithing -> Bronze Sheet x1970; Blacksmithing -> Iron Bar x494; Blacksmithing -> Iron Sheet x49240; Blacksmithing -> Iron Studs x98600; Leatherworking -> Coarse Leather Band x19700; Leatherworking -> Nubuck Leather x985
skill_jewelerycrafting,21,22,,1,recipe_wearable_hat_jewellery_rp_diadem_01_gold,Solar Oak Tiara,,226,349.0,78874.0,1627.95,Bone Fragments-46; Aurum Ore-5430; Sapwood-21750,"Solar Oak Tiara x226 (final)
    - Gather Aurum Ore x5430
      - Gather Sapwood x21750
    - External craft (skill_building) via Basic Charcoal Kiln Charcoal x435 -> Charcoal x10860 (435 crafts)
  - External craft (skill_blacksmithing) via Furnace Aurum Ingot x543 -> Aurum Ingot x2712 (543 crafts)
    - Gather Bone Fragments x46
  - External craft (skill_tailoring) via Simple Tailoring Table Sewing Needles x23 -> Sewing Needles x226 (23 crafts)
- Craft Solar Oak Tiara x226 (final)",Tailoring -> Sewing Needles x230
skill_jewelerycrafting,21,22,,2,recipe_wearable_hat_jewellery_rp_hat_18_gold,Golden Braid Circlet,,226,349.0,78874.0,1627.95,Bone Fragments-46; Aurum Ore-5430; Sapwood-21750,"Golden Braid Circlet x226 (final)
    - Gather Aurum Ore x5430
      - Gather Sapwood x21750
    - External craft (skill_building) via Basic Charcoal Kiln Charcoal x435 -> Charcoal x10860 (435 crafts)
  - External craft (skill_blacksmithing) via Furnace Aurum Ingot x543 -> Aurum Ingot x2712 (543 crafts)
    - Gather Bone Fragments x46
  - External craft (skill_tailoring) via Simple Tailoring Table Sewing Needles x23 -> Sewing Needles x226 (23 crafts)
- Craft Golden Braid Circlet x226 (final)",Tailoring -> Sewing Needles x230
skill_jewelerycrafting,21,22,,3,recipe_wearable_jewellery_bracelet_common_7,Shiny Silver Bracelet (Common),,3277,24.0,78648.0,1310.80,Impure Iron Ore-9840; Sapwood-52550,"Shiny Silver Bracelet (Common) x3277 (final)
      - Gather Impure Iron Ore x9840
        - Gather Sapwood x39400
      - External craft (skill_building) via Basic Charcoal Kiln Charcoal x788 -> Charcoal x19680 (788 crafts)
    - External craft (skill_blacksmithing) via Basic Furnace Iron Ingot x246 -> Iron Ingot x4920 (246 crafts)
      - Gather Sapwood x13150
    - External craft (skill_building) via Basic Charcoal Kiln Charcoal x263 -> Charcoal x6560 (263 crafts)
  - External craft (skill_blacksmithing) via Basic Furnace Wrought Iron Ingot x164 -> Wrought Iron Ingot x3277 (164 crafts)
- Craft Shiny Silver Bracelet (Common) x3277 (final)",
skill_alchemy,23,24,,1,recipe_activatable_potion_potion_of_protection_very_small_32,Aegis Potion V,,4964,22.0,109208.0,19295.48,Water-44677; Castor Plant-4965; Sand-297840; Sapwood-301850,"Aegis Potion V x4964 (final)
    - Gather Castor Plant x4965
      - Gather Sapwood x4000
    - External craft (skill_building) via Basic Charcoal Kiln Charcoal x80 -> Charcoal x1986 (80 crafts)
    - Gather Water x4965
  - Craft via Basic Reagent Distiller Castor Extract x993 -> Castor Extract x9928 (993 crafts)
  - Gather Water x39712
      - Gather Sand x297840
        - Gather Sapwood x297850
      - External craft (skill_building) via Basic Charcoal Kiln Charcoal x5957 -> Charcoal x148920 (5957 crafts)
    - External craft (skill_building) via Basic Furnace Rough Glass x7446 -> Rough Glass x74460 (7446 crafts)
  - External craft (skill_blacksmithing) via Basic Forge Small Vial x4964 -> Small Vial x24820 (4964 crafts)
- Craft Aegis Potion V x4964 (final)",Blacksmithing -> Small Vial x24820
skill_alchemy,23,24,,2,recipe_activatable_potion_arcance_resistance_very_small_30,Cold Resistance I,,4964,22.0,109208.0,22036.02,Water-44677; Crane Flower-4965; Sand-297840; Sapwood-301850,"Cold Resistance I x4964 (final)
    - Gather Crane Flower x4965
      - Gather Sapwood x4000
    - External craft (skill_building) via Basic Charcoal Kiln Charcoal x80 -> Charcoal x1986 (80 crafts)
    - Gather Water x4965
  - Craft via Basic Reagent Distiller Crane Flower Extract x993 -> Crane Flower Extract x9928 (993 crafts)
  - Gather Water x39712
      - Gather Sand x297840
        - Gather Sapwood x297850
      - External craft (skill_building) via Basic Charcoal Kiln Charcoal x5957 -> Charcoal x148920 (5957 crafts)
    - External craft (skill_building) via Basic Furnace Rough Glass x7446 -> Rough Glass x74460 (7446 crafts)
  - External craft (skill_blacksmithing) via Basic Forge Small Vial x4964 -> Small Vial x24820 (4964 crafts)
- Craft Cold Resistance I x4964 (final)",Blacksmithing -> Small Vial x24820
skill_alchemy,23,24,,3,recipe_activatable_potion_potion_of_vitality_very_small_27,Weak Tonic of Vitality III,,7800,14.0,109200.0,29230.50,Amanita Regalis-7800; Water-70200; Sand-468000; Sapwood-474250,"Weak Tonic of Vitality III x7800 (final)
    - Gather Amanita Regalis x7800
      - Gather Sapwood x6250
    - External craft (skill_building) via Basic Charcoal Kiln Charcoal x125 -> Charcoal x3120 (125 crafts)
    - Gather Water x7800
  - Craft via Basic Reagent Distiller Amanita Regalis Extract x1560 -> Amanita Regalis Extract x15600 (1560 crafts)
  - Gather Water x62400
      - Gather Sand x468000
        - Gather Sapwood x468000
      - External craft (skill_building) via Basic Charcoal Kiln Charcoal x9360 -> Charcoal x234000 (9360 crafts)
    - External craft (skill_building) via Basic Furnace Rough Glass x11700 -> Rough Glass x117000 (11700 crafts)
  - External craft (skill_blacksmithing) via Basic Forge Small Vial x7800 -> Small Vial x39000 (7800 crafts)
- Craft Weak Tonic of Vitality III x7800 (final)",Blacksmithing -> Small Vial x39000
skill_winery_and_brewing,23,24,,1,recipe_activatable_drink_cider_maxstamina_14,Summer heat,,327,334.0,109218.0,1659.80,Raspberry-655; Red Apple-2289; Water-2290,"Summer heat x327 (final)
  - Gather Red Apple x2289
  - Gather Water x1635
  - External craft (skill_cooking) via Basic Beehive Honey x327 -> Honey x1635 (327 crafts)
    - Gather Water x655
    - Gather Raspberry x655
  - External craft (skill_cooking) via Basic Cooking Workbench Raspberry Syrup x131 -> Raspberry Syrup x654 (131 crafts)
- Craft Summer heat x327 (final)",Cooking -> Raspberry Syrup x655
skill_winery_and_brewing,23,24,,2,recipe_activatable_drink_mead_damagebuff_27,Strawberry Mead,,326,335.0,109210.0,740.29,Strawberry-1630; Water-670; Barley Grain-340; Rye Grain-340,"Strawberry Mead x326 (final)
  - External craft (skill_cooking) via Basic Beehive Honey x326 -> Honey x1630 (326 crafts)
      - Gather Barley Grain x340
    - Craft via Basic Fermenter Malt x17 -> Malt x330 (17 crafts)
      - Gather Water x340
        - Gather Rye Grain x340
      - External craft (skill_baking) via Millstone Rye Flour x17 -> Rye Flour x340 (17 crafts)
    - External craft (skill_baking) via Basic Fermenter Yeast x17 -> Yeast x330 (17 crafts)
    - Gather Water x330
  - Craft via Basic Fermenter Cloudy Mead Base x33 -> Cloudy Mead Base x326 (33 crafts)
  - Gather Strawberry x1630
- Craft Strawberry Mead x326 (final)",
skill_winery_and_brewing,23,24,,3,recipe_activatable_drink_beer_damagebuff_26,Small Beer,,350,312.0,109200.0,459.38,Water-710; Barley Grain-360; Rye Grain-360; Hops-350,"Small Beer x350 (final)
      - Gather Barley Grain x360
    - Craft via Basic Fermenter Malt x18 -> Malt x350 (18 crafts)
    - Gather Hops x350
    - Gather Water x350
      - Gather Water x360
        - Gather Rye Grain x360
      - External craft (skill_baking) via Millstone Rye Flour x18 -> Rye Flour x360 (18 crafts)
    - External craft (skill_baking) via Basic Fermenter Yeast x18 -> Yeast x350 (18 crafts)
  - Craft via Fermenter Weak Beer Base x35 -> Weak Beer Base x350 (35 crafts)
- Craft Small Beer x350 (final)",
skill_fletching,23,24,,1,recipe_projectile_silver_head_arrow,Silver Tipped Arrow,,388,282.0,109416.0,2973.05,Silver Ore-390; Sapwood-9740,"Silver Tipped Arrow x388 (final)
    - Gather Sapwood x1940
  - External craft (skill_building) via Wood Chopping Block Long Wood Stock x388 -> Long Wood Stock x1940 (388 crafts)
      - Gather Silver Ore x390
        - Gather Sapwood x7800
      - External craft (skill_building) via Basic Charcoal Kiln Charcoal x156 -> Charcoal x3900 (156 crafts)
    - External craft (skill_blacksmithing) via Furnace Silver Ingot x78 -> Silver Ingot x390 (78 crafts)
  - External craft (skill_blacksmithing) via Forge Silver Arrowhead x78 -> Silver Arrowhead x1940 (78 crafts)
- Craft Silver Tipped Arrow x388 (final)",Blacksmithing -> Silver Arrowhead x1950; Carpentry -> Long Wood Stock x1940
skill_fletching,23,24,,2,recipe_projectile_steel_head_arrow,Steelhead Arrow,,488,224.0,109312.0,4023.97,Pure Iron Ore-8140; Sapwood-165240,"Steelhead Arrow x488 (final)
    - Gather Sapwood x2440
  - External craft (skill_building) via Wood Chopping Block Long Wood Stock x488 -> Long Wood Stock x2440 (488 crafts)
      - Gather Pure Iron Ore x8140
        - Gather Sapwood x162800
      - External craft (skill_building) via Basic Charcoal Kiln Charcoal x3256 -> Charcoal x81400 (3256 crafts)
    - External craft (skill_blacksmithing) via Furnace Steel Ingot x407 -> Steel Ingot x4070 (407 crafts)
  - External craft (skill_blacksmithing) via Forge Steel Arrowhead x814 -> Steel Arrowhead x2440 (~814 attempts @ 12.0%)
- Craft Steelhead Arrow x488 (final)",Blacksmithing -> Steel Arrowhead x20350; Carpentry -> Long Wood Stock x2440
skill_fletching,23,24,,3,recipe_item_bow_stave,Bow Stave,,3212,34.0,109208.0,17122.10,Heartwood-6425; Resin-22484,"Bow Stave x3212 (final)
    - Gather Heartwood x6425
  - External craft (skill_building) via Wood Chopping Block Long Fine Wood Stock x1285 -> Long Fine Wood Stock x6424 (1285 crafts)
  - Gather Resin x22484
  - External craft (skill_cooking) via Basic Beehive Beeswax x12848 -> Beeswax x64240 (12848 crafts)
- Craft Bow Stave x3212 (final)",Carpentry -> Long Fine Wood Stock x6425
skill_armor_smithing,22,23,,1,recipe_wearable_metal_hands_pilgrim_0_t2_common,Pilgrim's Gauntlets II (Common),,4381,21.0,92001.0,54441.23,Impure Iron Ore-175240; Flax Fiber-262860; Sapwood-701000,"Pilgrim's Gauntlets II (Common) x4381 (final)
      - Gather Impure Iron Ore x175240
        - Gather Sapwood x701000
      - External craft (skill_building) via Basic Charcoal Kiln Charcoal x14020 -> Charcoal x350480 (14020 crafts)
    - External craft (skill_blacksmithing) via Basic Furnace Iron Ingot x4381 -> Iron Ingot x87620 (4381 crafts)
  - External craft (skill_blacksmithing) via Basic Forge Iron Wire x43810 -> Iron Wire x175240 (43810 crafts)
      - Gather Flax Fiber x262860
    - External craft (skill_tailoring) via Spinning Wheel Linen String x8762 -> Linen String x87620 (8762 crafts)
  - External craft (skill_tailoring) via Simple Tailoring Table Coarse Linen Cloth x8762 -> Coarse Linen Cloth x8762 (8762 crafts)
- Craft Pilgrim's Gauntlets II (Common) x4381 (final)",Blacksmithing -> Iron Wire x175240; Tailoring -> Coarse Linen Cloth x8762; Tailoring -> Linen String x87620
skill_armor_smithing,22,23,,2,recipe_wearable_metal_feet_ironside_ds_t2_common,Ironside's Sabatons of Quiet Guard II (Common),,10221,9.0,91989.0,101835.23,Rough Animal Hide-1030; Copper Ore-8180; Impure Iron Ore-413960; Tin Ore-8180; Sapwood-1696800,"Ironside's Sabatons of Quiet Guard II (Common) x10221 (final)
      - Gather Impure Iron Ore x408840
        - Gather Sapwood x1635400
      - External craft (skill_building) via Basic Charcoal Kiln Charcoal x32708 -> Charcoal x817680 (32708 crafts)
    - External craft (skill_blacksmithing) via Basic Furnace Iron Ingot x10221 -> Iron Ingot x204420 (10221 crafts)
  - External craft (skill_blacksmithing) via Basic Forge Iron Sheet x102210 -> Iron Sheet x102210 (102210 crafts)
        - Gather Rough Animal Hide x1030
      - External craft (skill_leatherworking) via Simple Tanning Rack Rawhide x103 -> Rawhide x1023 (103 crafts)
    - External craft (skill_leatherworking) via Simple Leatherworking Table Nubuck Leather x1023 -> Nubuck Leather x1023 (1023 crafts)
  - External craft (skill_leatherworking) via Simple Leatherworking Table Coarse Leather Band x1023 -> Coarse Leather Band x20442 (1023 crafts)
        - Gather Tin Ore x8180
        - Gather Copper Ore x8180
        - Gather Sapwood x40900
      - External craft (skill_blacksmithing) via Basic Furnace Bronze Ingot x409 -> Bronze Ingot x8180 (409 crafts)
    - External craft (skill_blacksmithing) via Basic Forge Bronze Sheet x4090 -> Bronze Sheet x4090 (4090 crafts)
  - External craft (skill_blacksmithing) via Basic Forge Bronze Buckle x818 -> Bronze Buckle x20442 (818 crafts)
        - Gather Impure Iron Ore x5120
          - Gather Sapwood x20500
        - External craft (skill_building) via Basic Charcoal Kiln Charcoal x410 -> Charcoal x10240 (410 crafts)
      - External craft (skill_blacksmithing) via Basic Furnace Iron Ingot x128 -> Iron Ingot x2560 (128 crafts)
    - External craft (skill_blacksmithing) via Basic Forge Iron Bar x512 -> Iron Bar x1023 (512 crafts)
  - External craft (skill_blacksmithing) via Basic Forge Iron Studs x1023 -> Iron Studs x204420 (1023 crafts)
- Craft Ironside's Sabatons of Quiet Guard II (Common) x10221 (final)",Blacksmithing -> Bronze Buckle x20450; Blacksmithing -> Bronze Sheet x4090; Blacksmithing -> Iron Bar x1024; Blacksmithing -> Iron Sheet x102210; Blacksmithing -> Iron Studs x204600; Leatherworking -> Coarse Leather Band x20460; Leatherworking -> Nubuck Leather x1023
skill_armor_smithing,22,23,,3,recipe_wearable_metal_arms_pilgrim_0_t2_common,Pilgrim's Vambraces II (Common),,5411,17.0,91987.0,45795.10,Rough Animal Hide-550; Copper Ore-4340; Impure Iron Ore-110960; Tin Ore-4340; Sapwood-465600,"Pilgrim's Vambraces II (Common) x5411 (final)
      - Gather Impure Iron Ore x108240
        - Gather Sapwood x433000
      - External craft (skill_building) via Basic Charcoal Kiln Charcoal x8660 -> Charcoal x216480 (8660 crafts)
    - External craft (skill_blacksmithing) via Basic Furnace Iron Ingot x2706 -> Iron Ingot x54110 (2706 crafts)
  - External craft (skill_blacksmithing) via Basic Forge Iron Sheet x27055 -> Iron Sheet x27055 (27055 crafts)
        - Gather Rough Animal Hide x550
      - External craft (skill_leatherworking) via Simple Tanning Rack Rawhide x55 -> Rawhide x542 (55 crafts)
    - External craft (skill_leatherworking) via Simple Leatherworking Table Nubuck Leather x542 -> Nubuck Leather x542 (542 crafts)
  - External craft (skill_leatherworking) via Simple Leatherworking Table Coarse Leather Band x542 -> Coarse Leather Band x10822 (542 crafts)
        - Gather Tin Ore x4340
        - Gather Copper Ore x4340
        - Gather Sapwood x21700
      - External craft (skill_blacksmithing) via Basic Furnace Bronze Ingot x217 -> Bronze Ingot x4330 (217 crafts)
    - External craft (skill_blacksmithing) via Basic Forge Bronze Sheet x2165 -> Bronze Sheet x2165 (2165 crafts)
  - External craft (skill_blacksmithing) via Basic Forge Bronze Buckle x433 -> Bronze Buckle x10822 (433 crafts)
        - Gather Impure Iron Ore x2720
          - Gather Sapwood x10900
        - External craft (skill_building) via Basic Charcoal Kiln Charcoal x218 -> Charcoal x5440 (218 crafts)
      - External craft (skill_blacksmithing) via Basic Furnace Iron Ingot x68 -> Iron Ingot x1355 (68 crafts)
    - External craft (skill_blacksmithing) via Basic Forge Iron Bar x271 -> Iron Bar x542 (271 crafts)
  - External craft (skill_blacksmithing) via Basic Forge Iron Studs x542 -> Iron Studs x108220 (542 crafts)
- Craft Pilgrim's Vambraces II (Common) x5411 (final)",Blacksmithing -> Bronze Buckle x10825; Blacksmithing -> Bronze Sheet x2165; Blacksmithing -> Iron Bar x542; Blacksmithing -> Iron Sheet x27055; Blacksmithing -> Iron Studs x108400; Leatherworking -> Coarse Leather Band x10840; Leatherworking -> Nubuck Leather x542
skill_jewelerycrafting,22,23,,1,recipe_wearable_hat_jewellery_rp_diadem_01_gold,Solar Oak Tiara,,258,356.0,91848.0,1858.46,Bone Fragments-52; Aurum Ore-6200; Sapwood-24800,"Solar Oak Tiara x258 (final)
    - Gather Aurum Ore x6200
      - Gather Sapwood x24800
    - External craft (skill_building) via Basic Charcoal Kiln Charcoal x496 -> Charcoal x12400 (496 crafts)
  - External craft (skill_blacksmithing) via Furnace Aurum Ingot x620 -> Aurum Ingot x3096 (620 crafts)
    - Gather Bone Fragments x52
  - External craft (skill_tailoring) via Simple Tailoring Table Sewing Needles x26 -> Sewing Needles x258 (26 crafts)
- Craft Solar Oak Tiara x258 (final)",Tailoring -> Sewing Needles x260
skill_jewelerycrafting,22,23,,2,recipe_wearable_hat_jewellery_rp_hat_18_gold,Golden Braid Circlet,,258,356.0,91848.0,1858.46,Bone Fragments-52; Aurum Ore-6200; Sapwood-24800,"Golden Braid Circlet x258 (final)
    - Gather Aurum Ore x6200
      - Gather Sapwood x24800
    - External craft (skill_building) via Basic Charcoal Kiln Charcoal x496 -> Charcoal x12400 (496 crafts)
  - External craft (skill_blacksmithing) via Furnace Aurum Ingot x620 -> Aurum Ingot x3096 (620 crafts)
    - Gather Bone Fragments x52
  - External craft (skill_tailoring) via Simple Tailoring Table Sewing Needles x26 -> Sewing Needles x258 (26 crafts)
- Craft Golden Braid Circlet x258 (final)",Tailoring -> Sewing Needles x260
skill_jewelerycrafting,22,23,,3,recipe_wearable_jewellery_bracelet_common_7,Shiny Silver Bracelet (Common),,4370,21.0,91770.0,1748.00,Impure Iron Ore-13160; Sapwood-70200,"Shiny Silver Bracelet (Common) x4370 (final)
      - Gather Impure Iron Ore x13160
        - Gather Sapwood x52650
      - External craft (skill_building) via Basic Charcoal Kiln Charcoal x1053 -> Charcoal x26320 (1053 crafts)
    - External craft (skill_blacksmithing) via Basic Furnace Iron Ingot x329 -> Iron Ingot x6570 (329 crafts)
      - Gather Sapwood x17550
    - External craft (skill_building) via Basic Charcoal Kiln Charcoal x351 -> Charcoal x8760 (351 crafts)
  - External craft (skill_blacksmithing) via Basic Furnace Wrought Iron Ingot x219 -> Wrought Iron Ingot x4370 (219 crafts)
- Craft Shiny Silver Bracelet (Common) x4370 (final)",
skill_alchemy,24,25,,1,recipe_activatable_potion_potion_of_vitality_very_small_27,Weak Tonic of Vitality III,,11699,11.0,128689.0,43842.00,Amanita Regalis-11700; Water-105292; Sand-701960; Sapwood-711400,"Weak Tonic of Vitality III x11699 (final)
    - Gather Amanita Regalis x11700
      - Gather Sapwood x9400
    - External craft (skill_building) via Basic Charcoal Kiln Charcoal x188 -> Charcoal x4680 (188 crafts)
    - Gather Water x11700
  - Craft via Basic Reagent Distiller Amanita Regalis Extract x2340 -> Amanita Regalis Extract x23398 (2340 crafts)
  - Gather Water x93592
      - Gather Sand x701960
        - Gather Sapwood x702000
      - External craft (skill_building) via Basic Charcoal Kiln Charcoal x14040 -> Charcoal x350980 (14040 crafts)
    - External craft (skill_building) via Basic Furnace Rough Glass x17549 -> Rough Glass x175485 (17549 crafts)
  - External craft (skill_blacksmithing) via Basic Forge Small Vial x11699 -> Small Vial x58495 (11699 crafts)
- Craft Weak Tonic of Vitality III x11699 (final)",Blacksmithing -> Small Vial x58495
skill_alchemy,24,25,,2,recipe_activatable_potion_potion_of_spirit_very_small_26,Small Potion of Spirit III,,11699,11.0,128689.0,45474.99,Water-105292; Datura's Leaves-11700; Sand-701960; Sapwood-711400,"Small Potion of Spirit III x11699 (final)
    - Gather Datura's Leaves x11700
      - Gather Sapwood x9400
    - External craft (skill_building) via Basic Charcoal Kiln Charcoal x188 -> Charcoal x4680 (188 crafts)
    - Gather Water x11700
  - Craft via Basic Reagent Distiller Datura Leaf Extract x2340 -> Datura Leaf Extract x23398 (2340 crafts)
  - Gather Water x93592
      - Gather Sand x701960
        - Gather Sapwood x702000
      - External craft (skill_building) via Basic Charcoal Kiln Charcoal x14040 -> Charcoal x350980 (14040 crafts)
    - External craft (skill_building) via Basic Furnace Rough Glass x17549 -> Rough Glass x175485 (17549 crafts)
  - External craft (skill_blacksmithing) via Basic Forge Small Vial x11699 -> Small Vial x58495 (11699 crafts)
- Craft Small Potion of Spirit III x11699 (final)",Blacksmithing -> Small Vial x58495
skill_alchemy,24,25,,3,recipe_activatable_potion_potion_of_protection_very_small_32,Aegis Potion V,,6773,19.0,128687.0,26327.22,Water-60959; Castor Plant-6775; Sand-406400; Sapwood-411850,"Aegis Potion V x6773 (final)
    - Gather Castor Plant x6775
      - Gather Sapwood x5450
    - External craft (skill_building) via Basic Charcoal Kiln Charcoal x109 -> Charcoal x2710 (109 crafts)
    - Gather Water x6775
  - Craft via Basic Reagent Distiller Castor Extract x1355 -> Castor Extract x13546 (1355 crafts)
  - Gather Water x54184
      - Gather Sand x406400
        - Gather Sapwood x406400
      - External craft (skill_building) via Basic Charcoal Kiln Charcoal x8128 -> Charcoal x203200 (8128 crafts)
    - External craft (skill_building) via Basic Furnace Rough Glass x10160 -> Rough Glass x101595 (10160 crafts)
  - External craft (skill_blacksmithing) via Basic Forge Small Vial x6773 -> Small Vial x33865 (6773 crafts)
- Craft Aegis Potion V x6773 (final)",Blacksmithing -> Small Vial x33865
skill_winery_and_brewing,24,25,,1,recipe_activatable_drink_ale_maxhp_42,Duskfire Ale,,353,365.0,128845.0,2338.04,Water-7095; Barley Grain-5320; Rye Grain-3560; Rosemary-3530,"Duskfire Ale x353 (final)
      - Gather Barley Grain x5320
    - Craft via Basic Fermenter Malt x266 -> Malt x5310 (266 crafts)
      - Gather Water x1780
        - Gather Rye Grain x1780
      - External craft (skill_baking) via Millstone Rye Flour x89 -> Rye Flour x1780 (89 crafts)
    - External craft (skill_baking) via Basic Fermenter Yeast x89 -> Yeast x1770 (89 crafts)
    - Gather Water x1770
  - Craft via Basic Fermenter Cloudy Ale Base x177 -> Cloudy Ale Base x1765 (177 crafts)
    - Gather Water x1780
      - Gather Rye Grain x1780
    - External craft (skill_baking) via Millstone Rye Flour x89 -> Rye Flour x1780 (89 crafts)
  - External craft (skill_baking) via Basic Fermenter Yeast x89 -> Yeast x1765 (89 crafts)
  - Gather Water x1765
  - Gather Rosemary x3530
- Craft Duskfire Ale x353 (final)",
skill_winery_and_brewing,24,25,,2,recipe_activatable_drink_cider_maxstamina_14,Summer heat,,401,321.0,128721.0,2035.41,Raspberry-805; Red Apple-2807; Water-2810,"Summer heat x401 (final)
  - Gather Red Apple x2807
  - Gather Water x2005
  - External craft (skill_cooking) via Basic Beehive Honey x401 -> Honey x2005 (401 crafts)
    - Gather Water x805
    - Gather Raspberry x805
  - External craft (skill_cooking) via Basic Cooking Workbench Raspberry Syrup x161 -> Raspberry Syrup x802 (161 crafts)
- Craft Summer heat x401 (final)",Cooking -> Raspberry Syrup x805
skill_winery_and_brewing,24,25,,3,recipe_activatable_drink_beer_damagebuff_26,Small Beer,,385,334.0,128590.0,505.31,Water-790; Barley Grain-400; Rye Grain-400; Hops-390,"Small Beer x385 (final)
      - Gather Barley Grain x400
    - Craft via Basic Fermenter Malt x20 -> Malt x390 (20 crafts)
    - Gather Hops x390
    - Gather Water x390
      - Gather Water x400
        - Gather Rye Grain x400
      - External craft (skill_baking) via Millstone Rye Flour x20 -> Rye Flour x400 (20 crafts)
    - External craft (skill_baking) via Basic Fermenter Yeast x20 -> Yeast x390 (20 crafts)
  - Craft via Fermenter Weak Beer Base x39 -> Weak Beer Base x385 (39 crafts)
- Craft Small Beer x385 (final)",
skill_fletching,24,25,,1,recipe_projectile_steel_head_arrow,Steelhead Arrow,,441,292.0,128772.0,3636.41,Pure Iron Ore-7360; Sapwood-149405,"Steelhead Arrow x441 (final)
    - Gather Sapwood x2205
  - External craft (skill_building) via Wood Chopping Block Long Wood Stock x441 -> Long Wood Stock x2205 (441 crafts)
      - Gather Pure Iron Ore x7360
        - Gather Sapwood x147200
      - External craft (skill_building) via Basic Charcoal Kiln Charcoal x2944 -> Charcoal x73600 (2944 crafts)
    - External craft (skill_blacksmithing) via Furnace Steel Ingot x368 -> Steel Ingot x3675 (368 crafts)
  - External craft (skill_blacksmithing) via Forge Steel Arrowhead x735 -> Steel Arrowhead x2205 (~735 attempts @ 12.0%)
- Craft Steelhead Arrow x441 (final)",Blacksmithing -> Steel Arrowhead x18375; Carpentry -> Long Wood Stock x2205
skill_fletching,24,25,,2,recipe_projectile_silver_head_arrow,Silver Tipped Arrow,,373,345.0,128685.0,2858.11,Silver Ore-375; Sapwood-9365,"Silver Tipped Arrow x373 (final)
    - Gather Sapwood x1865
  - External craft (skill_building) via Wood Chopping Block Long Wood Stock x373 -> Long Wood Stock x1865 (373 crafts)
      - Gather Silver Ore x375
        - Gather Sapwood x7500
      - External craft (skill_building) via Basic Charcoal Kiln Charcoal x150 -> Charcoal x3750 (150 crafts)
    - External craft (skill_blacksmithing) via Furnace Silver Ingot x75 -> Silver Ingot x375 (75 crafts)
  - External craft (skill_blacksmithing) via Forge Silver Arrowhead x75 -> Silver Arrowhead x1865 (75 crafts)
- Craft Silver Tipped Arrow x373 (final)",Blacksmithing -> Silver Arrowhead x1875; Carpentry -> Long Wood Stock x1865
skill_fletching,24,25,,3,recipe_item_bow_stave,Bow Stave,,4145,31.0,128495.0,22095.61,Heartwood-8290; Resin-29015,"Bow Stave x4145 (final)
    - Gather Heartwood x8290
  - External craft (skill_building) via Wood Chopping Block Long Fine Wood Stock x1658 -> Long Fine Wood Stock x8290 (1658 crafts)
  - Gather Resin x29015
  - External craft (skill_cooking) via Basic Beehive Beeswax x16580 -> Beeswax x82900 (16580 crafts)
- Craft Bow Stave x4145 (final)",Carpentry -> Long Fine Wood Stock x8290
skill_armor_smithing,23,24,,1,recipe_wearable_metal_head_warrior_qr_t2_common,Warrior's Helm of Second Breath II (Common),,10919,10.0,109190.0,113448.41,Rough Animal Hide-2190; Copper Ore-8740; Impure Iron Ore-442240; Tin Ore-8740; Sapwood-1812700,"Warrior's Helm of Second Breath II (Common) x10919 (final)
      - Gather Impure Iron Ore x436760
        - Gather Sapwood x1747050
      - External craft (skill_building) via Basic Charcoal Kiln Charcoal x34941 -> Charcoal x873520 (34941 crafts)
    - External craft (skill_blacksmithing) via Basic Furnace Iron Ingot x10919 -> Iron Ingot x218380 (10919 crafts)
  - External craft (skill_blacksmithing) via Basic Forge Iron Sheet x109190 -> Iron Sheet x109190 (109190 crafts)
        - Gather Rough Animal Hide x2190
      - External craft (skill_leatherworking) via Simple Tanning Rack Rawhide x219 -> Rawhide x2184 (219 crafts)
    - External craft (skill_leatherworking) via Simple Leatherworking Table Nubuck Leather x2184 -> Nubuck Leather x2184 (2184 crafts)
  - External craft (skill_leatherworking) via Simple Leatherworking Table Coarse Leather Band x2184 -> Coarse Leather Band x43676 (2184 crafts)
        - Gather Tin Ore x8740
        - Gather Copper Ore x8740
        - Gather Sapwood x43700
      - External craft (skill_blacksmithing) via Basic Furnace Bronze Ingot x437 -> Bronze Ingot x8740 (437 crafts)
    - External craft (skill_blacksmithing) via Basic Forge Bronze Sheet x4370 -> Bronze Sheet x4370 (4370 crafts)
  - External craft (skill_blacksmithing) via Basic Forge Bronze Buckle x874 -> Bronze Buckle x21838 (874 crafts)
        - Gather Impure Iron Ore x5480
          - Gather Sapwood x21950
        - External craft (skill_building) via Basic Charcoal Kiln Charcoal x439 -> Charcoal x10960 (439 crafts)
      - External craft (skill_blacksmithing) via Basic Furnace Iron Ingot x137 -> Iron Ingot x2730 (137 crafts)
    - External craft (skill_blacksmithing) via Basic Forge Iron Bar x546 -> Iron Bar x1092 (546 crafts)
  - External craft (skill_blacksmithing) via Basic Forge Iron Studs x1092 -> Iron Studs x218380 (1092 crafts)
- Craft Warrior's Helm of Second Breath II (Common) x10919 (final)",Blacksmithing -> Bronze Buckle x21850; Blacksmithing -> Bronze Sheet x4370; Blacksmithing -> Iron Bar x1092; Blacksmithing -> Iron Sheet x109190; Blacksmithing -> Iron Studs x218400; Leatherworking -> Coarse Leather Band x43680; Leatherworking -> Nubuck Leather x2184
skill_armor_smithing,23,24,,2,recipe_wearable_metal_head_ironside_f_t2_common,Ironside's Helm of Warcry II (Common),,10919,10.0,109190.0,113448.41,Rough Animal Hide-2190; Copper Ore-8740; Impure Iron Ore-442240; Tin Ore-8740; Sapwood-1812700,"Ironside's Helm of Warcry II (Common) x10919 (final)
      - Gather Impure Iron Ore x436760
        - Gather Sapwood x1747050
      - External craft (skill_building) via Basic Charcoal Kiln Charcoal x34941 -> Charcoal x873520 (34941 crafts)
    - External craft (skill_blacksmithing) via Basic Furnace Iron Ingot x10919 -> Iron Ingot x218380 (10919 crafts)
  - External craft (skill_blacksmithing) via Basic Forge Iron Sheet x109190 -> Iron Sheet x109190 (109190 crafts)
        - Gather Rough Animal Hide x2190
      - External craft (skill_leatherworking) via Simple Tanning Rack Rawhide x219 -> Rawhide x2184 (219 crafts)
    - External craft (skill_leatherworking) via Simple Leatherworking Table Nubuck Leather x2184 -> Nubuck Leather x2184 (2184 crafts)
  - External craft (skill_leatherworking) via Simple Leatherworking Table Coarse Leather Band x2184 -> Coarse Leather Band x43676 (2184 crafts)
        - Gather Tin Ore x8740
        - Gather Copper Ore x8740
        - Gather Sapwood x43700
      - External craft (skill_blacksmithing) via Basic Furnace Bronze Ingot x437 -> Bronze Ingot x8740 (437 crafts)
    - External craft (skill_blacksmithing) via Basic Forge Bronze Sheet x4370 -> Bronze Sheet x4370 (4370 crafts)
  - External craft (skill_blacksmithing) via Basic Forge Bronze Buckle x874 -> Bronze Buckle x21838 (874 crafts)
        - Gather Impure Iron Ore x5480
          - Gather Sapwood x21950
        - External craft (skill_building) via Basic Charcoal Kiln Charcoal x439 -> Charcoal x10960 (439 crafts)
      - External craft (skill_blacksmithing) via Basic Furnace Iron Ingot x137 -> Iron Ingot x2730 (137 crafts)
    - External craft (skill_blacksmithing) via Basic Forge Iron Bar x546 -> Iron Bar x1092 (546 crafts)
  - External craft (skill_blacksmithing) via Basic Forge Iron Studs x1092 -> Iron Studs x218380 (1092 crafts)
- Craft Ironside's Helm of Warcry II (Common) x10919 (final)",Blacksmithing -> Bronze Buckle x21850; Blacksmithing -> Bronze Sheet x4370; Blacksmithing -> Iron Bar x1092; Blacksmithing -> Iron Sheet x109190; Blacksmithing -> Iron Studs x218400; Leatherworking -> Coarse Leather Band x43680; Leatherworking -> Nubuck Leather x2184
skill_armor_smithing,23,24,,3,recipe_wearable_metal_arms_pilgrim_0_t2_common,Pilgrim's Vambraces II (Common),,7799,14.0,109186.0,66005.54,Rough Animal Hide-780; Copper Ore-6240; Impure Iron Ore-159920; Tin Ore-6240; Sapwood-670900,"Pilgrim's Vambraces II (Common) x7799 (final)
      - Gather Impure Iron Ore x156000
        - Gather Sapwood x624000
      - External craft (skill_building) via Basic Charcoal Kiln Charcoal x12480 -> Charcoal x312000 (12480 crafts)
    - External craft (skill_blacksmithing) via Basic Furnace Iron Ingot x3900 -> Iron Ingot x77990 (3900 crafts)
  - External craft (skill_blacksmithing) via Basic Forge Iron Sheet x38995 -> Iron Sheet x38995 (38995 crafts)
        - Gather Rough Animal Hide x780
      - External craft (skill_leatherworking) via Simple Tanning Rack Rawhide x78 -> Rawhide x780 (78 crafts)
    - External craft (skill_leatherworking) via Simple Leatherworking Table Nubuck Leather x780 -> Nubuck Leather x780 (780 crafts)
  - External craft (skill_leatherworking) via Simple Leatherworking Table Coarse Leather Band x780 -> Coarse Leather Band x15598 (780 crafts)
        - Gather Tin Ore x6240
        - Gather Copper Ore x6240
        - Gather Sapwood x31200
      - External craft (skill_blacksmithing) via Basic Furnace Bronze Ingot x312 -> Bronze Ingot x6240 (312 crafts)
    - External craft (skill_blacksmithing) via Basic Forge Bronze Sheet x3120 -> Bronze Sheet x3120 (3120 crafts)
  - External craft (skill_blacksmithing) via Basic Forge Bronze Buckle x624 -> Bronze Buckle x15598 (624 crafts)
        - Gather Impure Iron Ore x3920
          - Gather Sapwood x15700
        - External craft (skill_building) via Basic Charcoal Kiln Charcoal x314 -> Charcoal x7840 (314 crafts)
      - External craft (skill_blacksmithing) via Basic Furnace Iron Ingot x98 -> Iron Ingot x1950 (98 crafts)
    - External craft (skill_blacksmithing) via Basic Forge Iron Bar x390 -> Iron Bar x780 (390 crafts)
  - External craft (skill_blacksmithing) via Basic Forge Iron Studs x780 -> Iron Studs x155980 (780 crafts)
- Craft Pilgrim's Vambraces II (Common) x7799 (final)",Blacksmithing -> Bronze Buckle x15600; Blacksmithing -> Bronze Sheet x3120; Blacksmithing -> Iron Bar x780; Blacksmithing -> Iron Sheet x38995; Blacksmithing -> Iron Studs x156000; Leatherworking -> Coarse Leather Band x15600; Leatherworking -> Nubuck Leather x780
skill_jewelerycrafting,23,24,,1,recipe_wearable_hat_jewellery_rp_diadem_01_gold,Solar Oak Tiara,,311,351.0,109161.0,2240.24,Bone Fragments-64; Aurum Ore-7470; Sapwood-29900,"Solar Oak Tiara x311 (final)
    - Gather Aurum Ore x7470
      - Gather Sapwood x29900
    - External craft (skill_building) via Basic Charcoal Kiln Charcoal x598 -> Charcoal x14940 (598 crafts)
  - External craft (skill_blacksmithing) via Furnace Aurum Ingot x747 -> Aurum Ingot x3732 (747 crafts)
    - Gather Bone Fragments x64
  - External craft (skill_tailoring) via Simple Tailoring Table Sewing Needles x32 -> Sewing Needles x311 (32 crafts)
- Craft Solar Oak Tiara x311 (final)",Tailoring -> Sewing Needles x320
skill_jewelerycrafting,23,24,,2,recipe_wearable_hat_jewellery_rp_hat_18_gold,Golden Braid Circlet,,311,351.0,109161.0,2240.24,Bone Fragments-64; Aurum Ore-7470; Sapwood-29900,"Golden Braid Circlet x311 (final)
    - Gather Aurum Ore x7470
      - Gather Sapwood x29900
    - External craft (skill_building) via Basic Charcoal Kiln Charcoal x598 -> Charcoal x14940 (598 crafts)
  - External craft (skill_blacksmithing) via Furnace Aurum Ingot x747 -> Aurum Ingot x3732 (747 crafts)
    - Gather Bone Fragments x64
  - External craft (skill_tailoring) via Simple Tailoring Table Sewing Needles x32 -> Sewing Needles x311 (32 crafts)
- Craft Golden Braid Circlet x311 (final)",Tailoring -> Sewing Needles x320
skill_jewelerycrafting,23,24,,3,recipe_wearable_jewellery_bracelet_common_7,Shiny Silver Bracelet (Common),,6063,18.0,109134.0,2425.20,Impure Iron Ore-18240; Sapwood-97350,"Shiny Silver Bracelet (Common) x6063 (final)
      - Gather Impure Iron Ore x18240
        - Gather Sapwood x73000
      - External craft (skill_building) via Basic Charcoal Kiln Charcoal x1460 -> Charcoal x36480 (1460 crafts)
    - External craft (skill_blacksmithing) via Basic Furnace Iron Ingot x456 -> Iron Ingot x9120 (456 crafts)
      - Gather Sapwood x24350
    - External craft (skill_building) via Basic Charcoal Kiln Charcoal x487 -> Charcoal x12160 (487 crafts)
  - External craft (skill_blacksmithing) via Basic Furnace Wrought Iron Ingot x304 -> Wrought Iron Ingot x6063 (304 crafts)
- Craft Shiny Silver Bracelet (Common) x6063 (final)",
skill_armor_smithing,24,25,,1,recipe_wearable_metal_arms_pilgrim_0_t2_common,Pilgrim's Vambraces II (Common),,11700,11.0,128700.0,99021.00,Rough Animal Hide-1170; Copper Ore-9360; Impure Iron Ore-239880; Tin Ore-9360; Sapwood-1006350,"Pilgrim's Vambraces II (Common) x11700 (final)
      - Gather Impure Iron Ore x234000
        - Gather Sapwood x936000
      - External craft (skill_building) via Basic Charcoal Kiln Charcoal x18720 -> Charcoal x468000 (18720 crafts)
    - External craft (skill_blacksmithing) via Basic Furnace Iron Ingot x5850 -> Iron Ingot x117000 (5850 crafts)
  - External craft (skill_blacksmithing) via Basic Forge Iron Sheet x58500 -> Iron Sheet x58500 (58500 crafts)
        - Gather Rough Animal Hide x1170
      - External craft (skill_leatherworking) via Simple Tanning Rack Rawhide x117 -> Rawhide x1170 (117 crafts)
    - External craft (skill_leatherworking) via Simple Leatherworking Table Nubuck Leather x1170 -> Nubuck Leather x1170 (1170 crafts)
  - External craft (skill_leatherworking) via Simple Leatherworking Table Coarse Leather Band x1170 -> Coarse Leather Band x23400 (1170 crafts)
        - Gather Tin Ore x9360
        - Gather Copper Ore x9360
        - Gather Sapwood x46800
      - External craft (skill_blacksmithing) via Basic Furnace Bronze Ingot x468 -> Bronze Ingot x9360 (468 crafts)
    - External craft (skill_blacksmithing) via Basic Forge Bronze Sheet x4680 -> Bronze Sheet x4680 (4680 crafts)
  - External craft (skill_blacksmithing) via Basic Forge Bronze Buckle x936 -> Bronze Buckle x23400 (936 crafts)
        - Gather Impure Iron Ore x5880
          - Gather Sapwood x23550
        - External craft (skill_building) via Basic Charcoal Kiln Charcoal x471 -> Charcoal x11760 (471 crafts)
      - External craft (skill_blacksmithing) via Basic Furnace Iron Ingot x147 -> Iron Ingot x2925 (147 crafts)
    - External craft (skill_blacksmithing) via Basic Forge Iron Bar x585 -> Iron Bar x1170 (585 crafts)
  - External craft (skill_blacksmithing) via Basic Forge Iron Studs x1170 -> Iron Studs x234000 (1170 crafts)
- Craft Pilgrim's Vambraces II (Common) x11700 (final)",Blacksmithing -> Bronze Buckle x23400; Blacksmithing -> Bronze Sheet x4680; Blacksmithing -> Iron Bar x1170; Blacksmithing -> Iron Sheet x58500; Blacksmithing -> Iron Studs x234000; Leatherworking -> Coarse Leather Band x23400; Leatherworking -> Nubuck Leather x1170
skill_armor_smithing,24,25,,2,recipe_wearable_metal_hands_pilgrim_0_t2_common,Pilgrim's Gauntlets II (Common),,8580,15.0,128700.0,106620.80,Impure Iron Ore-343200; Flax Fiber-514800; Sapwood-1372800,"Pilgrim's Gauntlets II (Common) x8580 (final)
      - Gather Impure Iron Ore x343200
        - Gather Sapwood x1372800
      - External craft (skill_building) via Basic Charcoal Kiln Charcoal x27456 -> Charcoal x686400 (27456 crafts)
    - External craft (skill_blacksmithing) via Basic Furnace Iron Ingot x8580 -> Iron Ingot x171600 (8580 crafts)
  - External craft (skill_blacksmithing) via Basic Forge Iron Wire x85800 -> Iron Wire x343200 (85800 crafts)
      - Gather Flax Fiber x514800
    - External craft (skill_tailoring) via Spinning Wheel Linen String x17160 -> Linen String x171600 (17160 crafts)
  - External craft (skill_tailoring) via Simple Tailoring Table Coarse Linen Cloth x17160 -> Coarse Linen Cloth x17160 (17160 crafts)
- Craft Pilgrim's Gauntlets II (Common) x8580 (final)",Blacksmithing -> Iron Wire x343200; Tailoring -> Coarse Linen Cloth x17160; Tailoring -> Linen String x171600
skill_armor_smithing,24,25,,3,recipe_wearable_metal_head_warrior_qr_t2_common,Warrior's Helm of Second Breath II (Common),,18385,7.0,128695.0,191020.15,Rough Animal Hide-3680; Copper Ore-14720; Impure Iron Ore-744600; Tin Ore-14720; Sapwood-3052000,"Warrior's Helm of Second Breath II (Common) x18385 (final)
      - Gather Impure Iron Ore x735400
        - Gather Sapwood x2941600
      - External craft (skill_building) via Basic Charcoal Kiln Charcoal x58832 -> Charcoal x1470800 (58832 crafts)
    - External craft (skill_blacksmithing) via Basic Furnace Iron Ingot x18385 -> Iron Ingot x367700 (18385 crafts)
  - External craft (skill_blacksmithing) via Basic Forge Iron Sheet x183850 -> Iron Sheet x183850 (183850 crafts)
        - Gather Rough Animal Hide x3680
      - External craft (skill_leatherworking) via Simple Tanning Rack Rawhide x368 -> Rawhide x3677 (368 crafts)
    - External craft (skill_leatherworking) via Simple Leatherworking Table Nubuck Leather x3677 -> Nubuck Leather x3677 (3677 crafts)
  - External craft (skill_leatherworking) via Simple Leatherworking Table Coarse Leather Band x3677 -> Coarse Leather Band x73540 (3677 crafts)
        - Gather Tin Ore x14720
        - Gather Copper Ore x14720
        - Gather Sapwood x73600
      - External craft (skill_blacksmithing) via Basic Furnace Bronze Ingot x736 -> Bronze Ingot x14710 (736 crafts)
    - External craft (skill_blacksmithing) via Basic Forge Bronze Sheet x7355 -> Bronze Sheet x7355 (7355 crafts)
  - External craft (skill_blacksmithing) via Basic Forge Bronze Buckle x1471 -> Bronze Buckle x36770 (1471 crafts)
        - Gather Impure Iron Ore x9200
          - Gather Sapwood x36800
        - External craft (skill_building) via Basic Charcoal Kiln Charcoal x736 -> Charcoal x18400 (736 crafts)
      - External craft (skill_blacksmithing) via Basic Furnace Iron Ingot x230 -> Iron Ingot x4600 (230 crafts)
    - External craft (skill_blacksmithing) via Basic Forge Iron Bar x920 -> Iron Bar x1839 (920 crafts)
  - External craft (skill_blacksmithing) via Basic Forge Iron Studs x1839 -> Iron Studs x367700 (1839 crafts)
- Craft Warrior's Helm of Second Breath II (Common) x18385 (final)",Blacksmithing -> Bronze Buckle x36775; Blacksmithing -> Bronze Sheet x7355; Blacksmithing -> Iron Bar x1840; Blacksmithing -> Iron Sheet x183850; Blacksmithing -> Iron Studs x367800; Leatherworking -> Coarse Leather Band x73540; Leatherworking -> Nubuck Leather x3677
skill_jewelerycrafting,24,25,,1,recipe_wearable_hat_jewellery_rp_diadem_01_gold,Solar Oak Tiara,,382,337.0,128734.0,2751.67,Bone Fragments-78; Aurum Ore-9170; Sapwood-36700,"Solar Oak Tiara x382 (final)
    - Gather Aurum Ore x9170
      - Gather Sapwood x36700
    - External craft (skill_building) via Basic Charcoal Kiln Charcoal x734 -> Charcoal x18340 (734 crafts)
  - External craft (skill_blacksmithing) via Furnace Aurum Ingot x917 -> Aurum Ingot x4584 (917 crafts)
    - Gather Bone Fragments x78
  - External craft (skill_tailoring) via Simple Tailoring Table Sewing Needles x39 -> Sewing Needles x382 (39 crafts)
- Craft Solar Oak Tiara x382 (final)",Tailoring -> Sewing Needles x390
skill_jewelerycrafting,24,25,,2,recipe_wearable_hat_jewellery_rp_hat_18_gold,Golden Braid Circlet,,382,337.0,128734.0,2751.67,Bone Fragments-78; Aurum Ore-9170; Sapwood-36700,"Golden Braid Circlet x382 (final)
    - Gather Aurum Ore x9170
      - Gather Sapwood x36700
    - External craft (skill_building) via Basic Charcoal Kiln Charcoal x734 -> Charcoal x18340 (734 crafts)
  - External craft (skill_blacksmithing) via Furnace Aurum Ingot x917 -> Aurum Ingot x4584 (917 crafts)
    - Gather Bone Fragments x78
  - External craft (skill_tailoring) via Simple Tailoring Table Sewing Needles x39 -> Sewing Needles x382 (39 crafts)
- Craft Golden Braid Circlet x382 (final)",Tailoring -> Sewing Needles x390
skill_jewelerycrafting,24,25,,3,recipe_wearable_jewellery_bracelet_common_7,Shiny Silver Bracelet (Common),,8578,15.0,128670.0,3431.20,Impure Iron Ore-25760; Sapwood-137400,"Shiny Silver Bracelet (Common) x8578 (final)
      - Gather Impure Iron Ore x25760
        - Gather Sapwood x103050
      - External craft (skill_building) via Basic Charcoal Kiln Charcoal x2061 -> Charcoal x51520 (2061 crafts)
    - External craft (skill_blacksmithing) via Basic Furnace Iron Ingot x644 -> Iron Ingot x12870 (644 crafts)
      - Gather Sapwood x34350
    - External craft (skill_building) via Basic Charcoal Kiln Charcoal x687 -> Charcoal x17160 (687 crafts)
  - External craft (skill_blacksmithing) via Basic Furnace Wrought Iron Ingot x429 -> Wrought Iron Ingot x8578 (429 crafts)
- Craft Shiny Silver Bracelet (Common) x8578 (final)",
